[INFO] Scanning for projects...
[INFO] 
[INFO] -------------------------< com.mahdi:blogApp >--------------------------
[INFO] Building blogApp 0.0.1-SNAPSHOT
[INFO]   from pom.xml
[INFO] --------------------------------[ jar ]---------------------------------
[INFO] 
[INFO] >>> spring-boot:3.5.6:run (default-cli) > test-compile @ blogApp >>>
[INFO] Artifact io.jsonwebtoken:jjwt-api:pom:0.12.3 is present in the local repository, but cached from a remote repository ID that is unavailable in current build context, verifying that is downloadable from [central (https://repo.maven.apache.org/maven2, default, releases)]
[INFO] Artifact io.jsonwebtoken:jjwt-api:pom:0.12.3 is present in the local repository, but cached from a remote repository ID that is unavailable in current build context, verifying that is downloadable from [central (https://repo.maven.apache.org/maven2, default, releases)]
Downloading from central: https://repo.maven.apache.org/maven2/io/jsonwebtoken/jjwt-api/0.12.3/jjwt-api-0.12.3.pom
Downloaded from central: https://repo.maven.apache.org/maven2/io/jsonwebtoken/jjwt-api/0.12.3/jjwt-api-0.12.3.pom (0 B at 0 B/s)
[INFO] Artifact io.jsonwebtoken:jjwt-root:pom:0.12.3 is present in the local repository, but cached from a remote repository ID that is unavailable in current build context, verifying that is downloadable from [central (https://repo.maven.apache.org/maven2, default, releases)]
[INFO] Artifact io.jsonwebtoken:jjwt-root:pom:0.12.3 is present in the local repository, but cached from a remote repository ID that is unavailable in current build context, verifying that is downloadable from [central (https://repo.maven.apache.org/maven2, default, releases)]
Downloading from central: https://repo.maven.apache.org/maven2/io/jsonwebtoken/jjwt-root/0.12.3/jjwt-root-0.12.3.pom
Downloaded from central: https://repo.maven.apache.org/maven2/io/jsonwebtoken/jjwt-root/0.12.3/jjwt-root-0.12.3.pom (0 B at 0 B/s)
[INFO] Artifact io.jsonwebtoken:jjwt-impl:pom:0.12.3 is present in the local repository, but cached from a remote repository ID that is unavailable in current build context, verifying that is downloadable from [central (https://repo.maven.apache.org/maven2, default, releases)]
[INFO] Artifact io.jsonwebtoken:jjwt-impl:pom:0.12.3 is present in the local repository, but cached from a remote repository ID that is unavailable in current build context, verifying that is downloadable from [central (https://repo.maven.apache.org/maven2, default, releases)]
Downloading from central: https://repo.maven.apache.org/maven2/io/jsonwebtoken/jjwt-impl/0.12.3/jjwt-impl-0.12.3.pom
Downloaded from central: https://repo.maven.apache.org/maven2/io/jsonwebtoken/jjwt-impl/0.12.3/jjwt-impl-0.12.3.pom (0 B at 0 B/s)
[INFO] Artifact io.jsonwebtoken:jjwt-jackson:pom:0.12.3 is present in the local repository, but cached from a remote repository ID that is unavailable in current build context, verifying that is downloadable from [central (https://repo.maven.apache.org/maven2, default, releases)]
[INFO] Artifact io.jsonwebtoken:jjwt-jackson:pom:0.12.3 is present in the local repository, but cached from a remote repository ID that is unavailable in current build context, verifying that is downloadable from [central (https://repo.maven.apache.org/maven2, default, releases)]
Downloading from central: https://repo.maven.apache.org/maven2/io/jsonwebtoken/jjwt-jackson/0.12.3/jjwt-jackson-0.12.3.pom
Downloaded from central: https://repo.maven.apache.org/maven2/io/jsonwebtoken/jjwt-jackson/0.12.3/jjwt-jackson-0.12.3.pom (0 B at 0 B/s)
[INFO] Artifact jakarta.validation:jakarta.validation-api:pom:3.0.2 is present in the local repository, but cached from a remote repository ID that is unavailable in current build context, verifying that is downloadable from [central (https://repo.maven.apache.org/maven2, default, releases)]
[INFO] Artifact jakarta.validation:jakarta.validation-api:pom:3.0.2 is present in the local repository, but cached from a remote repository ID that is unavailable in current build context, verifying that is downloadable from [central (https://repo.maven.apache.org/maven2, default, releases)]
Downloading from central: https://repo.maven.apache.org/maven2/jakarta/validation/jakarta.validation-api/3.0.2/jakarta.validation-api-3.0.2.pom
Downloaded from central: https://repo.maven.apache.org/maven2/jakarta/validation/jakarta.validation-api/3.0.2/jakarta.validation-api-3.0.2.pom (0 B at 0 B/s)
[INFO] Artifact org.hibernate.validator:hibernate-validator:pom:8.0.1.Final is present in the local repository, but cached from a remote repository ID that is unavailable in current build context, verifying that is downloadable from [central (https://repo.maven.apache.org/maven2, default, releases)]
[INFO] Artifact org.hibernate.validator:hibernate-validator:pom:8.0.1.Final is present in the local repository, but cached from a remote repository ID that is unavailable in current build context, verifying that is downloadable from [central (https://repo.maven.apache.org/maven2, default, releases)]
Downloading from central: https://repo.maven.apache.org/maven2/org/hibernate/validator/hibernate-validator/8.0.1.Final/hibernate-validator-8.0.1.Final.pom
Downloaded from central: https://repo.maven.apache.org/maven2/org/hibernate/validator/hibernate-validator/8.0.1.Final/hibernate-validator-8.0.1.Final.pom (0 B at 0 B/s)
[INFO] Artifact org.hibernate.validator:hibernate-validator-parent:pom:8.0.1.Final is present in the local repository, but cached from a remote repository ID that is unavailable in current build context, verifying that is downloadable from [central (https://repo.maven.apache.org/maven2, default, releases)]
[INFO] Artifact org.hibernate.validator:hibernate-validator-parent:pom:8.0.1.Final is present in the local repository, but cached from a remote repository ID that is unavailable in current build context, verifying that is downloadable from [central (https://repo.maven.apache.org/maven2, default, releases)]
Downloading from central: https://repo.maven.apache.org/maven2/org/hibernate/validator/hibernate-validator-parent/8.0.1.Final/hibernate-validator-parent-8.0.1.Final.pom
Downloaded from central: https://repo.maven.apache.org/maven2/org/hibernate/validator/hibernate-validator-parent/8.0.1.Final/hibernate-validator-parent-8.0.1.Final.pom (0 B at 0 B/s)
[INFO] Artifact org.jboss.arquillian:arquillian-bom:pom:1.7.0.Alpha10 is present in the local repository, but cached from a remote repository ID that is unavailable in current build context, verifying that is downloadable from [central (https://repo.maven.apache.org/maven2, default, releases)]
[INFO] Artifact org.jboss.arquillian:arquillian-bom:pom:1.7.0.Alpha10 is present in the local repository, but cached from a remote repository ID that is unavailable in current build context, verifying that is downloadable from [central (https://repo.maven.apache.org/maven2, default, releases)]
Downloading from central: https://repo.maven.apache.org/maven2/org/jboss/arquillian/arquillian-bom/1.7.0.Alpha10/arquillian-bom-1.7.0.Alpha10.pom
Downloaded from central: https://repo.maven.apache.org/maven2/org/jboss/arquillian/arquillian-bom/1.7.0.Alpha10/arquillian-bom-1.7.0.Alpha10.pom (0 B at 0 B/s)
[INFO] Artifact org.jboss.shrinkwrap:shrinkwrap-bom:pom:1.2.6 is present in the local repository, but cached from a remote repository ID that is unavailable in current build context, verifying that is downloadable from [central (https://repo.maven.apache.org/maven2, default, releases)]
[INFO] Artifact org.jboss.shrinkwrap:shrinkwrap-bom:pom:1.2.6 is present in the local repository, but cached from a remote repository ID that is unavailable in current build context, verifying that is downloadable from [central (https://repo.maven.apache.org/maven2, default, releases)]
Downloading from central: https://repo.maven.apache.org/maven2/org/jboss/shrinkwrap/shrinkwrap-bom/1.2.6/shrinkwrap-bom-1.2.6.pom
Downloaded from central: https://repo.maven.apache.org/maven2/org/jboss/shrinkwrap/shrinkwrap-bom/1.2.6/shrinkwrap-bom-1.2.6.pom (0 B at 0 B/s)
[INFO] Artifact org.jboss.shrinkwrap.resolver:shrinkwrap-resolver-bom:pom:3.1.4 is present in the local repository, but cached from a remote repository ID that is unavailable in current build context, verifying that is downloadable from [central (https://repo.maven.apache.org/maven2, default, releases)]
[INFO] Artifact org.jboss.shrinkwrap.resolver:shrinkwrap-resolver-bom:pom:3.1.4 is present in the local repository, but cached from a remote repository ID that is unavailable in current build context, verifying that is downloadable from [central (https://repo.maven.apache.org/maven2, default, releases)]
Downloading from central: https://repo.maven.apache.org/maven2/org/jboss/shrinkwrap/resolver/shrinkwrap-resolver-bom/3.1.4/shrinkwrap-resolver-bom-3.1.4.pom
Downloaded from central: https://repo.maven.apache.org/maven2/org/jboss/shrinkwrap/resolver/shrinkwrap-resolver-bom/3.1.4/shrinkwrap-resolver-bom-3.1.4.pom (0 B at 0 B/s)
[INFO] Artifact org.apache.maven:maven:pom:3.6.3 is present in the local repository, but cached from a remote repository ID that is unavailable in current build context, verifying that is downloadable from [central (https://repo.maven.apache.org/maven2, default, releases)]
[INFO] Artifact org.apache.maven:maven:pom:3.6.3 is present in the local repository, but cached from a remote repository ID that is unavailable in current build context, verifying that is downloadable from [central (https://repo.maven.apache.org/maven2, default, releases)]
Downloading from central: https://repo.maven.apache.org/maven2/org/apache/maven/maven/3.6.3/maven-3.6.3.pom
Downloaded from central: https://repo.maven.apache.org/maven2/org/apache/maven/maven/3.6.3/maven-3.6.3.pom (0 B at 0 B/s)
[INFO] Artifact org.jboss.shrinkwrap.descriptors:shrinkwrap-descriptors-bom:pom:2.0.0 is present in the local repository, but cached from a remote repository ID that is unavailable in current build context, verifying that is downloadable from [central (https://repo.maven.apache.org/maven2, default, releases)]
[INFO] Artifact org.jboss.shrinkwrap.descriptors:shrinkwrap-descriptors-bom:pom:2.0.0 is present in the local repository, but cached from a remote repository ID that is unavailable in current build context, verifying that is downloadable from [central (https://repo.maven.apache.org/maven2, default, releases)]
Downloading from central: https://repo.maven.apache.org/maven2/org/jboss/shrinkwrap/descriptors/shrinkwrap-descriptors-bom/2.0.0/shrinkwrap-descriptors-bom-2.0.0.pom
Downloaded from central: https://repo.maven.apache.org/maven2/org/jboss/shrinkwrap/descriptors/shrinkwrap-descriptors-bom/2.0.0/shrinkwrap-descriptors-bom-2.0.0.pom (0 B at 0 B/s)
[INFO] Artifact io.jsonwebtoken:jjwt-api:jar:0.12.3 is present in the local repository, but cached from a remote repository ID that is unavailable in current build context, verifying that is downloadable from [central (https://repo.maven.apache.org/maven2, default, releases)]
[INFO] Artifact io.jsonwebtoken:jjwt-impl:jar:0.12.3 is present in the local repository, but cached from a remote repository ID that is unavailable in current build context, verifying that is downloadable from [central (https://repo.maven.apache.org/maven2, default, releases)]
[INFO] Artifact io.jsonwebtoken:jjwt-jackson:jar:0.12.3 is present in the local repository, but cached from a remote repository ID that is unavailable in current build context, verifying that is downloadable from [central (https://repo.maven.apache.org/maven2, default, releases)]
[INFO] Artifact jakarta.validation:jakarta.validation-api:jar:3.0.2 is present in the local repository, but cached from a remote repository ID that is unavailable in current build context, verifying that is downloadable from [central (https://repo.maven.apache.org/maven2, default, releases)]
[INFO] Artifact org.hibernate.validator:hibernate-validator:jar:8.0.1.Final is present in the local repository, but cached from a remote repository ID that is unavailable in current build context, verifying that is downloadable from [central (https://repo.maven.apache.org/maven2, default, releases)]
[INFO] Artifact io.jsonwebtoken:jjwt-api:jar:0.12.3 is present in the local repository, but cached from a remote repository ID that is unavailable in current build context, verifying that is downloadable from [central (https://repo.maven.apache.org/maven2, default, releases)]
[INFO] Artifact io.jsonwebtoken:jjwt-impl:jar:0.12.3 is present in the local repository, but cached from a remote repository ID that is unavailable in current build context, verifying that is downloadable from [central (https://repo.maven.apache.org/maven2, default, releases)]
[INFO] Artifact io.jsonwebtoken:jjwt-jackson:jar:0.12.3 is present in the local repository, but cached from a remote repository ID that is unavailable in current build context, verifying that is downloadable from [central (https://repo.maven.apache.org/maven2, default, releases)]
[INFO] Artifact jakarta.validation:jakarta.validation-api:jar:3.0.2 is present in the local repository, but cached from a remote repository ID that is unavailable in current build context, verifying that is downloadable from [central (https://repo.maven.apache.org/maven2, default, releases)]
[INFO] Artifact org.hibernate.validator:hibernate-validator:jar:8.0.1.Final is present in the local repository, but cached from a remote repository ID that is unavailable in current build context, verifying that is downloadable from [central (https://repo.maven.apache.org/maven2, default, releases)]
Downloading from central: https://repo.maven.apache.org/maven2/io/jsonwebtoken/jjwt-api/0.12.3/jjwt-api-0.12.3.jar
Downloaded from central: https://repo.maven.apache.org/maven2/io/jsonwebtoken/jjwt-api/0.12.3/jjwt-api-0.12.3.jar (0 B at 0 B/s)
Downloading from central: https://repo.maven.apache.org/maven2/io/jsonwebtoken/jjwt-impl/0.12.3/jjwt-impl-0.12.3.jar
Downloading from central: https://repo.maven.apache.org/maven2/io/jsonwebtoken/jjwt-jackson/0.12.3/jjwt-jackson-0.12.3.jar
Downloading from central: https://repo.maven.apache.org/maven2/jakarta/validation/jakarta.validation-api/3.0.2/jakarta.validation-api-3.0.2.jar
Downloading from central: https://repo.maven.apache.org/maven2/org/hibernate/validator/hibernate-validator/8.0.1.Final/hibernate-validator-8.0.1.Final.jar
Downloaded from central: https://repo.maven.apache.org/maven2/io/jsonwebtoken/jjwt-impl/0.12.3/jjwt-impl-0.12.3.jar (0 B at 0 B/s)
Downloaded from central: https://repo.maven.apache.org/maven2/jakarta/validation/jakarta.validation-api/3.0.2/jakarta.validation-api-3.0.2.jar (0 B at 0 B/s)
Downloaded from central: https://repo.maven.apache.org/maven2/org/hibernate/validator/hibernate-validator/8.0.1.Final/hibernate-validator-8.0.1.Final.jar (0 B at 0 B/s)
Downloaded from central: https://repo.maven.apache.org/maven2/io/jsonwebtoken/jjwt-jackson/0.12.3/jjwt-jackson-0.12.3.jar (0 B at 0 B/s)
[INFO] 
[INFO] --- resources:3.3.1:resources (default-resources) @ blogApp ---
[INFO] Copying 1 resource from src\main\resources to target\classes
[INFO] Copying 5 resources from src\main\resources to target\classes
[INFO] 
[INFO] --- compiler:3.11.0:compile (default-compile) @ blogApp ---
[INFO] Changes detected - recompiling the module! :source
[INFO] Compiling 61 source files with javac [debug release 21] to target\classes
[WARNING] /C:/Users/Mahdi_PC/Desktop/BlogApp/blogApplication/api/src/main/java/com/mahdi/blogApp/feature/category/mapper/CategoryMapper.java:[13,20] Unmapped target properties: "id, createdAt, updatedAt, slug".
[WARNING] /C:/Users/Mahdi_PC/Desktop/BlogApp/blogApplication/api/src/main/java/com/mahdi/blogApp/feature/category/mapper/CategoryMapper.java:[17,10] Unmapped target properties: "id, createdAt, updatedAt, slug".
[INFO] /C:/Users/Mahdi_PC/Desktop/BlogApp/blogApplication/api/src/main/java/com/mahdi/blogApp/config/SecurityConfig.java: C:\Users\Mahdi_PC\Desktop\BlogApp\blogApplication\api\src\main\java\com\mahdi\blogApp\config\SecurityConfig.java uses or overrides a deprecated API.
[INFO] /C:/Users/Mahdi_PC/Desktop/BlogApp/blogApplication/api/src/main/java/com/mahdi/blogApp/config/SecurityConfig.java: Recompile with -Xlint:deprecation for details.
[INFO] 
[INFO] --- resources:3.3.1:testResources (default-testResources) @ blogApp ---
[INFO] skip non existing resourceDirectory C:\Users\Mahdi_PC\Desktop\BlogApp\blogApplication\api\src\test\resources
[INFO] 
[INFO] --- compiler:3.11.0:testCompile (default-testCompile) @ blogApp ---
[INFO] Changes detected - recompiling the module! :dependency
[INFO] Compiling 1 source file with javac [debug release 21] to target\test-classes
[INFO] 
[INFO] <<< spring-boot:3.5.6:run (default-cli) < test-compile @ blogApp <<<
[INFO] 
[INFO] 
[INFO] --- spring-boot:3.5.6:run (default-cli) @ blogApp ---
[INFO] Attaching agents: []

  .   ____          _            __ _ _
 /\\ / ___'_ __ _ _(_)_ __  __ _ \ \ \ \
( ( )\___ | '_ | '_| | '_ \/ _` | \ \ \ \
 \\/  ___)| |_)| | | | | || (_| |  ) ) ) )
  '  |____| .__|_| |_|_| |_\__, | / / / /
 =========|_|==============|___/=/_/_/_/

 :: Spring Boot ::                (v3.5.6)

2026-05-28T19:49:14.027+03:30  INFO 9248 --- [blogApp] [           main] com.mahdi.blogApp.BlogAppApplication     : Starting BlogAppApplication using Java 23.0.2 with PID 9248 (C:\Users\Mahdi_PC\Desktop\BlogApp\blogApplication\api\target\classes started by Mahdi_PC in C:\Users\Mahdi_PC\Desktop\BlogApp\blogApplication\api)
2026-05-28T19:49:14.028+03:30 DEBUG 9248 --- [blogApp] [           main] com.mahdi.blogApp.BlogAppApplication     : Running with Spring Boot v3.5.6, Spring v6.2.11
2026-05-28T19:49:14.028+03:30  INFO 9248 --- [blogApp] [           main] com.mahdi.blogApp.BlogAppApplication     : No active profile set, falling back to 1 default profile: "default"
2026-05-28T19:49:14.028+03:30 DEBUG 9248 --- [blogApp] [           main] o.s.boot.SpringApplication               : Loading source class com.mahdi.blogApp.BlogAppApplication
2026-05-28T19:49:14.079+03:30 DEBUG 9248 --- [blogApp] [           main] ConfigServletWebServerApplicationContext : Refreshing org.springframework.boot.web.servlet.context.AnnotationConfigServletWebServerApplicationContext@327af41b
2026-05-28T19:49:14.095+03:30 DEBUG 9248 --- [blogApp] [           main] o.s.b.f.s.DefaultListableBeanFactory     : Creating shared instance of singleton bean 'org.springframework.context.annotation.internalConfigurationAnnotationProcessor'
2026-05-28T19:49:14.102+03:30 DEBUG 9248 --- [blogApp] [           main] o.s.b.f.s.DefaultListableBeanFactory     : Creating shared instance of singleton bean 'org.springframework.boot.autoconfigure.internalCachingMetadataReaderFactory'
2026-05-28T19:49:14.167+03:30 DEBUG 9248 --- [blogApp] [           main] o.s.c.a.ClassPathBeanDefinitionScanner   : Identified candidate component class: file [C:\Users\Mahdi_PC\Desktop\BlogApp\blogApplication\api\target\classes\com\mahdi\blogApp\config\CorsConfig.class]
2026-05-28T19:49:14.172+03:30 DEBUG 9248 --- [blogApp] [           main] o.s.c.a.ClassPathBeanDefinitionScanner   : Identified candidate component class: file [C:\Users\Mahdi_PC\Desktop\BlogApp\blogApplication\api\target\classes\com\mahdi\blogApp\config\PasswordConfig.class]
2026-05-28T19:49:14.172+03:30 DEBUG 9248 --- [blogApp] [           main] o.s.c.a.ClassPathBeanDefinitionScanner   : Identified candidate component class: file [C:\Users\Mahdi_PC\Desktop\BlogApp\blogApplication\api\target\classes\com\mahdi\blogApp\config\SecurityConfig.class]
2026-05-28T19:49:14.172+03:30 DEBUG 9248 --- [blogApp] [           main] o.s.c.a.ClassPathBeanDefinitionScanner   : Identified candidate component class: file [C:\Users\Mahdi_PC\Desktop\BlogApp\blogApplication\api\target\classes\com\mahdi\blogApp\config\WebConfig.class]
2026-05-28T19:49:14.187+03:30 DEBUG 9248 --- [blogApp] [           main] o.s.c.a.ClassPathBeanDefinitionScanner   : Identified candidate component class: file [C:\Users\Mahdi_PC\Desktop\BlogApp\blogApplication\api\target\classes\com\mahdi\blogApp\feature\auth\AuthController.class]
2026-05-28T19:49:14.187+03:30 DEBUG 9248 --- [blogApp] [           main] o.s.c.a.ClassPathBeanDefinitionScanner   : Identified candidate component class: file [C:\Users\Mahdi_PC\Desktop\BlogApp\blogApplication\api\target\classes\com\mahdi\blogApp\feature\auth\AuthService.class]
2026-05-28T19:49:14.191+03:30 DEBUG 9248 --- [blogApp] [           main] o.s.c.a.ClassPathBeanDefinitionScanner   : Identified candidate component class: file [C:\Users\Mahdi_PC\Desktop\BlogApp\blogApplication\api\target\classes\com\mahdi\blogApp\feature\category\controller\CategoryController.class]
2026-05-28T19:49:14.199+03:30 DEBUG 9248 --- [blogApp] [           main] o.s.c.a.ClassPathBeanDefinitionScanner   : Identified candidate component class: file [C:\Users\Mahdi_PC\Desktop\BlogApp\blogApplication\api\target\classes\com\mahdi\blogApp\feature\category\mapper\CategoryMapperImpl.class]
2026-05-28T19:49:14.201+03:30 DEBUG 9248 --- [blogApp] [           main] o.s.c.a.ClassPathBeanDefinitionScanner   : Identified candidate component class: file [C:\Users\Mahdi_PC\Desktop\BlogApp\blogApplication\api\target\classes\com\mahdi\blogApp\feature\category\service\CategoryService.class]
2026-05-28T19:49:14.201+03:30 DEBUG 9248 --- [blogApp] [           main] o.s.c.a.ClassPathBeanDefinitionScanner   : Identified candidate component class: file [C:\Users\Mahdi_PC\Desktop\BlogApp\blogApplication\api\target\classes\com\mahdi\blogApp\feature\category\validator\CategoryValidator.class]
2026-05-28T19:49:14.201+03:30 DEBUG 9248 --- [blogApp] [           main] o.s.c.a.ClassPathBeanDefinitionScanner   : Identified candidate component class: file [C:\Users\Mahdi_PC\Desktop\BlogApp\blogApplication\api\target\classes\com\mahdi\blogApp\feature\comment\controller\CommentController.class]
2026-05-28T19:49:14.201+03:30 DEBUG 9248 --- [blogApp] [           main] o.s.c.a.ClassPathBeanDefinitionScanner   : Identified candidate component class: file [C:\Users\Mahdi_PC\Desktop\BlogApp\blogApplication\api\target\classes\com\mahdi\blogApp\feature\comment\controller\CommentLikeController.class]
2026-05-28T19:49:14.207+03:30 DEBUG 9248 --- [blogApp] [           main] o.s.c.a.ClassPathBeanDefinitionScanner   : Identified candidate component class: file [C:\Users\Mahdi_PC\Desktop\BlogApp\blogApplication\api\target\classes\com\mahdi\blogApp\feature\comment\mapper\CommentMapperImpl.class]
2026-05-28T19:49:14.208+03:30 DEBUG 9248 --- [blogApp] [           main] o.s.c.a.ClassPathBeanDefinitionScanner   : Identified candidate component class: file [C:\Users\Mahdi_PC\Desktop\BlogApp\blogApplication\api\target\classes\com\mahdi\blogApp\feature\comment\service\CommentLikeService.class]
2026-05-28T19:49:14.208+03:30 DEBUG 9248 --- [blogApp] [           main] o.s.c.a.ClassPathBeanDefinitionScanner   : Identified candidate component class: file [C:\Users\Mahdi_PC\Desktop\BlogApp\blogApplication\api\target\classes\com\mahdi\blogApp\feature\comment\service\CommentService.class]
2026-05-28T19:49:14.208+03:30 DEBUG 9248 --- [blogApp] [           main] o.s.c.a.ClassPathBeanDefinitionScanner   : Identified candidate component class: file [C:\Users\Mahdi_PC\Desktop\BlogApp\blogApplication\api\target\classes\com\mahdi\blogApp\feature\comment\validator\CommentValidator.class]
2026-05-28T19:49:14.208+03:30 DEBUG 9248 --- [blogApp] [           main] o.s.c.a.ClassPathBeanDefinitionScanner   : Identified candidate component class: file [C:\Users\Mahdi_PC\Desktop\BlogApp\blogApplication\api\target\classes\com\mahdi\blogApp\feature\post\controller\PostController.class]
2026-05-28T19:49:14.208+03:30 DEBUG 9248 --- [blogApp] [           main] o.s.c.a.ClassPathBeanDefinitionScanner   : Identified candidate component class: file [C:\Users\Mahdi_PC\Desktop\BlogApp\blogApplication\api\target\classes\com\mahdi\blogApp\feature\post\mapper\PostMapperImpl.class]
2026-05-28T19:49:14.208+03:30 DEBUG 9248 --- [blogApp] [           main] o.s.c.a.ClassPathBeanDefinitionScanner   : Identified candidate component class: file [C:\Users\Mahdi_PC\Desktop\BlogApp\blogApplication\api\target\classes\com\mahdi\blogApp\feature\post\service\PostService.class]
2026-05-28T19:49:14.208+03:30 DEBUG 9248 --- [blogApp] [           main] o.s.c.a.ClassPathBeanDefinitionScanner   : Identified candidate component class: file [C:\Users\Mahdi_PC\Desktop\BlogApp\blogApplication\api\target\classes\com\mahdi\blogApp\feature\post\validator\PostValidator.class]
2026-05-28T19:49:14.208+03:30 DEBUG 9248 --- [blogApp] [           main] o.s.c.a.ClassPathBeanDefinitionScanner   : Identified candidate component class: file [C:\Users\Mahdi_PC\Desktop\BlogApp\blogApplication\api\target\classes\com\mahdi\blogApp\feature\user\controller\AdminPostController.class]
2026-05-28T19:49:14.208+03:30 DEBUG 9248 --- [blogApp] [           main] o.s.c.a.ClassPathBeanDefinitionScanner   : Identified candidate component class: file [C:\Users\Mahdi_PC\Desktop\BlogApp\blogApplication\api\target\classes\com\mahdi\blogApp\feature\user\controller\AdminStatsController.class]
2026-05-28T19:49:14.208+03:30 DEBUG 9248 --- [blogApp] [           main] o.s.c.a.ClassPathBeanDefinitionScanner   : Identified candidate component class: file [C:\Users\Mahdi_PC\Desktop\BlogApp\blogApplication\api\target\classes\com\mahdi\blogApp\feature\user\controller\AdminUserController.class]
2026-05-28T19:49:14.220+03:30 DEBUG 9248 --- [blogApp] [           main] o.s.c.a.ClassPathBeanDefinitionScanner   : Identified candidate component class: file [C:\Users\Mahdi_PC\Desktop\BlogApp\blogApplication\api\target\classes\com\mahdi\blogApp\feature\user\controller\SuperAdminController.class]
2026-05-28T19:49:14.220+03:30 DEBUG 9248 --- [blogApp] [           main] o.s.c.a.ClassPathBeanDefinitionScanner   : Identified candidate component class: file [C:\Users\Mahdi_PC\Desktop\BlogApp\blogApplication\api\target\classes\com\mahdi\blogApp\feature\user\controller\UserController.class]
2026-05-28T19:49:14.220+03:30 DEBUG 9248 --- [blogApp] [           main] o.s.c.a.ClassPathBeanDefinitionScanner   : Identified candidate component class: file [C:\Users\Mahdi_PC\Desktop\BlogApp\blogApplication\api\target\classes\com\mahdi\blogApp\feature\user\mapper\UserMapperImpl.class]
2026-05-28T19:49:14.224+03:30 DEBUG 9248 --- [blogApp] [           main] o.s.c.a.ClassPathBeanDefinitionScanner   : Identified candidate component class: file [C:\Users\Mahdi_PC\Desktop\BlogApp\blogApplication\api\target\classes\com\mahdi\blogApp\feature\user\service\UserAuthService.class]
2026-05-28T19:49:14.224+03:30 DEBUG 9248 --- [blogApp] [           main] o.s.c.a.ClassPathBeanDefinitionScanner   : Identified candidate component class: file [C:\Users\Mahdi_PC\Desktop\BlogApp\blogApplication\api\target\classes\com\mahdi\blogApp\feature\user\service\UserManagementService.class]
2026-05-28T19:49:14.226+03:30 DEBUG 9248 --- [blogApp] [           main] o.s.c.a.ClassPathBeanDefinitionScanner   : Identified candidate component class: file [C:\Users\Mahdi_PC\Desktop\BlogApp\blogApplication\api\target\classes\com\mahdi\blogApp\feature\user\validator\UserValidator.class]
2026-05-28T19:49:14.226+03:30 DEBUG 9248 --- [blogApp] [           main] o.s.c.a.ClassPathBeanDefinitionScanner   : Identified candidate component class: file [C:\Users\Mahdi_PC\Desktop\BlogApp\blogApplication\api\target\classes\com\mahdi\blogApp\security\JwtAuthFilter.class]
2026-05-28T19:49:14.226+03:30 DEBUG 9248 --- [blogApp] [           main] o.s.c.a.ClassPathBeanDefinitionScanner   : Identified candidate component class: file [C:\Users\Mahdi_PC\Desktop\BlogApp\blogApplication\api\target\classes\com\mahdi\blogApp\security\JwtService.class]
2026-05-28T19:49:14.675+03:30  INFO 9248 --- [blogApp] [           main] .s.d.r.c.RepositoryConfigurationDelegate : Bootstrapping Spring Data JPA repositories in DEFAULT mode.
2026-05-28T19:49:14.684+03:30 DEBUG 9248 --- [blogApp] [           main] o.s.b.f.s.DefaultListableBeanFactory     : Creating shared instance of singleton bean 'org.springframework.boot.autoconfigure.AutoConfigurationPackages'
2026-05-28T19:49:14.684+03:30 DEBUG 9248 --- [blogApp] [           main] o.s.b.a.AutoConfigurationPackages        : @EnableAutoConfiguration was declared on a class in the package 'com.mahdi.blogApp'. Automatic @Repository and @Entity scanning is enabled.
2026-05-28T19:49:14.694+03:30 DEBUG 9248 --- [blogApp] [           main] .s.d.r.c.RepositoryConfigurationDelegate : Scanning for JPA repositories in packages com.mahdi.blogApp.
2026-05-28T19:49:14.710+03:30 DEBUG 9248 --- [blogApp] [           main] o.s.d.r.c.RepositoryComponentProvider    : Identified candidate component class: file [C:\Users\Mahdi_PC\Desktop\BlogApp\blogApplication\api\target\classes\com\mahdi\blogApp\feature\category\repository\CategoryRepository.class]
2026-05-28T19:49:14.710+03:30 DEBUG 9248 --- [blogApp] [           main] o.s.d.r.c.RepositoryComponentProvider    : Identified candidate component class: file [C:\Users\Mahdi_PC\Desktop\BlogApp\blogApplication\api\target\classes\com\mahdi\blogApp\feature\comment\repository\CommentLikeRepository.class]
2026-05-28T19:49:14.710+03:30 DEBUG 9248 --- [blogApp] [           main] o.s.d.r.c.RepositoryComponentProvider    : Identified candidate component class: file [C:\Users\Mahdi_PC\Desktop\BlogApp\blogApplication\api\target\classes\com\mahdi\blogApp\feature\comment\repository\CommentRepository.class]
2026-05-28T19:49:14.710+03:30 DEBUG 9248 --- [blogApp] [           main] o.s.d.r.c.RepositoryComponentProvider    : Identified candidate component class: file [C:\Users\Mahdi_PC\Desktop\BlogApp\blogApplication\api\target\classes\com\mahdi\blogApp\feature\post\repository\PostRepository.class]
2026-05-28T19:49:14.715+03:30 DEBUG 9248 --- [blogApp] [           main] o.s.d.r.c.RepositoryComponentProvider    : Identified candidate component class: file [C:\Users\Mahdi_PC\Desktop\BlogApp\blogApplication\api\target\classes\com\mahdi\blogApp\feature\user\repository\UserRepository.class]
2026-05-28T19:49:14.747+03:30 DEBUG 9248 --- [blogApp] [           main] ssPathScanningCandidateComponentProvider : Identified candidate component class: file [C:\Users\Mahdi_PC\Desktop\BlogApp\blogApplication\api\target\classes\com\mahdi\blogApp\feature\category\mapper\CategoryMapperImpl.class]
2026-05-28T19:49:14.747+03:30 DEBUG 9248 --- [blogApp] [           main] ssPathScanningCandidateComponentProvider : Identified candidate component class: file [C:\Users\Mahdi_PC\Desktop\BlogApp\blogApplication\api\target\classes\com\mahdi\blogApp\feature\comment\mapper\CommentMapperImpl.class]
2026-05-28T19:49:14.747+03:30 DEBUG 9248 --- [blogApp] [           main] ssPathScanningCandidateComponentProvider : Identified candidate component class: file [C:\Users\Mahdi_PC\Desktop\BlogApp\blogApplication\api\target\classes\com\mahdi\blogApp\feature\post\mapper\PostMapperImpl.class]
2026-05-28T19:49:14.747+03:30 DEBUG 9248 --- [blogApp] [           main] ssPathScanningCandidateComponentProvider : Identified candidate component class: file [C:\Users\Mahdi_PC\Desktop\BlogApp\blogApplication\api\target\classes\com\mahdi\blogApp\feature\user\mapper\UserMapperImpl.class]
2026-05-28T19:49:14.762+03:30  INFO 9248 --- [blogApp] [           main] .s.d.r.c.RepositoryConfigurationDelegate : Finished Spring Data repository scanning in 66 ms. Found 5 JPA repository interfaces.
2026-05-28T19:49:14.844+03:30 DEBUG 9248 --- [blogApp] [           main] o.s.b.f.s.DefaultListableBeanFactory     : Creating shared instance of singleton bean 'springSecurityPathPatternParserBeanDefinitionRegistryPostProcessor'
2026-05-28T19:49:14.845+03:30 DEBUG 9248 --- [blogApp] [           main] o.s.b.f.s.DefaultListableBeanFactory     : Creating shared instance of singleton bean 'springSecurityHandlerMappingIntrospectorBeanDefinitionRegistryPostProcessor'
2026-05-28T19:49:14.911+03:30 DEBUG 9248 --- [blogApp] [           main] o.s.b.f.s.DefaultListableBeanFactory     : Creating shared instance of singleton bean 'propertySourcesPlaceholderConfigurer'
2026-05-28T19:49:14.919+03:30 DEBUG 9248 --- [blogApp] [           main] o.s.b.f.s.DefaultListableBeanFactory     : Creating shared instance of singleton bean 'emBeanDefinitionRegistrarPostProcessor'
2026-05-28T19:49:14.920+03:30 DEBUG 9248 --- [blogApp] [           main] o.s.b.f.s.DefaultListableBeanFactory     : Creating shared instance of singleton bean 'org.springframework.boot.sql.init.dependency.DatabaseInitializationDependencyConfigurer$DependsOnDatabaseInitializationPostProcessor'
2026-05-28T19:49:14.954+03:30 DEBUG 9248 --- [blogApp] [           main] o.s.b.f.s.DefaultListableBeanFactory     : Creating shared instance of singleton bean 'org.springframework.context.event.internalEventListenerProcessor'
2026-05-28T19:49:14.954+03:30 DEBUG 9248 --- [blogApp] [           main] o.s.b.f.s.DefaultListableBeanFactory     : Creating shared instance of singleton bean 'bootstrapExecutorAliasPostProcessor'
2026-05-28T19:49:14.954+03:30 DEBUG 9248 --- [blogApp] [           main] o.s.b.f.s.DefaultListableBeanFactory     : Creating shared instance of singleton bean 'preserveErrorControllerTargetClassPostProcessor'
2026-05-28T19:49:14.954+03:30 DEBUG 9248 --- [blogApp] [           main] o.s.b.f.s.DefaultListableBeanFactory     : Creating shared instance of singleton bean 'conversionServicePostProcessor'
2026-05-28T19:49:14.959+03:30 DEBUG 9248 --- [blogApp] [           main] o.s.b.f.s.DefaultListableBeanFactory     : Creating shared instance of singleton bean 'org.springframework.context.event.internalEventListenerFactory'
2026-05-28T19:49:14.959+03:30 DEBUG 9248 --- [blogApp] [           main] o.s.b.f.s.DefaultListableBeanFactory     : Creating shared instance of singleton bean 'org.springframework.transaction.config.internalTransactionalEventListenerFactory'
2026-05-28T19:49:14.964+03:30 DEBUG 9248 --- [blogApp] [           main] o.s.b.f.s.DefaultListableBeanFactory     : Creating shared instance of singleton bean 'org.springframework.context.annotation.internalAutowiredAnnotationProcessor'
2026-05-28T19:49:14.964+03:30 DEBUG 9248 --- [blogApp] [           main] o.s.b.f.s.DefaultListableBeanFactory     : Creating shared instance of singleton bean 'org.springframework.context.annotation.internalCommonAnnotationProcessor'
2026-05-28T19:49:14.964+03:30 DEBUG 9248 --- [blogApp] [           main] o.s.b.f.s.DefaultListableBeanFactory     : Creating shared instance of singleton bean 'org.springframework.context.annotation.internalPersistenceAnnotationProcessor'
2026-05-28T19:49:14.964+03:30 DEBUG 9248 --- [blogApp] [           main] o.s.b.f.s.DefaultListableBeanFactory     : Creating shared instance of singleton bean 'org.springframework.boot.context.properties.ConfigurationPropertiesBindingPostProcessor'
2026-05-28T19:49:14.964+03:30 DEBUG 9248 --- [blogApp] [           main] o.s.b.f.s.DefaultListableBeanFactory     : Creating shared instance of singleton bean 'org.springframework.boot.context.internalConfigurationPropertiesBinder'
2026-05-28T19:49:14.964+03:30 DEBUG 9248 --- [blogApp] [           main] o.s.b.f.s.DefaultListableBeanFactory     : Creating shared instance of singleton bean 'jdbcConnectionDetailsHikariBeanPostProcessor'
2026-05-28T19:49:14.964+03:30 DEBUG 9248 --- [blogApp] [           main] o.s.b.f.s.DefaultListableBeanFactory     : Creating shared instance of singleton bean 'org.springframework.aop.config.internalAutoProxyCreator'
2026-05-28T19:49:14.988+03:30 DEBUG 9248 --- [blogApp] [           main] o.s.b.f.s.DefaultListableBeanFactory     : Creating shared instance of singleton bean 'methodValidationPostProcessor'
2026-05-28T19:49:14.990+03:30 DEBUG 9248 --- [blogApp] [           main] o.s.b.f.s.DefaultListableBeanFactory     : Autowiring by type from bean name 'methodValidationPostProcessor' via factory method to bean named 'environment'
2026-05-28T19:49:14.997+03:30 DEBUG 9248 --- [blogApp] [           main] o.s.b.f.s.DefaultListableBeanFactory     : Creating shared instance of singleton bean 'org.springframework.boot.context.properties.EnableConfigurationPropertiesRegistrar.methodValidationExcludeFilter'
2026-05-28T19:49:15.008+03:30 DEBUG 9248 --- [blogApp] [           main] o.s.b.f.s.DefaultListableBeanFactory     : Creating shared instance of singleton bean 'persistenceExceptionTranslationPostProcessor'
2026-05-28T19:49:15.008+03:30 DEBUG 9248 --- [blogApp] [           main] o.s.b.f.s.DefaultListableBeanFactory     : Autowiring by type from bean name 'persistenceExceptionTranslationPostProcessor' via factory method to bean named 'environment'
2026-05-28T19:49:15.011+03:30 DEBUG 9248 --- [blogApp] [           main] o.s.b.f.s.DefaultListableBeanFactory     : Creating shared instance of singleton bean 'webServerFactoryCustomizerBeanPostProcessor'
2026-05-28T19:49:15.011+03:30 DEBUG 9248 --- [blogApp] [           main] o.s.b.f.s.DefaultListableBeanFactory     : Creating shared instance of singleton bean 'errorPageRegistrarBeanPostProcessor'
2026-05-28T19:49:15.013+03:30 DEBUG 9248 --- [blogApp] [           main] o.s.b.f.s.DefaultListableBeanFactory     : Creating shared instance of singleton bean 'projectingArgumentResolverBeanPostProcessor'
2026-05-28T19:49:15.013+03:30 DEBUG 9248 --- [blogApp] [           main] o.s.b.f.s.DefaultListableBeanFactory     : Creating shared instance of singleton bean 'preFilterAuthorizationAdvisor'
2026-05-28T19:49:15.013+03:30 DEBUG 9248 --- [blogApp] [           main] o.s.b.f.s.DefaultListableBeanFactory     : Creating shared instance of singleton bean 'preFilterAuthorizationMethodInterceptor'
2026-05-28T19:49:15.025+03:30 DEBUG 9248 --- [blogApp] [           main] o.s.b.f.s.DefaultListableBeanFactory     : Creating shared instance of singleton bean 'preAuthorizeAuthorizationAdvisor'
2026-05-28T19:49:15.025+03:30 DEBUG 9248 --- [blogApp] [           main] o.s.b.f.s.DefaultListableBeanFactory     : Creating shared instance of singleton bean 'preAuthorizeAuthorizationMethodInterceptor'
2026-05-28T19:49:15.025+03:30 DEBUG 9248 --- [blogApp] [           main] o.s.b.f.s.DefaultListableBeanFactory     : Creating shared instance of singleton bean 'postFilterAuthorizationAdvisor'
2026-05-28T19:49:15.025+03:30 DEBUG 9248 --- [blogApp] [           main] o.s.b.f.s.DefaultListableBeanFactory     : Creating shared instance of singleton bean 'postFilterAuthorizationMethodInterceptor'
2026-05-28T19:49:15.025+03:30 DEBUG 9248 --- [blogApp] [           main] o.s.b.f.s.DefaultListableBeanFactory     : Creating shared instance of singleton bean 'postAuthorizeAuthorizationAdvisor'
2026-05-28T19:49:15.025+03:30 DEBUG 9248 --- [blogApp] [           main] o.s.b.f.s.DefaultListableBeanFactory     : Creating shared instance of singleton bean 'postAuthorizeAuthorizationMethodInterceptor'
2026-05-28T19:49:15.031+03:30 DEBUG 9248 --- [blogApp] [           main] o.s.b.f.s.DefaultListableBeanFactory     : Creating shared instance of singleton bean 'authorizeReturnObjectAdvisor'
2026-05-28T19:49:15.031+03:30 DEBUG 9248 --- [blogApp] [           main] o.s.b.f.s.DefaultListableBeanFactory     : Creating shared instance of singleton bean 'authorizeReturnObjectMethodInterceptor'
2026-05-28T19:49:15.033+03:30 DEBUG 9248 --- [blogApp] [           main] o.s.b.f.s.DefaultListableBeanFactory     : Creating shared instance of singleton bean 'org.springframework.transaction.config.internalTransactionAdvisor'
2026-05-28T19:49:15.033+03:30 DEBUG 9248 --- [blogApp] [           main] o.s.b.f.s.DefaultListableBeanFactory     : Creating shared instance of singleton bean 'org.springframework.transaction.annotation.ProxyTransactionManagementConfiguration'
2026-05-28T19:49:15.036+03:30 DEBUG 9248 --- [blogApp] [           main] o.s.b.f.s.DefaultListableBeanFactory     : Creating shared instance of singleton bean 'transactionAttributeSource'
2026-05-28T19:49:15.036+03:30 DEBUG 9248 --- [blogApp] [           main] o.s.b.f.s.DefaultListableBeanFactory     : Creating shared instance of singleton bean 'transactionInterceptor'
2026-05-28T19:49:15.036+03:30 DEBUG 9248 --- [blogApp] [           main] o.s.b.f.s.DefaultListableBeanFactory     : Autowiring by type from bean name 'transactionInterceptor' via factory method to bean named 'transactionAttributeSource'
2026-05-28T19:49:15.047+03:30 DEBUG 9248 --- [blogApp] [           main] o.s.b.f.s.DefaultListableBeanFactory     : Autowiring by type from bean name 'org.springframework.transaction.config.internalTransactionAdvisor' via factory method to bean named 'transactionAttributeSource'
2026-05-28T19:49:15.047+03:30 DEBUG 9248 --- [blogApp] [           main] o.s.b.f.s.DefaultListableBeanFactory     : Autowiring by type from bean name 'org.springframework.transaction.config.internalTransactionAdvisor' via factory method to bean named 'transactionInterceptor'
2026-05-28T19:49:15.066+03:30 DEBUG 9248 --- [blogApp] [           main] o.s.u.c.s.UiApplicationContextUtils      : Unable to locate ThemeSource with name 'themeSource': using default [org.springframework.ui.context.support.ResourceBundleThemeSource@4779aae6]
2026-05-28T19:49:15.066+03:30 DEBUG 9248 --- [blogApp] [           main] o.s.b.f.s.DefaultListableBeanFactory     : Creating shared instance of singleton bean 'tomcatServletWebServerFactory'
2026-05-28T19:49:15.066+03:30 DEBUG 9248 --- [blogApp] [           main] o.s.b.f.s.DefaultListableBeanFactory     : Creating shared instance of singleton bean 'org.springframework.boot.autoconfigure.web.servlet.ServletWebServerFactoryConfiguration$EmbeddedTomcat'
2026-05-28T19:49:15.085+03:30 DEBUG 9248 --- [blogApp] [           main] o.s.b.f.s.DefaultListableBeanFactory     : Creating shared instance of singleton bean 'websocketServletWebServerCustomizer'
2026-05-28T19:49:15.085+03:30 DEBUG 9248 --- [blogApp] [           main] o.s.b.f.s.DefaultListableBeanFactory     : Creating shared instance of singleton bean 'org.springframework.boot.autoconfigure.websocket.servlet.WebSocketServletAutoConfiguration$TomcatWebSocketConfiguration'
2026-05-28T19:49:15.089+03:30 DEBUG 9248 --- [blogApp] [           main] o.s.b.f.s.DefaultListableBeanFactory     : Creating shared instance of singleton bean 'servletWebServerFactoryCustomizer'
2026-05-28T19:49:15.089+03:30 DEBUG 9248 --- [blogApp] [           main] o.s.b.f.s.DefaultListableBeanFactory     : Creating shared instance of singleton bean 'org.springframework.boot.autoconfigure.web.servlet.ServletWebServerFactoryAutoConfiguration'
2026-05-28T19:49:15.090+03:30 DEBUG 9248 --- [blogApp] [           main] o.s.b.f.s.DefaultListableBeanFactory     : Creating shared instance of singleton bean 'server-org.springframework.boot.autoconfigure.web.ServerProperties'
2026-05-28T19:49:15.097+03:30 DEBUG 9248 --- [blogApp] [           main] o.s.b.f.s.DefaultListableBeanFactory     : Creating shared instance of singleton bean 'org.springframework.boot.context.properties.BoundConfigurationProperties'
2026-05-28T19:49:15.103+03:30 DEBUG 9248 --- [blogApp] [           main] o.s.b.f.s.DefaultListableBeanFactory     : Autowiring by type from bean name 'servletWebServerFactoryCustomizer' via factory method to bean named 'server-org.springframework.boot.autoconfigure.web.ServerProperties'
2026-05-28T19:49:15.106+03:30 DEBUG 9248 --- [blogApp] [           main] o.s.b.f.s.DefaultListableBeanFactory     : Creating shared instance of singleton bean 'sslBundleRegistry'
2026-05-28T19:49:15.106+03:30 DEBUG 9248 --- [blogApp] [           main] o.s.b.f.s.DefaultListableBeanFactory     : Creating shared instance of singleton bean 'org.springframework.boot.autoconfigure.ssl.SslAutoConfiguration'
2026-05-28T19:49:15.106+03:30 DEBUG 9248 --- [blogApp] [           main] o.s.b.f.s.DefaultListableBeanFactory     : Creating shared instance of singleton bean 'spring.ssl-org.springframework.boot.autoconfigure.ssl.SslProperties'
2026-05-28T19:49:15.107+03:30 DEBUG 9248 --- [blogApp] [           main] o.s.b.f.s.DefaultListableBeanFactory     : Autowiring by type from bean name 'org.springframework.boot.autoconfigure.ssl.SslAutoConfiguration' via constructor to bean named 'org.springframework.boot.web.servlet.context.AnnotationConfigServletWebServerApplicationContext@327af41b'
2026-05-28T19:49:15.107+03:30 DEBUG 9248 --- [blogApp] [           main] o.s.b.f.s.DefaultListableBeanFactory     : Autowiring by type from bean name 'org.springframework.boot.autoconfigure.ssl.SslAutoConfiguration' via constructor to bean named 'spring.ssl-org.springframework.boot.autoconfigure.ssl.SslProperties'
2026-05-28T19:49:15.109+03:30 DEBUG 9248 --- [blogApp] [           main] o.s.b.f.s.DefaultListableBeanFactory     : Creating shared instance of singleton bean 'sslPropertiesSslBundleRegistrar'
2026-05-28T19:49:15.109+03:30 DEBUG 9248 --- [blogApp] [           main] o.s.b.f.s.DefaultListableBeanFactory     : Creating shared instance of singleton bean 'fileWatcher'
2026-05-28T19:49:15.109+03:30 DEBUG 9248 --- [blogApp] [           main] o.s.b.f.s.DefaultListableBeanFactory     : Autowiring by type from bean name 'sslPropertiesSslBundleRegistrar' via factory method to bean named 'fileWatcher'
2026-05-28T19:49:15.115+03:30 DEBUG 9248 --- [blogApp] [           main] o.s.b.f.s.DefaultListableBeanFactory     : Creating shared instance of singleton bean 'tomcatServletWebServerFactoryCustomizer'
2026-05-28T19:49:15.115+03:30 DEBUG 9248 --- [blogApp] [           main] o.s.b.f.s.DefaultListableBeanFactory     : Autowiring by type from bean name 'tomcatServletWebServerFactoryCustomizer' via factory method to bean named 'server-org.springframework.boot.autoconfigure.web.ServerProperties'
2026-05-28T19:49:15.115+03:30 DEBUG 9248 --- [blogApp] [           main] o.s.b.f.s.DefaultListableBeanFactory     : Creating shared instance of singleton bean 'tomcatWebServerFactoryCustomizer'
2026-05-28T19:49:15.115+03:30 DEBUG 9248 --- [blogApp] [           main] o.s.b.f.s.DefaultListableBeanFactory     : Creating shared instance of singleton bean 'org.springframework.boot.autoconfigure.web.embedded.EmbeddedWebServerFactoryCustomizerAutoConfiguration$TomcatWebServerFactoryCustomizerConfiguration'
2026-05-28T19:49:15.118+03:30 DEBUG 9248 --- [blogApp] [           main] o.s.b.f.s.DefaultListableBeanFactory     : Autowiring by type from bean name 'tomcatWebServerFactoryCustomizer' via factory method to bean named 'environment'
2026-05-28T19:49:15.118+03:30 DEBUG 9248 --- [blogApp] [           main] o.s.b.f.s.DefaultListableBeanFactory     : Autowiring by type from bean name 'tomcatWebServerFactoryCustomizer' via factory method to bean named 'server-org.springframework.boot.autoconfigure.web.ServerProperties'
2026-05-28T19:49:15.119+03:30 DEBUG 9248 --- [blogApp] [           main] o.s.b.f.s.DefaultListableBeanFactory     : Creating shared instance of singleton bean 'localeCharsetMappingsCustomizer'
2026-05-28T19:49:15.119+03:30 DEBUG 9248 --- [blogApp] [           main] o.s.b.f.s.DefaultListableBeanFactory     : Creating shared instance of singleton bean 'org.springframework.boot.autoconfigure.web.servlet.HttpEncodingAutoConfiguration'
2026-05-28T19:49:15.119+03:30 DEBUG 9248 --- [blogApp] [           main] o.s.b.f.s.DefaultListableBeanFactory     : Autowiring by type from bean name 'org.springframework.boot.autoconfigure.web.servlet.HttpEncodingAutoConfiguration' via constructor to bean named 'server-org.springframework.boot.autoconfigure.web.ServerProperties'
2026-05-28T19:49:15.140+03:30 DEBUG 9248 --- [blogApp] [           main] o.s.b.f.s.DefaultListableBeanFactory     : Creating shared instance of singleton bean 'errorPageCustomizer'
2026-05-28T19:49:15.140+03:30 DEBUG 9248 --- [blogApp] [           main] o.s.b.f.s.DefaultListableBeanFactory     : Creating shared instance of singleton bean 'org.springframework.boot.autoconfigure.web.servlet.error.ErrorMvcAutoConfiguration'
2026-05-28T19:49:15.140+03:30 DEBUG 9248 --- [blogApp] [           main] o.s.b.f.s.DefaultListableBeanFactory     : Autowiring by type from bean name 'org.springframework.boot.autoconfigure.web.servlet.error.ErrorMvcAutoConfiguration' via constructor to bean named 'server-org.springframework.boot.autoconfigure.web.ServerProperties'
2026-05-28T19:49:15.140+03:30 DEBUG 9248 --- [blogApp] [           main] o.s.b.f.s.DefaultListableBeanFactory     : Creating shared instance of singleton bean 'dispatcherServletRegistration'
2026-05-28T19:49:15.140+03:30 DEBUG 9248 --- [blogApp] [           main] o.s.b.f.s.DefaultListableBeanFactory     : Creating shared instance of singleton bean 'org.springframework.boot.autoconfigure.web.servlet.DispatcherServletAutoConfiguration$DispatcherServletRegistrationConfiguration'
2026-05-28T19:49:15.145+03:30 DEBUG 9248 --- [blogApp] [           main] o.s.b.f.s.DefaultListableBeanFactory     : Creating shared instance of singleton bean 'dispatcherServlet'
2026-05-28T19:49:15.145+03:30 DEBUG 9248 --- [blogApp] [           main] o.s.b.f.s.DefaultListableBeanFactory     : Creating shared instance of singleton bean 'org.springframework.boot.autoconfigure.web.servlet.DispatcherServletAutoConfiguration$DispatcherServletConfiguration'
2026-05-28T19:49:15.145+03:30 DEBUG 9248 --- [blogApp] [           main] o.s.b.f.s.DefaultListableBeanFactory     : Creating shared instance of singleton bean 'spring.mvc-org.springframework.boot.autoconfigure.web.servlet.WebMvcProperties'
2026-05-28T19:49:15.146+03:30 DEBUG 9248 --- [blogApp] [           main] o.s.b.f.s.DefaultListableBeanFactory     : Autowiring by type from bean name 'dispatcherServlet' via factory method to bean named 'spring.mvc-org.springframework.boot.autoconfigure.web.servlet.WebMvcProperties'
2026-05-28T19:49:15.149+03:30 DEBUG 9248 --- [blogApp] [           main] o.s.b.f.s.DefaultListableBeanFactory     : Autowiring by type from bean name 'dispatcherServletRegistration' via factory method to bean named 'dispatcherServlet'
2026-05-28T19:49:15.149+03:30 DEBUG 9248 --- [blogApp] [           main] o.s.b.f.s.DefaultListableBeanFactory     : Autowiring by type from bean name 'dispatcherServletRegistration' via factory method to bean named 'spring.mvc-org.springframework.boot.autoconfigure.web.servlet.WebMvcProperties'
2026-05-28T19:49:15.162+03:30 DEBUG 9248 --- [blogApp] [           main] o.s.b.f.s.DefaultListableBeanFactory     : Creating shared instance of singleton bean 'multipartConfigElement'
2026-05-28T19:49:15.162+03:30 DEBUG 9248 --- [blogApp] [           main] o.s.b.f.s.DefaultListableBeanFactory     : Creating shared instance of singleton bean 'org.springframework.boot.autoconfigure.web.servlet.MultipartAutoConfiguration'
2026-05-28T19:49:15.162+03:30 DEBUG 9248 --- [blogApp] [           main] o.s.b.f.s.DefaultListableBeanFactory     : Creating shared instance of singleton bean 'spring.servlet.multipart-org.springframework.boot.autoconfigure.web.servlet.MultipartProperties'
2026-05-28T19:49:15.162+03:30 DEBUG 9248 --- [blogApp] [           main] o.s.b.f.s.DefaultListableBeanFactory     : Autowiring by type from bean name 'org.springframework.boot.autoconfigure.web.servlet.MultipartAutoConfiguration' via constructor to bean named 'spring.servlet.multipart-org.springframework.boot.autoconfigure.web.servlet.MultipartProperties'
2026-05-28T19:49:15.162+03:30 DEBUG 9248 --- [blogApp] [           main] o.s.b.f.s.DefaultListableBeanFactory     : Autowiring by type from bean name 'errorPageCustomizer' via factory method to bean named 'dispatcherServletRegistration'
2026-05-28T19:49:15.257+03:30 DEBUG 9248 --- [blogApp] [           main] .s.b.w.e.t.TomcatServletWebServerFactory : Code archive: C:\Users\Mahdi_PC\.m2\repository\org\springframework\boot\spring-boot\3.5.6\spring-boot-3.5.6.jar
2026-05-28T19:49:15.257+03:30 DEBUG 9248 --- [blogApp] [           main] .s.b.w.e.t.TomcatServletWebServerFactory : Code archive: C:\Users\Mahdi_PC\.m2\repository\org\springframework\boot\spring-boot\3.5.6\spring-boot-3.5.6.jar
2026-05-28T19:49:15.257+03:30 DEBUG 9248 --- [blogApp] [           main] .s.b.w.e.t.TomcatServletWebServerFactory : None of the document roots [src/main/webapp, public, static] point to a directory and will be ignored.
2026-05-28T19:49:15.301+03:30  INFO 9248 --- [blogApp] [           main] o.s.b.w.embedded.tomcat.TomcatWebServer  : Tomcat initialized with port 8080 (http)
2026-05-28T19:49:15.320+03:30  INFO 9248 --- [blogApp] [           main] o.apache.catalina.core.StandardService   : Starting service [Tomcat]
2026-05-28T19:49:15.320+03:30  INFO 9248 --- [blogApp] [           main] o.apache.catalina.core.StandardEngine    : Starting Servlet engine: [Apache Tomcat/10.1.46]
2026-05-28T19:49:15.397+03:30  INFO 9248 --- [blogApp] [           main] o.a.c.c.C.[Tomcat].[localhost].[/]       : Initializing Spring embedded WebApplicationContext
2026-05-28T19:49:15.399+03:30 DEBUG 9248 --- [blogApp] [           main] w.s.c.ServletWebServerApplicationContext : Published root WebApplicationContext as ServletContext attribute with name [org.springframework.web.context.WebApplicationContext.ROOT]
2026-05-28T19:49:15.400+03:30  INFO 9248 --- [blogApp] [           main] w.s.c.ServletWebServerApplicationContext : Root WebApplicationContext: initialization completed in 1320 ms
2026-05-28T19:49:15.400+03:30 DEBUG 9248 --- [blogApp] [           main] o.s.b.f.s.DefaultListableBeanFactory     : Creating shared instance of singleton bean 'securityFilterChainRegistration'
2026-05-28T19:49:15.400+03:30 DEBUG 9248 --- [blogApp] [           main] o.s.b.f.s.DefaultListableBeanFactory     : Creating shared instance of singleton bean 'org.springframework.boot.autoconfigure.security.servlet.SecurityFilterAutoConfiguration'
2026-05-28T19:49:15.403+03:30 DEBUG 9248 --- [blogApp] [           main] o.s.b.f.s.DefaultListableBeanFactory     : Creating shared instance of singleton bean 'spring.security-org.springframework.boot.autoconfigure.security.SecurityProperties'
2026-05-28T19:49:15.405+03:30 DEBUG 9248 --- [blogApp] [           main] o.s.b.f.s.DefaultListableBeanFactory     : Autowiring by type from bean name 'securityFilterChainRegistration' via factory method to bean named 'spring.security-org.springframework.boot.autoconfigure.security.SecurityProperties'
2026-05-28T19:49:15.410+03:30 DEBUG 9248 --- [blogApp] [           main] o.s.b.f.s.DefaultListableBeanFactory     : Creating shared instance of singleton bean 'jwtAuthFilter'
2026-05-28T19:49:15.411+03:30 DEBUG 9248 --- [blogApp] [           main] o.s.b.f.s.DefaultListableBeanFactory     : Creating shared instance of singleton bean 'jwtService'
2026-05-28T19:49:15.415+03:30 DEBUG 9248 --- [blogApp] [           main] o.s.c.e.PropertySourcesPropertyResolver  : Found key 'jwt.secret' in PropertySource 'environmentProperties' with value of type String
2026-05-28T19:49:15.417+03:30 DEBUG 9248 --- [blogApp] [           main] o.s.b.f.s.DefaultListableBeanFactory     : Creating shared instance of singleton bean 'userAuthService'
2026-05-28T19:49:15.418+03:30 DEBUG 9248 --- [blogApp] [           main] o.s.b.f.s.DefaultListableBeanFactory     : Creating shared instance of singleton bean 'userRepository'
2026-05-28T19:49:15.422+03:30 DEBUG 9248 --- [blogApp] [           main] o.s.b.f.s.DefaultListableBeanFactory     : Creating shared instance of singleton bean 'jpa.named-queries#3'
2026-05-28T19:49:15.425+03:30 DEBUG 9248 --- [blogApp] [           main] o.s.b.f.s.DefaultListableBeanFactory     : Creating shared instance of singleton bean 'jpa.UserRepository.fragments#0'
2026-05-28T19:49:15.429+03:30 DEBUG 9248 --- [blogApp] [           main] o.s.b.f.s.DefaultListableBeanFactory     : Creating shared instance of singleton bean 'jpaSharedEM_entityManagerFactory'
2026-05-28T19:49:15.430+03:30 DEBUG 9248 --- [blogApp] [           main] o.s.b.f.s.DefaultListableBeanFactory     : Creating shared instance of singleton bean 'dataSourceScriptDatabaseInitializer'
2026-05-28T19:49:15.430+03:30 DEBUG 9248 --- [blogApp] [           main] o.s.b.f.s.DefaultListableBeanFactory     : Creating shared instance of singleton bean 'org.springframework.boot.autoconfigure.sql.init.DataSourceInitializationConfiguration'
2026-05-28T19:49:15.430+03:30 DEBUG 9248 --- [blogApp] [           main] o.s.b.f.s.DefaultListableBeanFactory     : Creating shared instance of singleton bean 'dataSource'
2026-05-28T19:49:15.430+03:30 DEBUG 9248 --- [blogApp] [           main] o.s.b.f.s.DefaultListableBeanFactory     : Creating shared instance of singleton bean 'org.springframework.boot.autoconfigure.jdbc.DataSourceConfiguration$Hikari'
2026-05-28T19:49:15.432+03:30 DEBUG 9248 --- [blogApp] [           main] o.s.b.f.s.DefaultListableBeanFactory     : Creating shared instance of singleton bean 'spring.datasource-org.springframework.boot.autoconfigure.jdbc.DataSourceProperties'
2026-05-28T19:49:15.437+03:30 DEBUG 9248 --- [blogApp] [           main] o.s.b.f.s.DefaultListableBeanFactory     : Creating shared instance of singleton bean 'jdbcConnectionDetails'
2026-05-28T19:49:15.437+03:30 DEBUG 9248 --- [blogApp] [           main] o.s.b.f.s.DefaultListableBeanFactory     : Creating shared instance of singleton bean 'org.springframework.boot.autoconfigure.jdbc.DataSourceAutoConfiguration$PooledDataSourceConfiguration'
2026-05-28T19:49:15.438+03:30 DEBUG 9248 --- [blogApp] [           main] o.s.b.f.s.DefaultListableBeanFactory     : Autowiring by type from bean name 'jdbcConnectionDetails' via factory method to bean named 'spring.datasource-org.springframework.boot.autoconfigure.jdbc.DataSourceProperties'
2026-05-28T19:49:15.438+03:30 DEBUG 9248 --- [blogApp] [           main] o.s.b.f.s.DefaultListableBeanFactory     : Autowiring by type from bean name 'dataSource' via factory method to bean named 'spring.datasource-org.springframework.boot.autoconfigure.jdbc.DataSourceProperties'
2026-05-28T19:49:15.439+03:30 DEBUG 9248 --- [blogApp] [           main] o.s.b.f.s.DefaultListableBeanFactory     : Autowiring by type from bean name 'dataSource' via factory method to bean named 'jdbcConnectionDetails'
2026-05-28T19:49:15.439+03:30 DEBUG 9248 --- [blogApp] [           main] o.s.b.f.s.DefaultListableBeanFactory     : Autowiring by type from bean name 'dataSource' via factory method to bean named 'environment'
2026-05-28T19:49:15.444+03:30 DEBUG 9248 --- [blogApp] [           main] o.s.b.f.s.DefaultListableBeanFactory     : Creating shared instance of singleton bean 'spring.sql.init-org.springframework.boot.autoconfigure.sql.init.SqlInitializationProperties'
2026-05-28T19:49:15.444+03:30 DEBUG 9248 --- [blogApp] [           main] o.s.b.f.s.DefaultListableBeanFactory     : Autowiring by type from bean name 'dataSourceScriptDatabaseInitializer' via factory method to bean named 'dataSource'
2026-05-28T19:49:15.444+03:30 DEBUG 9248 --- [blogApp] [           main] o.s.b.f.s.DefaultListableBeanFactory     : Autowiring by type from bean name 'dataSourceScriptDatabaseInitializer' via factory method to bean named 'spring.sql.init-org.springframework.boot.autoconfigure.sql.init.SqlInitializationProperties'
2026-05-28T19:49:15.444+03:30 DEBUG 9248 --- [blogApp] [           main] o.s.b.f.s.DefaultListableBeanFactory     : Creating shared instance of singleton bean 'entityManagerFactory'
2026-05-28T19:49:15.444+03:30 DEBUG 9248 --- [blogApp] [           main] o.s.b.f.s.DefaultListableBeanFactory     : Creating shared instance of singleton bean 'org.springframework.boot.autoconfigure.orm.jpa.HibernateJpaConfiguration'
2026-05-28T19:49:15.444+03:30 DEBUG 9248 --- [blogApp] [           main] o.s.b.f.s.DefaultListableBeanFactory     : Creating shared instance of singleton bean 'spring.jpa-org.springframework.boot.autoconfigure.orm.jpa.JpaProperties'
2026-05-28T19:49:15.460+03:30 DEBUG 9248 --- [blogApp] [           main] o.s.b.f.s.DefaultListableBeanFactory     : Creating shared instance of singleton bean 'spring.jpa.hibernate-org.springframework.boot.autoconfigure.orm.jpa.HibernateProperties'
2026-05-28T19:49:15.460+03:30 DEBUG 9248 --- [blogApp] [           main] o.s.b.f.s.DefaultListableBeanFactory     : Autowiring by type from bean name 'org.springframework.boot.autoconfigure.orm.jpa.HibernateJpaConfiguration' via constructor to bean named 'dataSource'
2026-05-28T19:49:15.460+03:30 DEBUG 9248 --- [blogApp] [           main] o.s.b.f.s.DefaultListableBeanFactory     : Autowiring by type from bean name 'org.springframework.boot.autoconfigure.orm.jpa.HibernateJpaConfiguration' via constructor to bean named 'spring.jpa-org.springframework.boot.autoconfigure.orm.jpa.JpaProperties'
2026-05-28T19:49:15.460+03:30 DEBUG 9248 --- [blogApp] [           main] o.s.b.f.s.DefaultListableBeanFactory     : Autowiring by type from bean name 'org.springframework.boot.autoconfigure.orm.jpa.HibernateJpaConfiguration' via constructor to bean named 'org.springframework.beans.factory.support.DefaultListableBeanFactory@51972dc7'
2026-05-28T19:49:15.460+03:30 DEBUG 9248 --- [blogApp] [           main] o.s.b.f.s.DefaultListableBeanFactory     : Autowiring by type from bean name 'org.springframework.boot.autoconfigure.orm.jpa.HibernateJpaConfiguration' via constructor to bean named 'spring.jpa.hibernate-org.springframework.boot.autoconfigure.orm.jpa.HibernateProperties'
2026-05-28T19:49:15.463+03:30 DEBUG 9248 --- [blogApp] [           main] o.s.b.f.s.DefaultListableBeanFactory     : Creating shared instance of singleton bean 'hikariPoolDataSourceMetadataProvider'
2026-05-28T19:49:15.463+03:30 DEBUG 9248 --- [blogApp] [           main] o.s.b.f.s.DefaultListableBeanFactory     : Creating shared instance of singleton bean 'org.springframework.boot.autoconfigure.jdbc.metadata.DataSourcePoolMetadataProvidersConfiguration$HikariPoolDataSourceMetadataProviderConfiguration'
2026-05-28T19:49:15.463+03:30 DEBUG 9248 --- [blogApp] [           main] o.s.b.f.s.DefaultListableBeanFactory     : Creating shared instance of singleton bean 'entityManagerFactoryBuilder'
2026-05-28T19:49:15.469+03:30 DEBUG 9248 --- [blogApp] [           main] o.s.b.f.s.DefaultListableBeanFactory     : Creating shared instance of singleton bean 'jpaVendorAdapter'
2026-05-28T19:49:15.477+03:30 DEBUG 9248 --- [blogApp] [           main] o.s.b.f.s.DefaultListableBeanFactory     : Autowiring by type from bean name 'entityManagerFactoryBuilder' via factory method to bean named 'jpaVendorAdapter'
2026-05-28T19:49:15.477+03:30 DEBUG 9248 --- [blogApp] [           main] o.s.b.f.s.DefaultListableBeanFactory     : Creating shared instance of singleton bean 'persistenceManagedTypes'
2026-05-28T19:49:15.477+03:30 DEBUG 9248 --- [blogApp] [           main] o.s.b.f.s.DefaultListableBeanFactory     : Autowiring by type from bean name 'persistenceManagedTypes' via factory method to bean named 'org.springframework.beans.factory.support.DefaultListableBeanFactory@51972dc7'
2026-05-28T19:49:15.477+03:30 DEBUG 9248 --- [blogApp] [           main] o.s.b.f.s.DefaultListableBeanFactory     : Autowiring by type from bean name 'persistenceManagedTypes' via factory method to bean named 'org.springframework.boot.web.servlet.context.AnnotationConfigServletWebServerApplicationContext@327af41b'
2026-05-28T19:49:15.497+03:30 DEBUG 9248 --- [blogApp] [           main] o.s.b.f.s.DefaultListableBeanFactory     : Autowiring by type from bean name 'entityManagerFactory' via factory method to bean named 'entityManagerFactoryBuilder'
2026-05-28T19:49:15.497+03:30 DEBUG 9248 --- [blogApp] [           main] o.s.b.f.s.DefaultListableBeanFactory     : Autowiring by type from bean name 'entityManagerFactory' via factory method to bean named 'persistenceManagedTypes'
2026-05-28T19:49:15.511+03:30 DEBUG 9248 --- [blogApp] [           main] j.LocalContainerEntityManagerFactoryBean : Building JPA container EntityManagerFactory for persistence unit 'default'
2026-05-28T19:49:15.534+03:30  INFO 9248 --- [blogApp] [           main] o.hibernate.jpa.internal.util.LogHelper  : HHH000204: Processing PersistenceUnitInfo [name: default]
2026-05-28T19:49:15.608+03:30  INFO 9248 --- [blogApp] [           main] org.hibernate.Version                    : HHH000412: Hibernate ORM core version 6.6.29.Final
2026-05-28T19:49:15.639+03:30  INFO 9248 --- [blogApp] [           main] o.h.c.internal.RegionFactoryInitiator    : HHH000026: Second-level cache disabled
2026-05-28T19:49:15.974+03:30  INFO 9248 --- [blogApp] [           main] o.s.o.j.p.SpringPersistenceUnitInfo      : No LoadTimeWeaver setup: ignoring JPA class transformer
2026-05-28T19:49:16.004+03:30  INFO 9248 --- [blogApp] [           main] com.zaxxer.hikari.HikariDataSource       : HikariPool-1 - Starting...
2026-05-28T19:49:16.181+03:30  INFO 9248 --- [blogApp] [           main] com.zaxxer.hikari.pool.HikariPool        : HikariPool-1 - Added connection org.postgresql.jdbc.PgConnection@77ff14ce
2026-05-28T19:49:16.181+03:30  INFO 9248 --- [blogApp] [           main] com.zaxxer.hikari.HikariDataSource       : HikariPool-1 - Start completed.
2026-05-28T19:49:16.260+03:30  WARN 9248 --- [blogApp] [           main] org.hibernate.orm.deprecation            : HHH90000025: PostgreSQLDialect does not need to be specified explicitly using 'hibernate.dialect' (remove the property setting and it will be selected by default)
2026-05-28T19:49:16.277+03:30  INFO 9248 --- [blogApp] [           main] org.hibernate.orm.connections.pooling    : HHH10001005: Database info:
	Database JDBC URL [Connecting through datasource 'HikariDataSource (HikariPool-1)']
	Database driver: undefined/unknown
	Database version: 17.6
	Autocommit mode: undefined/unknown
	Isolation level: undefined/unknown
	Minimum pool size: undefined/unknown
	Maximum pool size: undefined/unknown
2026-05-28T19:49:16.277+03:30 DEBUG 9248 --- [blogApp] [           main] o.h.t.d.sql.spi.DdlTypeRegistry          : addDescriptor(2003, org.hibernate.type.descriptor.sql.internal.ArrayDdlTypeImpl@2673487b) replaced previous registration(org.hibernate.type.descriptor.sql.internal.ArrayDdlTypeImpl@2d07aacc)
2026-05-28T19:49:16.277+03:30 DEBUG 9248 --- [blogApp] [           main] o.h.t.d.sql.spi.DdlTypeRegistry          : addDescriptor(6, org.hibernate.type.descriptor.sql.internal.CapacityDependentDdlType@ff5d4f1) replaced previous registration(org.hibernate.type.descriptor.sql.internal.DdlTypeImpl@194224ca)
2026-05-28T19:49:17.373+03:30  INFO 9248 --- [blogApp] [           main] o.h.e.t.j.p.i.JtaPlatformInitiator       : HHH000489: No JTA platform available (set 'hibernate.transaction.jta.platform' to enable JTA platform integration)
2026-05-28T19:49:17.941+03:30  INFO 9248 --- [blogApp] [           main] j.LocalContainerEntityManagerFactoryBean : Initialized JPA EntityManagerFactory for persistence unit 'default'
2026-05-28T19:49:17.989+03:30 DEBUG 9248 --- [blogApp] [           main] o.s.b.f.s.DefaultListableBeanFactory     : Creating shared instance of singleton bean 'jpaMappingContext'
2026-05-28T19:49:17.989+03:30 DEBUG 9248 --- [blogApp] [           main] .c.JpaMetamodelMappingContextFactoryBean : Initializing JpaMetamodelMappingContext…
2026-05-28T19:49:17.999+03:30 DEBUG 9248 --- [blogApp] [           main] .c.JpaMetamodelMappingContextFactoryBean : Finished initializing JpaMetamodelMappingContext
2026-05-28T19:49:18.065+03:30 DEBUG 9248 --- [blogApp] [           main] o.s.d.r.c.s.RepositoryFactorySupport     : Initializing repository instance for com.mahdi.blogApp.feature.user.repository.UserRepository…
2026-05-28T19:49:18.105+03:30 DEBUG 9248 --- [blogApp] [           main] o.s.d.jpa.repository.query.NamedQuery    : Looking up named query 'UserEntity.countByRolesContaining'
2026-05-28T19:49:18.138+03:30 DEBUG 9248 --- [blogApp] [           main] o.s.d.jpa.repository.query.NamedQuery    : Did not find named query UserEntity.countByRolesContaining
2026-05-28T19:49:18.201+03:30 DEBUG 9248 --- [blogApp] [           main] o.s.d.jpa.repository.query.NamedQuery    : Looking up named query 'UserEntity.findByUsername'
2026-05-28T19:49:18.201+03:30 DEBUG 9248 --- [blogApp] [           main] o.s.d.jpa.repository.query.NamedQuery    : Did not find named query UserEntity.findByUsername
2026-05-28T19:49:18.207+03:30 DEBUG 9248 --- [blogApp] [           main] o.s.d.jpa.repository.query.NamedQuery    : Looking up named query 'UserEntity.existsByUsername'
2026-05-28T19:49:18.208+03:30 DEBUG 9248 --- [blogApp] [           main] o.s.d.jpa.repository.query.NamedQuery    : Did not find named query UserEntity.existsByUsername
2026-05-28T19:49:18.210+03:30 DEBUG 9248 --- [blogApp] [           main] o.s.d.jpa.repository.query.NamedQuery    : Looking up named query 'UserEntity.existsByEmail'
2026-05-28T19:49:18.210+03:30 DEBUG 9248 --- [blogApp] [           main] o.s.d.jpa.repository.query.NamedQuery    : Did not find named query UserEntity.existsByEmail
2026-05-28T19:49:18.213+03:30 DEBUG 9248 --- [blogApp] [           main] o.s.d.r.c.s.RepositoryFactorySupport     : Finished creation of repository instance for com.mahdi.blogApp.feature.user.repository.UserRepository.
2026-05-28T19:49:18.213+03:30 DEBUG 9248 --- [blogApp] [           main] o.s.b.f.s.DefaultListableBeanFactory     : Autowiring by type from bean name 'userAuthService' via constructor to bean named 'userRepository'
2026-05-28T19:49:18.213+03:30 DEBUG 9248 --- [blogApp] [           main] o.s.b.f.s.DefaultListableBeanFactory     : Autowiring by type from bean name 'jwtAuthFilter' via constructor to bean named 'jwtService'
2026-05-28T19:49:18.213+03:30 DEBUG 9248 --- [blogApp] [           main] o.s.b.f.s.DefaultListableBeanFactory     : Autowiring by type from bean name 'jwtAuthFilter' via constructor to bean named 'userAuthService'
2026-05-28T19:49:18.213+03:30 DEBUG 9248 --- [blogApp] [           main] o.s.b.f.s.DefaultListableBeanFactory     : Creating shared instance of singleton bean 'requestContextFilter'
2026-05-28T19:49:18.227+03:30 DEBUG 9248 --- [blogApp] [           main] o.s.b.f.s.DefaultListableBeanFactory     : Creating shared instance of singleton bean 'formContentFilter'
2026-05-28T19:49:18.227+03:30 DEBUG 9248 --- [blogApp] [           main] o.s.b.f.s.DefaultListableBeanFactory     : Creating shared instance of singleton bean 'org.springframework.boot.autoconfigure.web.servlet.WebMvcAutoConfiguration'
2026-05-28T19:49:18.230+03:30 DEBUG 9248 --- [blogApp] [           main] o.s.b.f.s.DefaultListableBeanFactory     : Creating shared instance of singleton bean 'characterEncodingFilter'
2026-05-28T19:49:18.235+03:30 DEBUG 9248 --- [blogApp] [           main] o.s.b.w.s.ServletContextInitializerBeans : Mapping filters: springSecurityFilterChain urls=[/*] order=-100, characterEncodingFilter urls=[/*] order=-2147483648, formContentFilter urls=[/*] order=-9900, requestContextFilter urls=[/*] order=-105, jwtAuthFilter urls=[/*] order=2147483647
2026-05-28T19:49:18.235+03:30 DEBUG 9248 --- [blogApp] [           main] o.s.b.w.s.ServletContextInitializerBeans : Mapping servlets: dispatcherServlet urls=[/]
2026-05-28T19:49:18.259+03:30 DEBUG 9248 --- [blogApp] [           main] o.s.b.w.s.f.OrderedRequestContextFilter  : Filter 'requestContextFilter' configured for use
2026-05-28T19:49:18.260+03:30 DEBUG 9248 --- [blogApp] [           main] c.mahdi.blogApp.security.JwtAuthFilter   : Filter 'jwtAuthFilter' configured for use
2026-05-28T19:49:18.260+03:30 DEBUG 9248 --- [blogApp] [           main] s.b.w.s.f.OrderedCharacterEncodingFilter : Filter 'characterEncodingFilter' configured for use
2026-05-28T19:49:18.260+03:30 DEBUG 9248 --- [blogApp] [           main] .DelegatingFilterProxyRegistrationBean$1 : Filter 'springSecurityFilterChain' configured for use
2026-05-28T19:49:18.260+03:30 DEBUG 9248 --- [blogApp] [           main] o.s.b.w.s.f.OrderedFormContentFilter     : Filter 'formContentFilter' configured for use
2026-05-28T19:49:18.268+03:30 DEBUG 9248 --- [blogApp] [           main] o.s.b.f.s.DefaultListableBeanFactory     : Creating shared instance of singleton bean 'applicationTaskExecutor'
2026-05-28T19:49:18.268+03:30 DEBUG 9248 --- [blogApp] [           main] o.s.b.f.s.DefaultListableBeanFactory     : Creating shared instance of singleton bean 'org.springframework.boot.autoconfigure.task.TaskExecutorConfigurations$TaskExecutorConfiguration'
2026-05-28T19:49:18.270+03:30 DEBUG 9248 --- [blogApp] [           main] o.s.b.f.s.DefaultListableBeanFactory     : Creating shared instance of singleton bean 'threadPoolTaskExecutorBuilder'
2026-05-28T19:49:18.270+03:30 DEBUG 9248 --- [blogApp] [           main] o.s.b.f.s.DefaultListableBeanFactory     : Creating shared instance of singleton bean 'org.springframework.boot.autoconfigure.task.TaskExecutorConfigurations$ThreadPoolTaskExecutorBuilderConfiguration'
2026-05-28T19:49:18.271+03:30 DEBUG 9248 --- [blogApp] [           main] o.s.b.f.s.DefaultListableBeanFactory     : Creating shared instance of singleton bean 'spring.task.execution-org.springframework.boot.autoconfigure.task.TaskExecutionProperties'
2026-05-28T19:49:18.271+03:30 DEBUG 9248 --- [blogApp] [           main] o.s.b.f.s.DefaultListableBeanFactory     : Autowiring by type from bean name 'threadPoolTaskExecutorBuilder' via factory method to bean named 'spring.task.execution-org.springframework.boot.autoconfigure.task.TaskExecutionProperties'
2026-05-28T19:49:18.273+03:30 DEBUG 9248 --- [blogApp] [           main] o.s.b.f.s.DefaultListableBeanFactory     : Autowiring by type from bean name 'applicationTaskExecutor' via factory method to bean named 'threadPoolTaskExecutorBuilder'
2026-05-28T19:49:18.278+03:30 DEBUG 9248 --- [blogApp] [           main] o.s.s.concurrent.ThreadPoolTaskExecutor  : Initializing ExecutorService 'applicationTaskExecutor'
2026-05-28T19:49:18.284+03:30 DEBUG 9248 --- [blogApp] [           main] o.s.b.f.s.DefaultListableBeanFactory     : Creating shared instance of singleton bean 'blogAppApplication'
2026-05-28T19:49:18.284+03:30 DEBUG 9248 --- [blogApp] [           main] o.s.b.f.s.DefaultListableBeanFactory     : Creating shared instance of singleton bean 'corsConfig'
2026-05-28T19:49:18.285+03:30 DEBUG 9248 --- [blogApp] [           main] o.s.b.f.s.DefaultListableBeanFactory     : Creating shared instance of singleton bean 'passwordConfig'
2026-05-28T19:49:18.286+03:30 DEBUG 9248 --- [blogApp] [           main] o.s.b.f.s.DefaultListableBeanFactory     : Creating shared instance of singleton bean 'securityConfig'
2026-05-28T19:49:18.286+03:30 DEBUG 9248 --- [blogApp] [           main] o.s.b.f.s.DefaultListableBeanFactory     : Creating shared instance of singleton bean 'passwordEncoder'
2026-05-28T19:49:18.287+03:30 DEBUG 9248 --- [blogApp] [           main] o.s.b.f.s.DefaultListableBeanFactory     : Autowiring by type from bean name 'securityConfig' via constructor to bean named 'userAuthService'
2026-05-28T19:49:18.287+03:30 DEBUG 9248 --- [blogApp] [           main] o.s.b.f.s.DefaultListableBeanFactory     : Autowiring by type from bean name 'securityConfig' via constructor to bean named 'passwordEncoder'
2026-05-28T19:49:18.288+03:30 DEBUG 9248 --- [blogApp] [           main] o.s.b.f.s.DefaultListableBeanFactory     : Creating shared instance of singleton bean 'webConfig'
2026-05-28T19:49:18.289+03:30 DEBUG 9248 --- [blogApp] [           main] o.s.b.f.s.DefaultListableBeanFactory     : Creating shared instance of singleton bean 'authController'
2026-05-28T19:49:18.291+03:30 DEBUG 9248 --- [blogApp] [           main] o.s.b.f.s.DefaultListableBeanFactory     : Creating shared instance of singleton bean 'authService'
2026-05-28T19:49:18.292+03:30 DEBUG 9248 --- [blogApp] [           main] o.s.b.f.s.DefaultListableBeanFactory     : Creating shared instance of singleton bean 'userManagementService'
2026-05-28T19:49:18.294+03:30 DEBUG 9248 --- [blogApp] [           main] o.s.b.f.s.DefaultListableBeanFactory     : Creating shared instance of singleton bean 'userValidator'
2026-05-28T19:49:18.294+03:30 DEBUG 9248 --- [blogApp] [           main] o.s.b.f.s.DefaultListableBeanFactory     : Creating shared instance of singleton bean 'userMapperImpl'
2026-05-28T19:49:18.297+03:30 DEBUG 9248 --- [blogApp] [           main] o.s.b.f.s.DefaultListableBeanFactory     : Autowiring by type from bean name 'userManagementService' via constructor to bean named 'userRepository'
2026-05-28T19:49:18.297+03:30 DEBUG 9248 --- [blogApp] [           main] o.s.b.f.s.DefaultListableBeanFactory     : Autowiring by type from bean name 'userManagementService' via constructor to bean named 'userValidator'
2026-05-28T19:49:18.297+03:30 DEBUG 9248 --- [blogApp] [           main] o.s.b.f.s.DefaultListableBeanFactory     : Autowiring by type from bean name 'userManagementService' via constructor to bean named 'userMapperImpl'
2026-05-28T19:49:18.297+03:30 DEBUG 9248 --- [blogApp] [           main] o.s.b.f.s.DefaultListableBeanFactory     : Autowiring by type from bean name 'userManagementService' via constructor to bean named 'passwordEncoder'
2026-05-28T19:49:18.314+03:30 DEBUG 9248 --- [blogApp] [           main] o.s.b.f.s.DefaultListableBeanFactory     : Creating shared instance of singleton bean 'authenticationManager'
2026-05-28T19:49:18.314+03:30 DEBUG 9248 --- [blogApp] [           main] o.s.b.f.s.DefaultListableBeanFactory     : Creating shared instance of singleton bean 'org.springframework.security.config.annotation.authentication.configuration.AuthenticationConfiguration'
2026-05-28T19:49:18.318+03:30 DEBUG 9248 --- [blogApp] [           main] o.s.b.f.s.DefaultListableBeanFactory     : Creating shared instance of singleton bean 'enableGlobalAuthenticationAutowiredConfigurer'
2026-05-28T19:49:18.318+03:30 DEBUG 9248 --- [blogApp] [           main] o.s.b.f.s.DefaultListableBeanFactory     : Autowiring by type from bean name 'enableGlobalAuthenticationAutowiredConfigurer' via factory method to bean named 'org.springframework.boot.web.servlet.context.AnnotationConfigServletWebServerApplicationContext@327af41b'
2026-05-28T19:49:18.318+03:30 DEBUG 9248 --- [blogApp] [           main] o.s.b.f.s.DefaultListableBeanFactory     : Creating shared instance of singleton bean 'initializeUserDetailsBeanManagerConfigurer'
2026-05-28T19:49:18.318+03:30 DEBUG 9248 --- [blogApp] [           main] o.s.b.f.s.DefaultListableBeanFactory     : Autowiring by type from bean name 'initializeUserDetailsBeanManagerConfigurer' via factory method to bean named 'org.springframework.boot.web.servlet.context.AnnotationConfigServletWebServerApplicationContext@327af41b'
2026-05-28T19:49:18.320+03:30 DEBUG 9248 --- [blogApp] [           main] o.s.b.f.s.DefaultListableBeanFactory     : Creating shared instance of singleton bean 'initializeAuthenticationProviderBeanManagerConfigurer'
2026-05-28T19:49:18.320+03:30 DEBUG 9248 --- [blogApp] [           main] o.s.b.f.s.DefaultListableBeanFactory     : Autowiring by type from bean name 'initializeAuthenticationProviderBeanManagerConfigurer' via factory method to bean named 'org.springframework.boot.web.servlet.context.AnnotationConfigServletWebServerApplicationContext@327af41b'
2026-05-28T19:49:18.322+03:30 DEBUG 9248 --- [blogApp] [           main] o.s.b.f.s.DefaultListableBeanFactory     : Creating shared instance of singleton bean 'objectPostProcessor'
2026-05-28T19:49:18.322+03:30 DEBUG 9248 --- [blogApp] [           main] o.s.b.f.s.DefaultListableBeanFactory     : Creating shared instance of singleton bean 'org.springframework.security.config.annotation.configuration.ObjectPostProcessorConfiguration'
2026-05-28T19:49:18.322+03:30 DEBUG 9248 --- [blogApp] [           main] o.s.b.f.s.DefaultListableBeanFactory     : Autowiring by type from bean name 'objectPostProcessor' via factory method to bean named 'org.springframework.beans.factory.support.DefaultListableBeanFactory@51972dc7'
2026-05-28T19:49:18.323+03:30 DEBUG 9248 --- [blogApp] [           main] o.s.b.f.s.DefaultListableBeanFactory     : Autowiring by type from bean name 'authenticationManager' via factory method to bean named 'org.springframework.security.config.annotation.authentication.configuration.AuthenticationConfiguration'
2026-05-28T19:49:18.323+03:30 DEBUG 9248 --- [blogApp] [           main] o.s.b.f.s.DefaultListableBeanFactory     : Creating shared instance of singleton bean 'authenticationManagerBuilder'
2026-05-28T19:49:18.324+03:30 DEBUG 9248 --- [blogApp] [           main] o.s.b.f.s.DefaultListableBeanFactory     : Autowiring by type from bean name 'authenticationManagerBuilder' via factory method to bean named 'objectPostProcessor'
2026-05-28T19:49:18.324+03:30 DEBUG 9248 --- [blogApp] [           main] o.s.b.f.s.DefaultListableBeanFactory     : Autowiring by type from bean name 'authenticationManagerBuilder' via factory method to bean named 'org.springframework.boot.web.servlet.context.AnnotationConfigServletWebServerApplicationContext@327af41b'
2026-05-28T19:49:18.324+03:30 DEBUG 9248 --- [blogApp] [           main] o.s.b.f.s.DefaultListableBeanFactory     : Creating shared instance of singleton bean 'authenticationEventPublisher'
2026-05-28T19:49:18.324+03:30 DEBUG 9248 --- [blogApp] [           main] o.s.b.f.s.DefaultListableBeanFactory     : Creating shared instance of singleton bean 'org.springframework.boot.autoconfigure.security.servlet.SecurityAutoConfiguration'
2026-05-28T19:49:18.324+03:30 DEBUG 9248 --- [blogApp] [           main] o.s.b.f.s.DefaultListableBeanFactory     : Autowiring by type from bean name 'authenticationEventPublisher' via factory method to bean named 'org.springframework.boot.web.servlet.context.AnnotationConfigServletWebServerApplicationContext@327af41b'
2026-05-28T19:49:18.333+03:30 DEBUG 9248 --- [blogApp] [           main] o.s.b.f.s.DefaultListableBeanFactory     : Creating shared instance of singleton bean 'org.springframework.boot.autoconfigure.security.servlet.SpringBootWebSecurityConfiguration$WebSecurityEnablerConfiguration'
2026-05-28T19:49:18.336+03:30 DEBUG 9248 --- [blogApp] [           main] o.s.b.f.s.DefaultListableBeanFactory     : Creating shared instance of singleton bean 'authenticationProvider'
2026-05-28T19:49:18.342+03:30  INFO 9248 --- [blogApp] [           main] eAuthenticationProviderManagerConfigurer : Global AuthenticationManager configured with AuthenticationProvider bean with name authenticationProvider
2026-05-28T19:49:18.343+03:30  WARN 9248 --- [blogApp] [           main] r$InitializeUserDetailsManagerConfigurer : Global AuthenticationManager configured with an AuthenticationProvider bean. UserDetailsService beans will not be used by Spring Security for automatically configuring username/password login. Consider removing the AuthenticationProvider bean. Alternatively, consider using the UserDetailsService in a manually instantiated DaoAuthenticationProvider. If the current configuration is intentional, to turn off this warning, increase the logging level of 'org.springframework.security.config.annotation.authentication.configuration.InitializeUserDetailsBeanManagerConfigurer' to ERROR
2026-05-28T19:49:18.344+03:30 DEBUG 9248 --- [blogApp] [           main] o.s.b.f.s.DefaultListableBeanFactory     : Autowiring by type from bean name 'authService' via constructor to bean named 'userManagementService'
2026-05-28T19:49:18.344+03:30 DEBUG 9248 --- [blogApp] [           main] o.s.b.f.s.DefaultListableBeanFactory     : Autowiring by type from bean name 'authService' via constructor to bean named 'passwordEncoder'
2026-05-28T19:49:18.344+03:30 DEBUG 9248 --- [blogApp] [           main] o.s.b.f.s.DefaultListableBeanFactory     : Autowiring by type from bean name 'authService' via constructor to bean named 'authenticationManager'
2026-05-28T19:49:18.344+03:30 DEBUG 9248 --- [blogApp] [           main] o.s.b.f.s.DefaultListableBeanFactory     : Autowiring by type from bean name 'authService' via constructor to bean named 'jwtService'
2026-05-28T19:49:18.345+03:30 DEBUG 9248 --- [blogApp] [           main] o.s.b.f.s.DefaultListableBeanFactory     : Autowiring by type from bean name 'authController' via constructor to bean named 'authService'
2026-05-28T19:49:18.346+03:30 DEBUG 9248 --- [blogApp] [           main] o.s.b.f.s.DefaultListableBeanFactory     : Creating shared instance of singleton bean 'categoryController'
2026-05-28T19:49:18.350+03:30 DEBUG 9248 --- [blogApp] [           main] o.s.b.f.s.DefaultListableBeanFactory     : Creating shared instance of singleton bean 'categoryService'
2026-05-28T19:49:18.350+03:30 DEBUG 9248 --- [blogApp] [           main] o.s.b.f.s.DefaultListableBeanFactory     : Creating shared instance of singleton bean 'categoryRepository'
2026-05-28T19:49:18.352+03:30 DEBUG 9248 --- [blogApp] [           main] o.s.b.f.s.DefaultListableBeanFactory     : Creating shared instance of singleton bean 'jpa.named-queries#1'
2026-05-28T19:49:18.352+03:30 DEBUG 9248 --- [blogApp] [           main] o.s.b.f.s.DefaultListableBeanFactory     : Creating shared instance of singleton bean 'jpa.CategoryRepository.fragments#0'
2026-05-28T19:49:18.358+03:30 DEBUG 9248 --- [blogApp] [           main] o.s.d.r.c.s.RepositoryFactorySupport     : Initializing repository instance for com.mahdi.blogApp.feature.category.repository.CategoryRepository…
2026-05-28T19:49:18.360+03:30 DEBUG 9248 --- [blogApp] [           main] o.s.d.jpa.repository.query.NamedQuery    : Looking up named query 'CategoryEntity.existsBySlug'
2026-05-28T19:49:18.360+03:30 DEBUG 9248 --- [blogApp] [           main] o.s.d.jpa.repository.query.NamedQuery    : Did not find named query CategoryEntity.existsBySlug
2026-05-28T19:49:18.361+03:30 DEBUG 9248 --- [blogApp] [           main] o.s.d.jpa.repository.query.NamedQuery    : Looking up named query 'CategoryEntity.existsByName'
2026-05-28T19:49:18.361+03:30 DEBUG 9248 --- [blogApp] [           main] o.s.d.jpa.repository.query.NamedQuery    : Did not find named query CategoryEntity.existsByName
2026-05-28T19:49:18.362+03:30 DEBUG 9248 --- [blogApp] [           main] o.s.d.jpa.repository.query.NamedQuery    : Looking up named query 'CategoryEntity.findBySlug'
2026-05-28T19:49:18.362+03:30 DEBUG 9248 --- [blogApp] [           main] o.s.d.jpa.repository.query.NamedQuery    : Did not find named query CategoryEntity.findBySlug
2026-05-28T19:49:18.365+03:30 DEBUG 9248 --- [blogApp] [           main] o.s.d.r.c.s.RepositoryFactorySupport     : Finished creation of repository instance for com.mahdi.blogApp.feature.category.repository.CategoryRepository.
2026-05-28T19:49:18.369+03:30 DEBUG 9248 --- [blogApp] [           main] o.s.b.f.s.DefaultListableBeanFactory     : Creating shared instance of singleton bean 'categoryMapperImpl'
2026-05-28T19:49:18.370+03:30 DEBUG 9248 --- [blogApp] [           main] o.s.b.f.s.DefaultListableBeanFactory     : Creating shared instance of singleton bean 'categoryValidator'
2026-05-28T19:49:18.370+03:30 DEBUG 9248 --- [blogApp] [           main] o.s.b.f.s.DefaultListableBeanFactory     : Autowiring by type from bean name 'categoryValidator' via constructor to bean named 'categoryRepository'
2026-05-28T19:49:18.370+03:30 DEBUG 9248 --- [blogApp] [           main] o.s.b.f.s.DefaultListableBeanFactory     : Autowiring by type from bean name 'categoryService' via constructor to bean named 'categoryRepository'
2026-05-28T19:49:18.370+03:30 DEBUG 9248 --- [blogApp] [           main] o.s.b.f.s.DefaultListableBeanFactory     : Autowiring by type from bean name 'categoryService' via constructor to bean named 'categoryMapperImpl'
2026-05-28T19:49:18.370+03:30 DEBUG 9248 --- [blogApp] [           main] o.s.b.f.s.DefaultListableBeanFactory     : Autowiring by type from bean name 'categoryService' via constructor to bean named 'categoryValidator'
2026-05-28T19:49:18.370+03:30 DEBUG 9248 --- [blogApp] [           main] o.s.b.f.s.DefaultListableBeanFactory     : Autowiring by type from bean name 'categoryService' via constructor to bean named 'userRepository'
2026-05-28T19:49:18.371+03:30 DEBUG 9248 --- [blogApp] [           main] o.s.b.f.s.DefaultListableBeanFactory     : Autowiring by type from bean name 'categoryController' via constructor to bean named 'categoryService'
2026-05-28T19:49:18.372+03:30 DEBUG 9248 --- [blogApp] [           main] o.s.b.f.s.DefaultListableBeanFactory     : Creating shared instance of singleton bean 'commentController'
2026-05-28T19:49:18.374+03:30 DEBUG 9248 --- [blogApp] [           main] o.s.b.f.s.DefaultListableBeanFactory     : Creating shared instance of singleton bean 'commentService'
2026-05-28T19:49:18.374+03:30 DEBUG 9248 --- [blogApp] [           main] o.s.b.f.s.DefaultListableBeanFactory     : Creating shared instance of singleton bean 'commentRepository'
2026-05-28T19:49:18.375+03:30 DEBUG 9248 --- [blogApp] [           main] o.s.b.f.s.DefaultListableBeanFactory     : Creating shared instance of singleton bean 'jpa.named-queries#0'
2026-05-28T19:49:18.377+03:30 DEBUG 9248 --- [blogApp] [           main] o.s.b.f.s.DefaultListableBeanFactory     : Creating shared instance of singleton bean 'jpa.CommentRepository.fragments#0'
2026-05-28T19:49:18.385+03:30 DEBUG 9248 --- [blogApp] [           main] o.s.d.r.c.s.RepositoryFactorySupport     : Initializing repository instance for com.mahdi.blogApp.feature.comment.repository.CommentRepository…
2026-05-28T19:49:18.394+03:30 DEBUG 9248 --- [blogApp] [           main] o.s.d.jpa.repository.query.NamedQuery    : Did not find named query CommentEntity.findRepliesWithUser.count
2026-05-28T19:49:18.402+03:30  INFO 9248 --- [blogApp] [           main] o.s.d.j.r.query.QueryEnhancerFactory     : Hibernate is in classpath; If applicable, HQL parser will be used.
2026-05-28T19:49:18.856+03:30 DEBUG 9248 --- [blogApp] [           main] o.s.d.jpa.repository.query.NamedQuery    : Did not find named query CommentEntity.findRootCommentsWithUser.count
2026-05-28T19:49:18.875+03:30 DEBUG 9248 --- [blogApp] [           main] o.s.d.jpa.repository.query.NamedQuery    : Looking up named query 'CommentEntity.findByIdAndPostId'
2026-05-28T19:49:18.875+03:30 DEBUG 9248 --- [blogApp] [           main] o.s.d.jpa.repository.query.NamedQuery    : Did not find named query CommentEntity.findByIdAndPostId
2026-05-28T19:49:18.880+03:30 DEBUG 9248 --- [blogApp] [           main] o.s.d.r.c.s.RepositoryFactorySupport     : Finished creation of repository instance for com.mahdi.blogApp.feature.comment.repository.CommentRepository.
2026-05-28T19:49:18.885+03:30 DEBUG 9248 --- [blogApp] [           main] o.s.b.f.s.DefaultListableBeanFactory     : Creating shared instance of singleton bean 'postRepository'
2026-05-28T19:49:18.886+03:30 DEBUG 9248 --- [blogApp] [           main] o.s.b.f.s.DefaultListableBeanFactory     : Creating shared instance of singleton bean 'jpa.named-queries#4'
2026-05-28T19:49:18.887+03:30 DEBUG 9248 --- [blogApp] [           main] o.s.b.f.s.DefaultListableBeanFactory     : Creating shared instance of singleton bean 'jpa.PostRepository.fragments#0'
2026-05-28T19:49:18.888+03:30 DEBUG 9248 --- [blogApp] [           main] o.s.d.r.c.s.RepositoryFactorySupport     : Initializing repository instance for com.mahdi.blogApp.feature.post.repository.PostRepository…
2026-05-28T19:49:18.889+03:30 DEBUG 9248 --- [blogApp] [           main] o.s.d.jpa.repository.query.NamedQuery    : Looking up named query 'PostEntity.findByCategories_Name'
2026-05-28T19:49:18.890+03:30 DEBUG 9248 --- [blogApp] [           main] o.s.d.jpa.repository.query.NamedQuery    : Did not find named query PostEntity.findByCategories_Name
2026-05-28T19:49:18.890+03:30 DEBUG 9248 --- [blogApp] [           main] o.s.d.jpa.repository.query.NamedQuery    : Looking up named query 'PostEntity.findByTitleContainingIgnoreCaseOrContentContainingIgnoreCase'
2026-05-28T19:49:18.890+03:30 DEBUG 9248 --- [blogApp] [           main] o.s.d.jpa.repository.query.NamedQuery    : Did not find named query PostEntity.findByTitleContainingIgnoreCaseOrContentContainingIgnoreCase
2026-05-28T19:49:18.891+03:30 DEBUG 9248 --- [blogApp] [           main] o.s.d.jpa.repository.query.NamedQuery    : Looking up named query 'PostEntity.countByAuthorId'
2026-05-28T19:49:18.891+03:30 DEBUG 9248 --- [blogApp] [           main] o.s.d.jpa.repository.query.NamedQuery    : Did not find named query PostEntity.countByAuthorId
2026-05-28T19:49:18.891+03:30 DEBUG 9248 --- [blogApp] [           main] o.s.d.jpa.repository.query.NamedQuery    : Looking up named query 'PostEntity.findByAuthorId'
2026-05-28T19:49:18.891+03:30 DEBUG 9248 --- [blogApp] [           main] o.s.d.jpa.repository.query.NamedQuery    : Did not find named query PostEntity.findByAuthorId
2026-05-28T19:49:18.893+03:30 DEBUG 9248 --- [blogApp] [           main] o.s.d.jpa.repository.query.NamedQuery    : Looking up named query 'PostEntity.findByCategories_Id'
2026-05-28T19:49:18.893+03:30 DEBUG 9248 --- [blogApp] [           main] o.s.d.jpa.repository.query.NamedQuery    : Did not find named query PostEntity.findByCategories_Id
2026-05-28T19:49:18.893+03:30 DEBUG 9248 --- [blogApp] [           main] o.s.d.jpa.repository.query.NamedQuery    : Looking up named query 'PostEntity.findByTitleContainingIgnoreCase'
2026-05-28T19:49:18.893+03:30 DEBUG 9248 --- [blogApp] [           main] o.s.d.jpa.repository.query.NamedQuery    : Did not find named query PostEntity.findByTitleContainingIgnoreCase
2026-05-28T19:49:18.896+03:30 DEBUG 9248 --- [blogApp] [           main] o.s.d.r.c.s.RepositoryFactorySupport     : Finished creation of repository instance for com.mahdi.blogApp.feature.post.repository.PostRepository.
2026-05-28T19:49:18.901+03:30 DEBUG 9248 --- [blogApp] [           main] o.s.b.f.s.DefaultListableBeanFactory     : Creating shared instance of singleton bean 'commentMapperImpl'
2026-05-28T19:49:18.901+03:30 DEBUG 9248 --- [blogApp] [           main] o.s.b.f.s.DefaultListableBeanFactory     : Autowiring by type from bean name 'commentService' via constructor to bean named 'commentRepository'
2026-05-28T19:49:18.901+03:30 DEBUG 9248 --- [blogApp] [           main] o.s.b.f.s.DefaultListableBeanFactory     : Autowiring by type from bean name 'commentService' via constructor to bean named 'postRepository'
2026-05-28T19:49:18.901+03:30 DEBUG 9248 --- [blogApp] [           main] o.s.b.f.s.DefaultListableBeanFactory     : Autowiring by type from bean name 'commentService' via constructor to bean named 'userRepository'
2026-05-28T19:49:18.902+03:30 DEBUG 9248 --- [blogApp] [           main] o.s.b.f.s.DefaultListableBeanFactory     : Autowiring by type from bean name 'commentService' via constructor to bean named 'commentMapperImpl'
2026-05-28T19:49:18.903+03:30 DEBUG 9248 --- [blogApp] [           main] o.s.b.f.s.DefaultListableBeanFactory     : Autowiring by type from bean name 'commentController' via constructor to bean named 'commentService'
2026-05-28T19:49:18.908+03:30 DEBUG 9248 --- [blogApp] [           main] o.s.b.f.s.DefaultListableBeanFactory     : Creating shared instance of singleton bean 'commentLikeController'
2026-05-28T19:49:18.908+03:30 DEBUG 9248 --- [blogApp] [           main] o.s.b.f.s.DefaultListableBeanFactory     : Creating shared instance of singleton bean 'commentLikeService'
2026-05-28T19:49:18.908+03:30 DEBUG 9248 --- [blogApp] [           main] o.s.b.f.s.DefaultListableBeanFactory     : Creating shared instance of singleton bean 'commentLikeRepository'
2026-05-28T19:49:18.909+03:30 DEBUG 9248 --- [blogApp] [           main] o.s.b.f.s.DefaultListableBeanFactory     : Creating shared instance of singleton bean 'jpa.named-queries#2'
2026-05-28T19:49:18.910+03:30 DEBUG 9248 --- [blogApp] [           main] o.s.b.f.s.DefaultListableBeanFactory     : Creating shared instance of singleton bean 'jpa.CommentLikeRepository.fragments#0'
2026-05-28T19:49:18.912+03:30 DEBUG 9248 --- [blogApp] [           main] o.s.d.r.c.s.RepositoryFactorySupport     : Initializing repository instance for com.mahdi.blogApp.feature.comment.repository.CommentLikeRepository…
2026-05-28T19:49:18.914+03:30 DEBUG 9248 --- [blogApp] [           main] o.s.d.jpa.repository.query.NamedQuery    : Did not find named query CommentLikeEntity.deleteByUserIdAndCommentId.count
2026-05-28T19:49:18.918+03:30 DEBUG 9248 --- [blogApp] [           main] o.s.d.jpa.repository.query.NamedQuery    : Did not find named query CommentLikeEntity.existsByUserIdAndCommentId.count
2026-05-28T19:49:18.960+03:30 DEBUG 9248 --- [blogApp] [           main] o.s.d.jpa.repository.query.NamedQuery    : Did not find named query CommentLikeEntity.countByCommentId.count
2026-05-28T19:49:18.964+03:30 DEBUG 9248 --- [blogApp] [           main] o.s.d.r.c.s.RepositoryFactorySupport     : Finished creation of repository instance for com.mahdi.blogApp.feature.comment.repository.CommentLikeRepository.
2026-05-28T19:49:18.969+03:30 DEBUG 9248 --- [blogApp] [           main] o.s.b.f.s.DefaultListableBeanFactory     : Autowiring by type from bean name 'commentLikeService' via constructor to bean named 'commentLikeRepository'
2026-05-28T19:49:18.969+03:30 DEBUG 9248 --- [blogApp] [           main] o.s.b.f.s.DefaultListableBeanFactory     : Autowiring by type from bean name 'commentLikeService' via constructor to bean named 'commentRepository'
2026-05-28T19:49:18.969+03:30 DEBUG 9248 --- [blogApp] [           main] o.s.b.f.s.DefaultListableBeanFactory     : Autowiring by type from bean name 'commentLikeService' via constructor to bean named 'userRepository'
2026-05-28T19:49:18.970+03:30 DEBUG 9248 --- [blogApp] [           main] o.s.b.f.s.DefaultListableBeanFactory     : Autowiring by type from bean name 'commentLikeController' via constructor to bean named 'commentLikeService'
2026-05-28T19:49:18.970+03:30 DEBUG 9248 --- [blogApp] [           main] o.s.b.f.s.DefaultListableBeanFactory     : Autowiring by type from bean name 'commentLikeController' via constructor to bean named 'userRepository'
2026-05-28T19:49:18.973+03:30 DEBUG 9248 --- [blogApp] [           main] o.s.b.f.s.DefaultListableBeanFactory     : Creating shared instance of singleton bean 'commentValidator'
2026-05-28T19:49:18.975+03:30 DEBUG 9248 --- [blogApp] [           main] o.s.b.f.s.DefaultListableBeanFactory     : Autowiring by type from bean name 'commentValidator' via constructor to bean named 'commentRepository'
2026-05-28T19:49:18.975+03:30 DEBUG 9248 --- [blogApp] [           main] o.s.b.f.s.DefaultListableBeanFactory     : Creating shared instance of singleton bean 'postController'
2026-05-28T19:49:18.975+03:30 DEBUG 9248 --- [blogApp] [           main] o.s.b.f.s.DefaultListableBeanFactory     : Creating shared instance of singleton bean 'postService'
2026-05-28T19:49:18.977+03:30 DEBUG 9248 --- [blogApp] [           main] o.s.b.f.s.DefaultListableBeanFactory     : Creating shared instance of singleton bean 'postMapperImpl'
2026-05-28T19:49:18.977+03:30 DEBUG 9248 --- [blogApp] [           main] o.s.b.f.s.DefaultListableBeanFactory     : Creating shared instance of singleton bean 'postValidator'
2026-05-28T19:49:18.977+03:30 DEBUG 9248 --- [blogApp] [           main] o.s.b.f.s.DefaultListableBeanFactory     : Autowiring by type from bean name 'postService' via constructor to bean named 'postRepository'
2026-05-28T19:49:18.977+03:30 DEBUG 9248 --- [blogApp] [           main] o.s.b.f.s.DefaultListableBeanFactory     : Autowiring by type from bean name 'postService' via constructor to bean named 'postMapperImpl'
2026-05-28T19:49:18.977+03:30 DEBUG 9248 --- [blogApp] [           main] o.s.b.f.s.DefaultListableBeanFactory     : Autowiring by type from bean name 'postService' via constructor to bean named 'postValidator'
2026-05-28T19:49:18.977+03:30 DEBUG 9248 --- [blogApp] [           main] o.s.b.f.s.DefaultListableBeanFactory     : Autowiring by type from bean name 'postService' via constructor to bean named 'userRepository'
2026-05-28T19:49:18.977+03:30 DEBUG 9248 --- [blogApp] [           main] o.s.b.f.s.DefaultListableBeanFactory     : Autowiring by type from bean name 'postService' via constructor to bean named 'categoryRepository'
2026-05-28T19:49:18.979+03:30 DEBUG 9248 --- [blogApp] [           main] o.s.b.f.s.DefaultListableBeanFactory     : Autowiring by type from bean name 'postController' via constructor to bean named 'postService'
2026-05-28T19:49:18.983+03:30 DEBUG 9248 --- [blogApp] [           main] o.s.b.f.s.DefaultListableBeanFactory     : Creating shared instance of singleton bean 'adminPostController'
2026-05-28T19:49:18.983+03:30 DEBUG 9248 --- [blogApp] [           main] o.s.b.f.s.DefaultListableBeanFactory     : Autowiring by type from bean name 'adminPostController' via constructor to bean named 'postService'
2026-05-28T19:49:18.987+03:30 DEBUG 9248 --- [blogApp] [           main] o.s.b.f.s.DefaultListableBeanFactory     : Creating shared instance of singleton bean 'adminStatsController'
2026-05-28T19:49:18.987+03:30 DEBUG 9248 --- [blogApp] [           main] o.s.b.f.s.DefaultListableBeanFactory     : Autowiring by type from bean name 'adminStatsController' via constructor to bean named 'userRepository'
2026-05-28T19:49:18.987+03:30 DEBUG 9248 --- [blogApp] [           main] o.s.b.f.s.DefaultListableBeanFactory     : Autowiring by type from bean name 'adminStatsController' via constructor to bean named 'postRepository'
2026-05-28T19:49:18.989+03:30 DEBUG 9248 --- [blogApp] [           main] o.s.b.f.s.DefaultListableBeanFactory     : Creating shared instance of singleton bean 'adminUserController'
2026-05-28T19:49:18.991+03:30 DEBUG 9248 --- [blogApp] [           main] o.s.b.f.s.DefaultListableBeanFactory     : Autowiring by type from bean name 'adminUserController' via constructor to bean named 'userManagementService'
2026-05-28T19:49:18.993+03:30 DEBUG 9248 --- [blogApp] [           main] o.s.b.f.s.DefaultListableBeanFactory     : Creating shared instance of singleton bean 'superAdminController'
2026-05-28T19:49:18.993+03:30 DEBUG 9248 --- [blogApp] [           main] o.s.b.f.s.DefaultListableBeanFactory     : Autowiring by type from bean name 'superAdminController' via constructor to bean named 'userManagementService'
2026-05-28T19:49:18.993+03:30 DEBUG 9248 --- [blogApp] [           main] o.s.b.f.s.DefaultListableBeanFactory     : Creating shared instance of singleton bean 'userController'
2026-05-28T19:49:18.993+03:30 DEBUG 9248 --- [blogApp] [           main] o.s.b.f.s.DefaultListableBeanFactory     : Autowiring by type from bean name 'userController' via constructor to bean named 'userManagementService'
2026-05-28T19:49:19.000+03:30 DEBUG 9248 --- [blogApp] [           main] o.s.b.f.s.DefaultListableBeanFactory     : Creating shared instance of singleton bean 'corsConfigurer'
2026-05-28T19:49:19.002+03:30 DEBUG 9248 --- [blogApp] [           main] o.s.b.f.s.DefaultListableBeanFactory     : Creating shared instance of singleton bean '_prePostMethodSecurityConfiguration'
2026-05-28T19:49:19.002+03:30 DEBUG 9248 --- [blogApp] [           main] o.s.b.f.s.DefaultListableBeanFactory     : Creating shared instance of singleton bean 'methodAuthorizationManagerPostProcessor'
2026-05-28T19:49:19.006+03:30 DEBUG 9248 --- [blogApp] [           main] o.s.b.f.s.DefaultListableBeanFactory     : Creating shared instance of singleton bean 'methodResultAuthorizationManagerPostProcessor'
2026-05-28T19:49:19.010+03:30 DEBUG 9248 --- [blogApp] [           main] o.s.b.f.s.DefaultListableBeanFactory     : Creating shared instance of singleton bean 'prePostAuthorizeExpressionHintsRegistrar'
2026-05-28T19:49:19.010+03:30 DEBUG 9248 --- [blogApp] [           main] o.s.b.f.s.DefaultListableBeanFactory     : Creating shared instance of singleton bean 'org.springframework.security.config.annotation.method.configuration.AuthorizationProxyConfiguration'
2026-05-28T19:49:19.010+03:30 DEBUG 9248 --- [blogApp] [           main] o.s.b.f.s.DefaultListableBeanFactory     : Creating shared instance of singleton bean 'authorizationProxyFactory'
2026-05-28T19:49:19.013+03:30 DEBUG 9248 --- [blogApp] [           main] o.s.b.f.s.DefaultListableBeanFactory     : Creating shared instance of singleton bean 'webTargetVisitor'
2026-05-28T19:49:19.013+03:30 DEBUG 9248 --- [blogApp] [           main] o.s.b.f.s.DefaultListableBeanFactory     : Creating shared instance of singleton bean 'org.springframework.security.config.annotation.method.configuration.AuthorizationProxyWebConfiguration'
2026-05-28T19:49:19.019+03:30 DEBUG 9248 --- [blogApp] [           main] o.s.b.f.s.DefaultListableBeanFactory     : Creating shared instance of singleton bean 'authorizeReturnObjectHintsRegistrar'
2026-05-28T19:49:19.019+03:30 DEBUG 9248 --- [blogApp] [           main] o.s.b.f.s.DefaultListableBeanFactory     : Autowiring by type from bean name 'authorizeReturnObjectHintsRegistrar' via factory method to bean named 'authorizationProxyFactory'
2026-05-28T19:49:19.021+03:30 DEBUG 9248 --- [blogApp] [           main] o.s.b.f.s.DefaultListableBeanFactory     : Creating shared instance of singleton bean 'org.springframework.security.config.annotation.method.configuration.MethodObservationConfiguration'
2026-05-28T19:49:19.021+03:30 DEBUG 9248 --- [blogApp] [           main] o.s.b.f.s.DefaultListableBeanFactory     : Creating shared instance of singleton bean 'securityFilterChain'
2026-05-28T19:49:19.021+03:30 DEBUG 9248 --- [blogApp] [           main] o.s.b.f.s.DefaultListableBeanFactory     : Creating shared instance of singleton bean 'org.springframework.security.config.annotation.web.configuration.HttpSecurityConfiguration'
2026-05-28T19:49:19.025+03:30 DEBUG 9248 --- [blogApp] [           main] o.s.b.f.s.DefaultListableBeanFactory     : Creating shared instance of singleton bean 'mvcContentNegotiationManager'
2026-05-28T19:49:19.025+03:30 DEBUG 9248 --- [blogApp] [           main] o.s.b.f.s.DefaultListableBeanFactory     : Creating shared instance of singleton bean 'org.springframework.boot.autoconfigure.web.servlet.WebMvcAutoConfiguration$EnableWebMvcConfiguration'
2026-05-28T19:49:19.025+03:30 DEBUG 9248 --- [blogApp] [           main] o.s.b.f.s.DefaultListableBeanFactory     : Creating shared instance of singleton bean 'spring.web-org.springframework.boot.autoconfigure.web.WebProperties'
2026-05-28T19:49:19.029+03:30 DEBUG 9248 --- [blogApp] [           main] o.s.b.f.s.DefaultListableBeanFactory     : Autowiring by type from bean name 'org.springframework.boot.autoconfigure.web.servlet.WebMvcAutoConfiguration$EnableWebMvcConfiguration' via constructor to bean named 'spring.mvc-org.springframework.boot.autoconfigure.web.servlet.WebMvcProperties'
2026-05-28T19:49:19.029+03:30 DEBUG 9248 --- [blogApp] [           main] o.s.b.f.s.DefaultListableBeanFactory     : Autowiring by type from bean name 'org.springframework.boot.autoconfigure.web.servlet.WebMvcAutoConfiguration$EnableWebMvcConfiguration' via constructor to bean named 'spring.web-org.springframework.boot.autoconfigure.web.WebProperties'
2026-05-28T19:49:19.029+03:30 DEBUG 9248 --- [blogApp] [           main] o.s.b.f.s.DefaultListableBeanFactory     : Autowiring by type from bean name 'org.springframework.boot.autoconfigure.web.servlet.WebMvcAutoConfiguration$EnableWebMvcConfiguration' via constructor to bean named 'org.springframework.beans.factory.support.DefaultListableBeanFactory@51972dc7'
2026-05-28T19:49:19.033+03:30 DEBUG 9248 --- [blogApp] [           main] o.s.b.f.s.DefaultListableBeanFactory     : Creating shared instance of singleton bean 'org.springframework.boot.autoconfigure.web.servlet.WebMvcAutoConfiguration$WebMvcAutoConfigurationAdapter'
2026-05-28T19:49:19.034+03:30 DEBUG 9248 --- [blogApp] [           main] o.s.b.f.s.DefaultListableBeanFactory     : Autowiring by type from bean name 'org.springframework.boot.autoconfigure.web.servlet.WebMvcAutoConfiguration$WebMvcAutoConfigurationAdapter' via constructor to bean named 'spring.web-org.springframework.boot.autoconfigure.web.WebProperties'
2026-05-28T19:49:19.034+03:30 DEBUG 9248 --- [blogApp] [           main] o.s.b.f.s.DefaultListableBeanFactory     : Autowiring by type from bean name 'org.springframework.boot.autoconfigure.web.servlet.WebMvcAutoConfiguration$WebMvcAutoConfigurationAdapter' via constructor to bean named 'spring.mvc-org.springframework.boot.autoconfigure.web.servlet.WebMvcProperties'
2026-05-28T19:49:19.034+03:30 DEBUG 9248 --- [blogApp] [           main] o.s.b.f.s.DefaultListableBeanFactory     : Autowiring by type from bean name 'org.springframework.boot.autoconfigure.web.servlet.WebMvcAutoConfiguration$WebMvcAutoConfigurationAdapter' via constructor to bean named 'org.springframework.beans.factory.support.DefaultListableBeanFactory@51972dc7'
2026-05-28T19:49:19.035+03:30 DEBUG 9248 --- [blogApp] [           main] o.s.b.f.s.DefaultListableBeanFactory     : Creating shared instance of singleton bean 'openEntityManagerInViewInterceptorConfigurer'
2026-05-28T19:49:19.038+03:30 DEBUG 9248 --- [blogApp] [           main] o.s.b.f.s.DefaultListableBeanFactory     : Creating shared instance of singleton bean 'org.springframework.boot.autoconfigure.orm.jpa.JpaBaseConfiguration$JpaWebConfiguration'
2026-05-28T19:49:19.038+03:30 DEBUG 9248 --- [blogApp] [           main] o.s.b.f.s.DefaultListableBeanFactory     : Autowiring by type from bean name 'org.springframework.boot.autoconfigure.orm.jpa.JpaBaseConfiguration$JpaWebConfiguration' via constructor to bean named 'spring.jpa-org.springframework.boot.autoconfigure.orm.jpa.JpaProperties'
2026-05-28T19:49:19.038+03:30 DEBUG 9248 --- [blogApp] [           main] o.s.b.f.s.DefaultListableBeanFactory     : Creating shared instance of singleton bean 'openEntityManagerInViewInterceptor'
2026-05-28T19:49:19.038+03:30  WARN 9248 --- [blogApp] [           main] JpaBaseConfiguration$JpaWebConfiguration : spring.jpa.open-in-view is enabled by default. Therefore, database queries may be performed during view rendering. Explicitly configure spring.jpa.open-in-view to disable this warning
2026-05-28T19:49:19.042+03:30 DEBUG 9248 --- [blogApp] [           main] o.s.b.f.s.DefaultListableBeanFactory     : Autowiring by type from bean name 'openEntityManagerInViewInterceptorConfigurer' via factory method to bean named 'openEntityManagerInViewInterceptor'
2026-05-28T19:49:19.044+03:30 DEBUG 9248 --- [blogApp] [           main] o.s.b.f.s.DefaultListableBeanFactory     : Creating shared instance of singleton bean 'org.springframework.data.web.config.SpringDataWebConfiguration'
2026-05-28T19:49:19.045+03:30 DEBUG 9248 --- [blogApp] [           main] o.s.b.f.s.DefaultListableBeanFactory     : Autowiring by type from bean name 'org.springframework.data.web.config.SpringDataWebConfiguration' via constructor to bean named 'org.springframework.boot.web.servlet.context.AnnotationConfigServletWebServerApplicationContext@327af41b'
2026-05-28T19:49:19.048+03:30 DEBUG 9248 --- [blogApp] [           main] o.s.b.f.s.DefaultListableBeanFactory     : Creating shared instance of singleton bean 'org.springframework.security.config.annotation.web.configuration.WebMvcSecurityConfiguration'
2026-05-28T19:49:19.118+03:30 DEBUG 9248 --- [blogApp] [           main] o.s.b.f.s.DefaultListableBeanFactory     : Autowiring by type from bean name 'securityFilterChain' via factory method to bean named 'org.springframework.security.config.annotation.web.configuration.HttpSecurityConfiguration.httpSecurity'
2026-05-28T19:49:19.118+03:30 DEBUG 9248 --- [blogApp] [           main] o.s.b.f.s.DefaultListableBeanFactory     : Autowiring by type from bean name 'securityFilterChain' via factory method to bean named 'jwtAuthFilter'
2026-05-28T19:49:19.123+03:30 DEBUG 9248 --- [blogApp] [           main] o.s.b.f.s.DefaultListableBeanFactory     : Creating shared instance of singleton bean 'webAuthorizationManagerPostProcessor'
2026-05-28T19:49:19.126+03:30 DEBUG 9248 --- [blogApp] [           main] o.s.b.f.s.DefaultListableBeanFactory     : Creating shared instance of singleton bean 'mvcHandlerMappingIntrospector'
2026-05-28T19:49:19.131+03:30 DEBUG 9248 --- [blogApp] [           main] o.s.b.f.s.DefaultListableBeanFactory     : Creating shared instance of singleton bean 'welcomePageHandlerMapping'
2026-05-28T19:49:19.131+03:30 DEBUG 9248 --- [blogApp] [           main] o.s.b.f.s.DefaultListableBeanFactory     : Creating shared instance of singleton bean 'mvcConversionService'
2026-05-28T19:49:19.139+03:30 DEBUG 9248 --- [blogApp] [           main] o.s.b.f.s.DefaultListableBeanFactory     : Creating shared instance of singleton bean 'mvcResourceUrlProvider'
2026-05-28T19:49:19.141+03:30 DEBUG 9248 --- [blogApp] [           main] o.s.b.f.s.DefaultListableBeanFactory     : Autowiring by type from bean name 'welcomePageHandlerMapping' via factory method to bean named 'org.springframework.boot.web.servlet.context.AnnotationConfigServletWebServerApplicationContext@327af41b'
2026-05-28T19:49:19.141+03:30 DEBUG 9248 --- [blogApp] [           main] o.s.b.f.s.DefaultListableBeanFactory     : Autowiring by type from bean name 'welcomePageHandlerMapping' via factory method to bean named 'mvcConversionService'
2026-05-28T19:49:19.141+03:30 DEBUG 9248 --- [blogApp] [           main] o.s.b.f.s.DefaultListableBeanFactory     : Autowiring by type from bean name 'welcomePageHandlerMapping' via factory method to bean named 'mvcResourceUrlProvider'
2026-05-28T19:49:19.163+03:30 DEBUG 9248 --- [blogApp] [           main] o.s.b.f.s.DefaultListableBeanFactory     : Creating shared instance of singleton bean 'welcomePageNotAcceptableHandlerMapping'
2026-05-28T19:49:19.163+03:30 DEBUG 9248 --- [blogApp] [           main] o.s.b.f.s.DefaultListableBeanFactory     : Autowiring by type from bean name 'welcomePageNotAcceptableHandlerMapping' via factory method to bean named 'org.springframework.boot.web.servlet.context.AnnotationConfigServletWebServerApplicationContext@327af41b'
2026-05-28T19:49:19.163+03:30 DEBUG 9248 --- [blogApp] [           main] o.s.b.f.s.DefaultListableBeanFactory     : Autowiring by type from bean name 'welcomePageNotAcceptableHandlerMapping' via factory method to bean named 'mvcConversionService'
2026-05-28T19:49:19.163+03:30 DEBUG 9248 --- [blogApp] [           main] o.s.b.f.s.DefaultListableBeanFactory     : Autowiring by type from bean name 'welcomePageNotAcceptableHandlerMapping' via factory method to bean named 'mvcResourceUrlProvider'
2026-05-28T19:49:19.169+03:30 DEBUG 9248 --- [blogApp] [           main] o.s.b.f.s.DefaultListableBeanFactory     : Creating shared instance of singleton bean 'requestMappingHandlerMapping'
2026-05-28T19:49:19.170+03:30 DEBUG 9248 --- [blogApp] [           main] o.s.b.f.s.DefaultListableBeanFactory     : Autowiring by type from bean name 'requestMappingHandlerMapping' via factory method to bean named 'mvcContentNegotiationManager'
2026-05-28T19:49:19.170+03:30 DEBUG 9248 --- [blogApp] [           main] o.s.b.f.s.DefaultListableBeanFactory     : Autowiring by type from bean name 'requestMappingHandlerMapping' via factory method to bean named 'mvcConversionService'
2026-05-28T19:49:19.170+03:30 DEBUG 9248 --- [blogApp] [           main] o.s.b.f.s.DefaultListableBeanFactory     : Autowiring by type from bean name 'requestMappingHandlerMapping' via factory method to bean named 'mvcResourceUrlProvider'
2026-05-28T19:49:19.235+03:30 DEBUG 9248 --- [blogApp] [           main] s.w.s.m.m.a.RequestMappingHandlerMapping : 44 mappings in 'requestMappingHandlerMapping'
2026-05-28T19:49:19.244+03:30 DEBUG 9248 --- [blogApp] [           main] o.s.b.f.s.DefaultListableBeanFactory     : Creating shared instance of singleton bean 'viewControllerHandlerMapping'
2026-05-28T19:49:19.245+03:30 DEBUG 9248 --- [blogApp] [           main] o.s.b.f.s.DefaultListableBeanFactory     : Autowiring by type from bean name 'viewControllerHandlerMapping' via factory method to bean named 'mvcConversionService'
2026-05-28T19:49:19.245+03:30 DEBUG 9248 --- [blogApp] [           main] o.s.b.f.s.DefaultListableBeanFactory     : Autowiring by type from bean name 'viewControllerHandlerMapping' via factory method to bean named 'mvcResourceUrlProvider'
2026-05-28T19:49:19.246+03:30 DEBUG 9248 --- [blogApp] [           main] o.s.b.f.s.DefaultListableBeanFactory     : Creating shared instance of singleton bean 'beanNameHandlerMapping'
2026-05-28T19:49:19.246+03:30 DEBUG 9248 --- [blogApp] [           main] o.s.b.f.s.DefaultListableBeanFactory     : Autowiring by type from bean name 'beanNameHandlerMapping' via factory method to bean named 'mvcConversionService'
2026-05-28T19:49:19.246+03:30 DEBUG 9248 --- [blogApp] [           main] o.s.b.f.s.DefaultListableBeanFactory     : Autowiring by type from bean name 'beanNameHandlerMapping' via factory method to bean named 'mvcResourceUrlProvider'
2026-05-28T19:49:19.257+03:30 DEBUG 9248 --- [blogApp] [           main] o.s.b.f.s.DefaultListableBeanFactory     : Creating shared instance of singleton bean 'routerFunctionMapping'
2026-05-28T19:49:19.257+03:30 DEBUG 9248 --- [blogApp] [           main] o.s.b.f.s.DefaultListableBeanFactory     : Autowiring by type from bean name 'routerFunctionMapping' via factory method to bean named 'mvcConversionService'
2026-05-28T19:49:19.257+03:30 DEBUG 9248 --- [blogApp] [           main] o.s.b.f.s.DefaultListableBeanFactory     : Autowiring by type from bean name 'routerFunctionMapping' via factory method to bean named 'mvcResourceUrlProvider'
2026-05-28T19:49:19.257+03:30 DEBUG 9248 --- [blogApp] [           main] o.s.b.f.s.DefaultListableBeanFactory     : Creating shared instance of singleton bean 'messageConverters'
2026-05-28T19:49:19.257+03:30 DEBUG 9248 --- [blogApp] [           main] o.s.b.f.s.DefaultListableBeanFactory     : Creating shared instance of singleton bean 'org.springframework.boot.autoconfigure.http.HttpMessageConvertersAutoConfiguration'
2026-05-28T19:49:19.262+03:30 DEBUG 9248 --- [blogApp] [           main] o.s.b.f.s.DefaultListableBeanFactory     : Creating shared instance of singleton bean 'stringHttpMessageConverter'
2026-05-28T19:49:19.262+03:30 DEBUG 9248 --- [blogApp] [           main] o.s.b.f.s.DefaultListableBeanFactory     : Creating shared instance of singleton bean 'org.springframework.boot.autoconfigure.http.HttpMessageConvertersAutoConfiguration$StringHttpMessageConverterConfiguration'
2026-05-28T19:49:19.263+03:30 DEBUG 9248 --- [blogApp] [           main] o.s.b.f.s.DefaultListableBeanFactory     : Autowiring by type from bean name 'stringHttpMessageConverter' via factory method to bean named 'environment'
2026-05-28T19:49:19.266+03:30 DEBUG 9248 --- [blogApp] [           main] o.s.b.f.s.DefaultListableBeanFactory     : Creating shared instance of singleton bean 'mappingJackson2HttpMessageConverter'
2026-05-28T19:49:19.266+03:30 DEBUG 9248 --- [blogApp] [           main] o.s.b.f.s.DefaultListableBeanFactory     : Creating shared instance of singleton bean 'org.springframework.boot.autoconfigure.http.JacksonHttpMessageConvertersConfiguration$MappingJackson2HttpMessageConverterConfiguration'
2026-05-28T19:49:19.266+03:30 DEBUG 9248 --- [blogApp] [           main] o.s.b.f.s.DefaultListableBeanFactory     : Creating shared instance of singleton bean 'jacksonObjectMapper'
2026-05-28T19:49:19.266+03:30 DEBUG 9248 --- [blogApp] [           main] o.s.b.f.s.DefaultListableBeanFactory     : Creating shared instance of singleton bean 'org.springframework.boot.autoconfigure.jackson.JacksonAutoConfiguration$JacksonObjectMapperConfiguration'
2026-05-28T19:49:19.269+03:30 DEBUG 9248 --- [blogApp] [           main] o.s.b.f.s.DefaultListableBeanFactory     : Creating shared instance of singleton bean 'org.springframework.boot.autoconfigure.jackson.JacksonAutoConfiguration$JacksonObjectMapperBuilderConfiguration'
2026-05-28T19:49:19.269+03:30 DEBUG 9248 --- [blogApp] [           main] o.s.b.f.s.DefaultListableBeanFactory     : Creating shared instance of singleton bean 'standardJacksonObjectMapperBuilderCustomizer'
2026-05-28T19:49:19.269+03:30 DEBUG 9248 --- [blogApp] [           main] o.s.b.f.s.DefaultListableBeanFactory     : Creating shared instance of singleton bean 'org.springframework.boot.autoconfigure.jackson.JacksonAutoConfiguration$Jackson2ObjectMapperBuilderCustomizerConfiguration'
2026-05-28T19:49:19.270+03:30 DEBUG 9248 --- [blogApp] [           main] o.s.b.f.s.DefaultListableBeanFactory     : Creating shared instance of singleton bean 'spring.jackson-org.springframework.boot.autoconfigure.jackson.JacksonProperties'
2026-05-28T19:49:19.270+03:30 DEBUG 9248 --- [blogApp] [           main] o.s.b.f.s.DefaultListableBeanFactory     : Autowiring by type from bean name 'standardJacksonObjectMapperBuilderCustomizer' via factory method to bean named 'spring.jackson-org.springframework.boot.autoconfigure.jackson.JacksonProperties'
2026-05-28T19:49:19.270+03:30 DEBUG 9248 --- [blogApp] [           main] o.s.b.f.s.DefaultListableBeanFactory     : Creating shared instance of singleton bean 'parameterNamesModule'
2026-05-28T19:49:19.270+03:30 DEBUG 9248 --- [blogApp] [           main] o.s.b.f.s.DefaultListableBeanFactory     : Creating shared instance of singleton bean 'org.springframework.boot.autoconfigure.jackson.JacksonAutoConfiguration$ParameterNamesModuleConfiguration'
2026-05-28T19:49:19.273+03:30 DEBUG 9248 --- [blogApp] [           main] o.s.b.f.s.DefaultListableBeanFactory     : Creating shared instance of singleton bean 'jsonMixinModule'
2026-05-28T19:49:19.273+03:30 DEBUG 9248 --- [blogApp] [           main] o.s.b.f.s.DefaultListableBeanFactory     : Creating shared instance of singleton bean 'org.springframework.boot.autoconfigure.jackson.JacksonAutoConfiguration$JacksonMixinConfiguration'
2026-05-28T19:49:19.277+03:30 DEBUG 9248 --- [blogApp] [           main] o.s.b.f.s.DefaultListableBeanFactory     : Creating shared instance of singleton bean 'jsonMixinModuleEntries'
2026-05-28T19:49:19.277+03:30 DEBUG 9248 --- [blogApp] [           main] o.s.b.f.s.DefaultListableBeanFactory     : Autowiring by type from bean name 'jsonMixinModuleEntries' via factory method to bean named 'org.springframework.boot.web.servlet.context.AnnotationConfigServletWebServerApplicationContext@327af41b'
2026-05-28T19:49:19.292+03:30 DEBUG 9248 --- [blogApp] [           main] o.s.b.f.s.DefaultListableBeanFactory     : Autowiring by type from bean name 'jsonMixinModule' via factory method to bean named 'org.springframework.boot.web.servlet.context.AnnotationConfigServletWebServerApplicationContext@327af41b'
2026-05-28T19:49:19.292+03:30 DEBUG 9248 --- [blogApp] [           main] o.s.b.f.s.DefaultListableBeanFactory     : Autowiring by type from bean name 'jsonMixinModule' via factory method to bean named 'jsonMixinModuleEntries'
2026-05-28T19:49:19.293+03:30 DEBUG 9248 --- [blogApp] [           main] o.s.b.f.s.DefaultListableBeanFactory     : Creating shared instance of singleton bean 'jsonComponentModule'
2026-05-28T19:49:19.293+03:30 DEBUG 9248 --- [blogApp] [           main] o.s.b.f.s.DefaultListableBeanFactory     : Creating shared instance of singleton bean 'org.springframework.boot.autoconfigure.jackson.JacksonAutoConfiguration'
2026-05-28T19:49:19.297+03:30 DEBUG 9248 --- [blogApp] [           main] o.s.b.f.s.DefaultListableBeanFactory     : Creating shared instance of singleton bean 'jacksonGeoModule'
2026-05-28T19:49:19.297+03:30 DEBUG 9248 --- [blogApp] [           main] o.s.b.f.s.DefaultListableBeanFactory     : Creating shared instance of singleton bean 'org.springframework.data.web.config.SpringDataJacksonConfiguration'
2026-05-28T19:49:19.297+03:30 DEBUG 9248 --- [blogApp] [           main] o.s.b.f.s.DefaultListableBeanFactory     : Creating shared instance of singleton bean 'springDataWebSettings'
2026-05-28T19:49:19.297+03:30 DEBUG 9248 --- [blogApp] [           main] o.s.b.f.s.DefaultListableBeanFactory     : Creating shared instance of singleton bean 'org.springframework.boot.autoconfigure.data.web.SpringDataWebAutoConfiguration'
2026-05-28T19:49:19.298+03:30 DEBUG 9248 --- [blogApp] [           main] o.s.b.f.s.DefaultListableBeanFactory     : Creating shared instance of singleton bean 'spring.data.web-org.springframework.boot.autoconfigure.data.web.SpringDataWebProperties'
2026-05-28T19:49:19.299+03:30 DEBUG 9248 --- [blogApp] [           main] o.s.b.f.s.DefaultListableBeanFactory     : Autowiring by type from bean name 'org.springframework.boot.autoconfigure.data.web.SpringDataWebAutoConfiguration' via constructor to bean named 'spring.data.web-org.springframework.boot.autoconfigure.data.web.SpringDataWebProperties'
2026-05-28T19:49:19.303+03:30 DEBUG 9248 --- [blogApp] [           main] o.s.b.f.s.DefaultListableBeanFactory     : Creating shared instance of singleton bean 'pageModule'
2026-05-28T19:49:19.305+03:30 DEBUG 9248 --- [blogApp] [           main] o.s.b.f.s.DefaultListableBeanFactory     : Autowiring by type from bean name 'jacksonObjectMapperBuilder' via factory method to bean named 'org.springframework.boot.web.servlet.context.AnnotationConfigServletWebServerApplicationContext@327af41b'
2026-05-28T19:49:19.305+03:30 DEBUG 9248 --- [blogApp] [           main] o.s.b.f.s.DefaultListableBeanFactory     : Autowiring by type from bean name 'jacksonObjectMapperBuilder' via factory method to bean named 'standardJacksonObjectMapperBuilderCustomizer'
2026-05-28T19:49:19.310+03:30 DEBUG 9248 --- [blogApp] [           main] o.s.b.f.s.DefaultListableBeanFactory     : Autowiring by type from bean name 'jacksonObjectMapper' via factory method to bean named 'jacksonObjectMapperBuilder'
2026-05-28T19:49:19.325+03:30 DEBUG 9248 --- [blogApp] [           main] o.s.b.f.s.DefaultListableBeanFactory     : Autowiring by type from bean name 'mappingJackson2HttpMessageConverter' via factory method to bean named 'jacksonObjectMapper'
2026-05-28T19:49:19.335+03:30 DEBUG 9248 --- [blogApp] [           main] o.s.b.f.s.DefaultListableBeanFactory     : Creating shared instance of singleton bean 'resourceHandlerMapping'
2026-05-28T19:49:19.335+03:30 DEBUG 9248 --- [blogApp] [           main] o.s.b.f.s.DefaultListableBeanFactory     : Autowiring by type from bean name 'resourceHandlerMapping' via factory method to bean named 'mvcContentNegotiationManager'
2026-05-28T19:49:19.335+03:30 DEBUG 9248 --- [blogApp] [           main] o.s.b.f.s.DefaultListableBeanFactory     : Autowiring by type from bean name 'resourceHandlerMapping' via factory method to bean named 'mvcConversionService'
2026-05-28T19:49:19.335+03:30 DEBUG 9248 --- [blogApp] [           main] o.s.b.f.s.DefaultListableBeanFactory     : Autowiring by type from bean name 'resourceHandlerMapping' via factory method to bean named 'mvcResourceUrlProvider'
2026-05-28T19:49:19.361+03:30 DEBUG 9248 --- [blogApp] [           main] o.s.w.s.handler.SimpleUrlHandlerMapping  : Patterns [/webjars/**, /**, /uploads/**] in 'resourceHandlerMapping'
2026-05-28T19:49:19.373+03:30 DEBUG 9248 --- [blogApp] [           main] o.s.b.f.s.DefaultListableBeanFactory     : Creating shared instance of singleton bean 'defaultServletHandlerMapping'
2026-05-28T19:49:19.405+03:30 DEBUG 9248 --- [blogApp] [           main] o.s.b.f.s.DefaultListableBeanFactory     : Creating shared instance of singleton bean 'authenticationManagerPostProcessor'
2026-05-28T19:49:19.430+03:30 DEBUG 9248 --- [blogApp] [           main] o.s.s.web.DefaultSecurityFilterChain     : Will secure any request with filters: DisableEncodeUrlFilter, WebAsyncManagerIntegrationFilter, SecurityContextHolderFilter, HeaderWriterFilter, CorsFilter, LogoutFilter, JwtAuthFilter, RequestCacheAwareFilter, SecurityContextHolderAwareRequestFilter, AnonymousAuthenticationFilter, SessionManagementFilter, ExceptionTranslationFilter, AuthorizationFilter
2026-05-28T19:49:19.431+03:30 DEBUG 9248 --- [blogApp] [           main] o.s.b.f.s.DefaultListableBeanFactory     : Creating shared instance of singleton bean 'org.springframework.boot.autoconfigure.context.PropertyPlaceholderAutoConfiguration'
2026-05-28T19:49:19.431+03:30 DEBUG 9248 --- [blogApp] [           main] o.s.b.f.s.DefaultListableBeanFactory     : Creating shared instance of singleton bean 'org.springframework.boot.autoconfigure.websocket.servlet.WebSocketServletAutoConfiguration'
2026-05-28T19:49:19.432+03:30 DEBUG 9248 --- [blogApp] [           main] o.s.b.f.s.DefaultListableBeanFactory     : Creating shared instance of singleton bean 'org.springframework.boot.autoconfigure.web.servlet.DispatcherServletAutoConfiguration'
2026-05-28T19:49:19.432+03:30 DEBUG 9248 --- [blogApp] [           main] o.s.b.f.s.DefaultListableBeanFactory     : Creating shared instance of singleton bean 'org.springframework.boot.autoconfigure.task.TaskExecutorConfigurations$SimpleAsyncTaskExecutorBuilderConfiguration'
2026-05-28T19:49:19.433+03:30 DEBUG 9248 --- [blogApp] [           main] o.s.b.f.s.DefaultListableBeanFactory     : Autowiring by type from bean name 'org.springframework.boot.autoconfigure.task.TaskExecutorConfigurations$SimpleAsyncTaskExecutorBuilderConfiguration' via constructor to bean named 'spring.task.execution-org.springframework.boot.autoconfigure.task.TaskExecutionProperties'
2026-05-28T19:49:19.433+03:30 DEBUG 9248 --- [blogApp] [           main] o.s.b.f.s.DefaultListableBeanFactory     : Creating shared instance of singleton bean 'simpleAsyncTaskExecutorBuilder'
2026-05-28T19:49:19.435+03:30 DEBUG 9248 --- [blogApp] [           main] o.s.b.f.s.DefaultListableBeanFactory     : Creating shared instance of singleton bean 'org.springframework.boot.autoconfigure.task.TaskExecutorConfigurations$AsyncConfigurerConfiguration'
2026-05-28T19:49:19.435+03:30 DEBUG 9248 --- [blogApp] [           main] o.s.b.f.s.DefaultListableBeanFactory     : Creating shared instance of singleton bean 'applicationTaskExecutorAsyncConfigurer'
2026-05-28T19:49:19.435+03:30 DEBUG 9248 --- [blogApp] [           main] o.s.b.f.s.DefaultListableBeanFactory     : Autowiring by type from bean name 'applicationTaskExecutorAsyncConfigurer' via factory method to bean named 'org.springframework.beans.factory.support.DefaultListableBeanFactory@51972dc7'
2026-05-28T19:49:19.436+03:30 DEBUG 9248 --- [blogApp] [           main] o.s.b.f.s.DefaultListableBeanFactory     : Creating shared instance of singleton bean 'org.springframework.boot.autoconfigure.task.TaskExecutorConfigurations$BootstrapExecutorConfiguration'
2026-05-28T19:49:19.437+03:30 DEBUG 9248 --- [blogApp] [           main] o.s.b.f.s.DefaultListableBeanFactory     : Creating shared instance of singleton bean 'org.springframework.boot.autoconfigure.task.TaskExecutionAutoConfiguration'
2026-05-28T19:49:19.437+03:30 DEBUG 9248 --- [blogApp] [           main] o.s.b.f.s.DefaultListableBeanFactory     : Creating shared instance of singleton bean 'org.springframework.boot.autoconfigure.validation.ValidationAutoConfiguration'
2026-05-28T19:49:19.438+03:30 DEBUG 9248 --- [blogApp] [           main] o.s.b.f.s.DefaultListableBeanFactory     : Creating shared instance of singleton bean 'defaultValidator'
2026-05-28T19:49:19.438+03:30 DEBUG 9248 --- [blogApp] [           main] o.s.b.f.s.DefaultListableBeanFactory     : Autowiring by type from bean name 'defaultValidator' via factory method to bean named 'org.springframework.boot.web.servlet.context.AnnotationConfigServletWebServerApplicationContext@327af41b'
2026-05-28T19:49:19.448+03:30 DEBUG 9248 --- [blogApp] [           main] o.s.b.f.s.DefaultListableBeanFactory     : Creating shared instance of singleton bean 'org.springframework.boot.autoconfigure.web.servlet.error.ErrorMvcAutoConfiguration$WhitelabelErrorViewConfiguration'
2026-05-28T19:49:19.450+03:30 DEBUG 9248 --- [blogApp] [           main] o.s.b.f.s.DefaultListableBeanFactory     : Creating shared instance of singleton bean 'error'
2026-05-28T19:49:19.450+03:30 DEBUG 9248 --- [blogApp] [           main] o.s.b.f.s.DefaultListableBeanFactory     : Creating shared instance of singleton bean 'beanNameViewResolver'
2026-05-28T19:49:19.450+03:30 DEBUG 9248 --- [blogApp] [           main] o.s.b.f.s.DefaultListableBeanFactory     : Creating shared instance of singleton bean 'org.springframework.boot.autoconfigure.web.servlet.error.ErrorMvcAutoConfiguration$DefaultErrorViewResolverConfiguration'
2026-05-28T19:49:19.450+03:30 DEBUG 9248 --- [blogApp] [           main] o.s.b.f.s.DefaultListableBeanFactory     : Autowiring by type from bean name 'org.springframework.boot.autoconfigure.web.servlet.error.ErrorMvcAutoConfiguration$DefaultErrorViewResolverConfiguration' via constructor to bean named 'org.springframework.boot.web.servlet.context.AnnotationConfigServletWebServerApplicationContext@327af41b'
2026-05-28T19:49:19.450+03:30 DEBUG 9248 --- [blogApp] [           main] o.s.b.f.s.DefaultListableBeanFactory     : Autowiring by type from bean name 'org.springframework.boot.autoconfigure.web.servlet.error.ErrorMvcAutoConfiguration$DefaultErrorViewResolverConfiguration' via constructor to bean named 'spring.web-org.springframework.boot.autoconfigure.web.WebProperties'
2026-05-28T19:49:19.450+03:30 DEBUG 9248 --- [blogApp] [           main] o.s.b.f.s.DefaultListableBeanFactory     : Creating shared instance of singleton bean 'conventionErrorViewResolver'
2026-05-28T19:49:19.450+03:30 DEBUG 9248 --- [blogApp] [           main] o.s.b.f.s.DefaultListableBeanFactory     : Creating shared instance of singleton bean 'errorAttributes'
2026-05-28T19:49:19.453+03:30 DEBUG 9248 --- [blogApp] [           main] o.s.b.f.s.DefaultListableBeanFactory     : Creating shared instance of singleton bean 'basicErrorController'
2026-05-28T19:49:19.455+03:30 DEBUG 9248 --- [blogApp] [           main] o.s.b.f.s.DefaultListableBeanFactory     : Autowiring by type from bean name 'basicErrorController' via factory method to bean named 'errorAttributes'
2026-05-28T19:49:19.456+03:30 DEBUG 9248 --- [blogApp] [           main] o.s.b.f.s.DefaultListableBeanFactory     : Creating shared instance of singleton bean 'localeResolver'
2026-05-28T19:49:19.458+03:30 DEBUG 9248 --- [blogApp] [           main] o.s.b.f.s.DefaultListableBeanFactory     : Creating shared instance of singleton bean 'themeResolver'
2026-05-28T19:49:19.460+03:30 DEBUG 9248 --- [blogApp] [           main] o.s.b.f.s.DefaultListableBeanFactory     : Creating shared instance of singleton bean 'flashMapManager'
2026-05-28T19:49:19.466+03:30 DEBUG 9248 --- [blogApp] [           main] o.s.b.f.s.DefaultListableBeanFactory     : Creating shared instance of singleton bean 'viewNameTranslator'
2026-05-28T19:49:19.471+03:30 DEBUG 9248 --- [blogApp] [           main] o.s.b.f.s.DefaultListableBeanFactory     : Creating shared instance of singleton bean 'mvcValidator'
2026-05-28T19:49:19.474+03:30 DEBUG 9248 --- [blogApp] [           main] o.s.b.f.s.DefaultListableBeanFactory     : Creating shared instance of singleton bean 'mvcPatternParser'
2026-05-28T19:49:19.475+03:30 DEBUG 9248 --- [blogApp] [           main] o.s.b.f.s.DefaultListableBeanFactory     : Creating shared instance of singleton bean 'mvcUrlPathHelper'
2026-05-28T19:49:19.476+03:30 DEBUG 9248 --- [blogApp] [           main] o.s.b.f.s.DefaultListableBeanFactory     : Creating shared instance of singleton bean 'mvcPathMatcher'
2026-05-28T19:49:19.477+03:30 DEBUG 9248 --- [blogApp] [           main] o.s.b.f.s.DefaultListableBeanFactory     : Creating shared instance of singleton bean 'requestMappingHandlerAdapter'
2026-05-28T19:49:19.478+03:30 DEBUG 9248 --- [blogApp] [           main] o.s.b.f.s.DefaultListableBeanFactory     : Autowiring by type from bean name 'requestMappingHandlerAdapter' via factory method to bean named 'mvcContentNegotiationManager'
2026-05-28T19:49:19.478+03:30 DEBUG 9248 --- [blogApp] [           main] o.s.b.f.s.DefaultListableBeanFactory     : Autowiring by type from bean name 'requestMappingHandlerAdapter' via factory method to bean named 'mvcConversionService'
2026-05-28T19:49:19.478+03:30 DEBUG 9248 --- [blogApp] [           main] o.s.b.f.s.DefaultListableBeanFactory     : Autowiring by type from bean name 'requestMappingHandlerAdapter' via factory method to bean named 'mvcValidator'
2026-05-28T19:49:19.485+03:30 DEBUG 9248 --- [blogApp] [           main] o.s.b.f.s.DefaultListableBeanFactory     : Creating shared instance of singleton bean 'sortResolver'
2026-05-28T19:49:19.486+03:30 DEBUG 9248 --- [blogApp] [           main] o.s.b.f.s.DefaultListableBeanFactory     : Creating shared instance of singleton bean 'sortCustomizer'
2026-05-28T19:49:19.488+03:30 DEBUG 9248 --- [blogApp] [           main] o.s.b.f.s.DefaultListableBeanFactory     : Creating shared instance of singleton bean 'pageableResolver'
2026-05-28T19:49:19.489+03:30 DEBUG 9248 --- [blogApp] [           main] o.s.b.f.s.DefaultListableBeanFactory     : Creating shared instance of singleton bean 'pageableCustomizer'
2026-05-28T19:49:19.502+03:30 DEBUG 9248 --- [blogApp] [           main] s.w.s.m.m.a.RequestMappingHandlerAdapter : ControllerAdvice beans: 0 @ModelAttribute, 0 @InitBinder, 1 RequestBodyAdvice, 1 ResponseBodyAdvice
2026-05-28T19:49:19.520+03:30 DEBUG 9248 --- [blogApp] [           main] o.s.b.f.s.DefaultListableBeanFactory     : Creating shared instance of singleton bean 'mvcViewResolver'
2026-05-28T19:49:19.520+03:30 DEBUG 9248 --- [blogApp] [           main] o.s.b.f.s.DefaultListableBeanFactory     : Autowiring by type from bean name 'mvcViewResolver' via factory method to bean named 'mvcContentNegotiationManager'
2026-05-28T19:49:19.520+03:30 DEBUG 9248 --- [blogApp] [           main] o.s.b.f.s.DefaultListableBeanFactory     : Creating shared instance of singleton bean 'defaultViewResolver'
2026-05-28T19:49:19.530+03:30 DEBUG 9248 --- [blogApp] [           main] o.s.b.f.s.DefaultListableBeanFactory     : Creating shared instance of singleton bean 'viewResolver'
2026-05-28T19:49:19.530+03:30 DEBUG 9248 --- [blogApp] [           main] o.s.b.f.s.DefaultListableBeanFactory     : Autowiring by type from bean name 'viewResolver' via factory method to bean named 'org.springframework.beans.factory.support.DefaultListableBeanFactory@51972dc7'
2026-05-28T19:49:19.532+03:30 DEBUG 9248 --- [blogApp] [           main] o.s.b.f.s.DefaultListableBeanFactory     : Creating shared instance of singleton bean 'viewResolver'
2026-05-28T19:49:19.534+03:30 DEBUG 9248 --- [blogApp] [           main] o.s.b.f.s.DefaultListableBeanFactory     : Creating shared instance of singleton bean 'thymeleafViewResolver'
2026-05-28T19:49:19.534+03:30 DEBUG 9248 --- [blogApp] [           main] o.s.b.f.s.DefaultListableBeanFactory     : Creating shared instance of singleton bean 'org.springframework.boot.autoconfigure.thymeleaf.ThymeleafAutoConfiguration$ThymeleafWebMvcConfiguration$ThymeleafViewResolverConfiguration'
2026-05-28T19:49:19.534+03:30 DEBUG 9248 --- [blogApp] [           main] o.s.b.f.s.DefaultListableBeanFactory     : Creating shared instance of singleton bean 'spring.thymeleaf-org.springframework.boot.autoconfigure.thymeleaf.ThymeleafProperties'
2026-05-28T19:49:19.537+03:30 DEBUG 9248 --- [blogApp] [           main] o.s.b.f.s.DefaultListableBeanFactory     : Creating shared instance of singleton bean 'templateEngine'
2026-05-28T19:49:19.537+03:30 DEBUG 9248 --- [blogApp] [           main] o.s.b.f.s.DefaultListableBeanFactory     : Creating shared instance of singleton bean 'org.springframework.boot.autoconfigure.thymeleaf.TemplateEngineConfigurations$DefaultTemplateEngineConfiguration'
2026-05-28T19:49:19.538+03:30 DEBUG 9248 --- [blogApp] [           main] o.s.b.f.s.DefaultListableBeanFactory     : Autowiring by type from bean name 'templateEngine' via factory method to bean named 'spring.thymeleaf-org.springframework.boot.autoconfigure.thymeleaf.ThymeleafProperties'
2026-05-28T19:49:19.548+03:30 DEBUG 9248 --- [blogApp] [           main] o.s.b.f.s.DefaultListableBeanFactory     : Creating shared instance of singleton bean 'defaultTemplateResolver'
2026-05-28T19:49:19.548+03:30 DEBUG 9248 --- [blogApp] [           main] o.s.b.f.s.DefaultListableBeanFactory     : Creating shared instance of singleton bean 'org.springframework.boot.autoconfigure.thymeleaf.ThymeleafAutoConfiguration$DefaultTemplateResolverConfiguration'
2026-05-28T19:49:19.548+03:30 DEBUG 9248 --- [blogApp] [           main] o.s.b.f.s.DefaultListableBeanFactory     : Autowiring by type from bean name 'org.springframework.boot.autoconfigure.thymeleaf.ThymeleafAutoConfiguration$DefaultTemplateResolverConfiguration' via constructor to bean named 'spring.thymeleaf-org.springframework.boot.autoconfigure.thymeleaf.ThymeleafProperties'
2026-05-28T19:49:19.548+03:30 DEBUG 9248 --- [blogApp] [           main] o.s.b.f.s.DefaultListableBeanFactory     : Autowiring by type from bean name 'org.springframework.boot.autoconfigure.thymeleaf.ThymeleafAutoConfiguration$DefaultTemplateResolverConfiguration' via constructor to bean named 'org.springframework.boot.web.servlet.context.AnnotationConfigServletWebServerApplicationContext@327af41b'
2026-05-28T19:49:19.548+03:30  WARN 9248 --- [blogApp] [           main] ion$DefaultTemplateResolverConfiguration : Cannot find template location: classpath:/templates/ (please add some templates, check your Thymeleaf configuration, or set spring.thymeleaf.check-template-location=false)
2026-05-28T19:49:19.561+03:30 DEBUG 9248 --- [blogApp] [           main] o.s.b.f.s.DefaultListableBeanFactory     : Creating shared instance of singleton bean 'securityDialect'
2026-05-28T19:49:19.561+03:30 DEBUG 9248 --- [blogApp] [           main] o.s.b.f.s.DefaultListableBeanFactory     : Creating shared instance of singleton bean 'org.springframework.boot.autoconfigure.thymeleaf.ThymeleafAutoConfiguration$ThymeleafSecurityDialectConfiguration'
2026-05-28T19:49:19.564+03:30 DEBUG 9248 --- [blogApp] [           main] o.s.b.f.s.DefaultListableBeanFactory     : Autowiring by type from bean name 'thymeleafViewResolver' via factory method to bean named 'spring.thymeleaf-org.springframework.boot.autoconfigure.thymeleaf.ThymeleafProperties'
2026-05-28T19:49:19.564+03:30 DEBUG 9248 --- [blogApp] [           main] o.s.b.f.s.DefaultListableBeanFactory     : Autowiring by type from bean name 'thymeleafViewResolver' via factory method to bean named 'templateEngine'
2026-05-28T19:49:19.580+03:30 DEBUG 9248 --- [blogApp] [           main] o.s.b.f.s.DefaultListableBeanFactory     : Creating shared instance of singleton bean 'handlerFunctionAdapter'
2026-05-28T19:49:19.580+03:30 DEBUG 9248 --- [blogApp] [           main] o.s.b.f.s.DefaultListableBeanFactory     : Creating shared instance of singleton bean 'mvcUriComponentsContributor'
2026-05-28T19:49:19.580+03:30 DEBUG 9248 --- [blogApp] [           main] o.s.b.f.s.DefaultListableBeanFactory     : Autowiring by type from bean name 'mvcUriComponentsContributor' via factory method to bean named 'mvcConversionService'
2026-05-28T19:49:19.580+03:30 DEBUG 9248 --- [blogApp] [           main] o.s.b.f.s.DefaultListableBeanFactory     : Autowiring by type from bean name 'mvcUriComponentsContributor' via factory method to bean named 'requestMappingHandlerAdapter'
2026-05-28T19:49:19.584+03:30 DEBUG 9248 --- [blogApp] [           main] o.s.b.f.s.DefaultListableBeanFactory     : Creating shared instance of singleton bean 'httpRequestHandlerAdapter'
2026-05-28T19:49:19.584+03:30 DEBUG 9248 --- [blogApp] [           main] o.s.b.f.s.DefaultListableBeanFactory     : Creating shared instance of singleton bean 'simpleControllerHandlerAdapter'
2026-05-28T19:49:19.584+03:30 DEBUG 9248 --- [blogApp] [           main] o.s.b.f.s.DefaultListableBeanFactory     : Creating shared instance of singleton bean 'handlerExceptionResolver'
2026-05-28T19:49:19.584+03:30 DEBUG 9248 --- [blogApp] [           main] o.s.b.f.s.DefaultListableBeanFactory     : Autowiring by type from bean name 'handlerExceptionResolver' via factory method to bean named 'mvcContentNegotiationManager'
2026-05-28T19:49:19.584+03:30 DEBUG 9248 --- [blogApp] [           main] .m.m.a.ExceptionHandlerExceptionResolver : ControllerAdvice beans: 0 @ExceptionHandler, 1 ResponseBodyAdvice
2026-05-28T19:49:19.589+03:30 DEBUG 9248 --- [blogApp] [           main] o.s.b.f.s.DefaultListableBeanFactory     : Creating shared instance of singleton bean 'org.springframework.boot.autoconfigure.aop.AopAutoConfiguration$AspectJAutoProxyingConfiguration$CglibAutoProxyConfiguration'
2026-05-28T19:49:19.589+03:30 DEBUG 9248 --- [blogApp] [           main] o.s.b.f.s.DefaultListableBeanFactory     : Creating shared instance of singleton bean 'org.springframework.boot.autoconfigure.aop.AopAutoConfiguration$AspectJAutoProxyingConfiguration'
2026-05-28T19:49:19.589+03:30 DEBUG 9248 --- [blogApp] [           main] o.s.b.f.s.DefaultListableBeanFactory     : Creating shared instance of singleton bean 'org.springframework.boot.autoconfigure.aop.AopAutoConfiguration'
2026-05-28T19:49:19.589+03:30 DEBUG 9248 --- [blogApp] [           main] o.s.b.f.s.DefaultListableBeanFactory     : Creating shared instance of singleton bean 'org.springframework.boot.autoconfigure.availability.ApplicationAvailabilityAutoConfiguration'
2026-05-28T19:49:19.589+03:30 DEBUG 9248 --- [blogApp] [           main] o.s.b.f.s.DefaultListableBeanFactory     : Creating shared instance of singleton bean 'applicationAvailability'
2026-05-28T19:49:19.593+03:30 DEBUG 9248 --- [blogApp] [           main] o.s.b.f.s.DefaultListableBeanFactory     : Creating shared instance of singleton bean 'org.springframework.boot.autoconfigure.transaction.jta.JtaAutoConfiguration'
2026-05-28T19:49:19.593+03:30 DEBUG 9248 --- [blogApp] [           main] o.s.b.f.s.DefaultListableBeanFactory     : Creating shared instance of singleton bean 'org.springframework.boot.autoconfigure.jdbc.metadata.DataSourcePoolMetadataProvidersConfiguration'
2026-05-28T19:49:19.593+03:30 DEBUG 9248 --- [blogApp] [           main] o.s.b.f.s.DefaultListableBeanFactory     : Creating shared instance of singleton bean 'org.springframework.boot.autoconfigure.jdbc.DataSourceAutoConfiguration'
2026-05-28T19:49:19.593+03:30 DEBUG 9248 --- [blogApp] [           main] o.s.b.f.s.DefaultListableBeanFactory     : Creating shared instance of singleton bean 'org.springframework.boot.autoconfigure.transaction.TransactionManagerCustomizationAutoConfiguration'
2026-05-28T19:49:19.593+03:30 DEBUG 9248 --- [blogApp] [           main] o.s.b.f.s.DefaultListableBeanFactory     : Creating shared instance of singleton bean 'platformTransactionManagerCustomizers'
2026-05-28T19:49:19.593+03:30 DEBUG 9248 --- [blogApp] [           main] o.s.b.f.s.DefaultListableBeanFactory     : Creating shared instance of singleton bean 'transactionExecutionListeners'
2026-05-28T19:49:19.596+03:30 DEBUG 9248 --- [blogApp] [           main] o.s.b.f.s.DefaultListableBeanFactory     : Creating shared instance of singleton bean 'spring.transaction-org.springframework.boot.autoconfigure.transaction.TransactionProperties'
2026-05-28T19:49:19.596+03:30 DEBUG 9248 --- [blogApp] [           main] o.s.b.f.s.DefaultListableBeanFactory     : Creating shared instance of singleton bean 'org.springframework.boot.autoconfigure.orm.jpa.JpaBaseConfiguration$PersistenceManagedTypesConfiguration'
2026-05-28T19:49:19.598+03:30 DEBUG 9248 --- [blogApp] [           main] o.s.b.f.s.DefaultListableBeanFactory     : Creating shared instance of singleton bean 'transactionManager'
2026-05-28T19:49:19.598+03:30 DEBUG 9248 --- [blogApp] [           main] o.s.b.f.s.DefaultListableBeanFactory     : Creating shared instance of singleton bean 'org.springframework.boot.autoconfigure.orm.jpa.HibernateJpaAutoConfiguration'
2026-05-28T19:49:19.598+03:30 DEBUG 9248 --- [blogApp] [           main] o.s.b.f.s.DefaultListableBeanFactory     : Creating shared instance of singleton bean 'org.springframework.boot.autoconfigure.context.ConfigurationPropertiesAutoConfiguration'
2026-05-28T19:49:19.598+03:30 DEBUG 9248 --- [blogApp] [           main] o.s.b.f.s.DefaultListableBeanFactory     : Creating shared instance of singleton bean 'org.springframework.boot.autoconfigure.context.LifecycleAutoConfiguration'
2026-05-28T19:49:19.598+03:30 DEBUG 9248 --- [blogApp] [           main] o.s.b.f.s.DefaultListableBeanFactory     : Creating shared instance of singleton bean 'lifecycleProcessor'
2026-05-28T19:49:19.598+03:30 DEBUG 9248 --- [blogApp] [           main] o.s.b.f.s.DefaultListableBeanFactory     : Creating shared instance of singleton bean 'spring.lifecycle-org.springframework.boot.autoconfigure.context.LifecycleProperties'
2026-05-28T19:49:19.598+03:30 DEBUG 9248 --- [blogApp] [           main] o.s.b.f.s.DefaultListableBeanFactory     : Autowiring by type from bean name 'lifecycleProcessor' via factory method to bean named 'spring.lifecycle-org.springframework.boot.autoconfigure.context.LifecycleProperties'
2026-05-28T19:49:19.598+03:30 DEBUG 9248 --- [blogApp] [           main] o.s.b.f.s.DefaultListableBeanFactory     : Creating shared instance of singleton bean 'org.springframework.boot.autoconfigure.dao.PersistenceExceptionTranslationAutoConfiguration'
2026-05-28T19:49:19.598+03:30 DEBUG 9248 --- [blogApp] [           main] o.s.b.f.s.DefaultListableBeanFactory     : Creating shared instance of singleton bean 'org.springframework.boot.autoconfigure.data.jpa.JpaRepositoriesAutoConfiguration'
2026-05-28T19:49:19.609+03:30 DEBUG 9248 --- [blogApp] [           main] o.s.b.f.s.DefaultListableBeanFactory     : Creating shared instance of singleton bean 'eagerJpaMetamodelCacheCleanup'
2026-05-28T19:49:19.609+03:30 DEBUG 9248 --- [blogApp] [           main] o.s.b.f.s.DefaultListableBeanFactory     : Creating shared instance of singleton bean 'org.springframework.data.jpa.util.JpaMetamodelCacheCleanup'
2026-05-28T19:49:19.610+03:30 DEBUG 9248 --- [blogApp] [           main] o.s.b.f.s.DefaultListableBeanFactory     : Creating shared instance of singleton bean 'org.springframework.data.jpa.repository.support.JpaEvaluationContextExtension'
2026-05-28T19:49:19.610+03:30 DEBUG 9248 --- [blogApp] [           main] o.s.b.f.s.DefaultListableBeanFactory     : Creating shared instance of singleton bean 'data-jpa.repository-aot-processor#0'
2026-05-28T19:49:19.613+03:30 DEBUG 9248 --- [blogApp] [           main] o.s.b.f.s.DefaultListableBeanFactory     : Creating shared instance of singleton bean 'org.springframework.boot.autoconfigure.http.JacksonHttpMessageConvertersConfiguration'
2026-05-28T19:49:19.613+03:30 DEBUG 9248 --- [blogApp] [           main] o.s.b.f.s.DefaultListableBeanFactory     : Creating shared instance of singleton bean 'org.springframework.data.web.config.ProjectingArgumentResolverRegistrar'
2026-05-28T19:49:19.613+03:30 DEBUG 9248 --- [blogApp] [           main] o.s.b.f.s.DefaultListableBeanFactory     : Creating shared instance of singleton bean 'offsetResolver'
2026-05-28T19:49:19.615+03:30 DEBUG 9248 --- [blogApp] [           main] o.s.b.f.s.DefaultListableBeanFactory     : Creating shared instance of singleton bean 'org.springframework.boot.autoconfigure.http.client.HttpClientAutoConfiguration'
2026-05-28T19:49:19.615+03:30 DEBUG 9248 --- [blogApp] [           main] o.s.b.f.s.DefaultListableBeanFactory     : Creating shared instance of singleton bean 'spring.http.client-org.springframework.boot.autoconfigure.http.client.HttpClientProperties'
2026-05-28T19:49:19.615+03:30 DEBUG 9248 --- [blogApp] [           main] o.s.b.f.s.DefaultListableBeanFactory     : Autowiring by type from bean name 'org.springframework.boot.autoconfigure.http.client.HttpClientAutoConfiguration' via constructor to bean named 'spring.http.client-org.springframework.boot.autoconfigure.http.client.HttpClientProperties'
2026-05-28T19:49:19.618+03:30 DEBUG 9248 --- [blogApp] [           main] o.s.b.f.s.DefaultListableBeanFactory     : Creating shared instance of singleton bean 'clientHttpRequestFactoryBuilder'
2026-05-28T19:49:19.619+03:30 DEBUG 9248 --- [blogApp] [           main] o.s.b.f.s.DefaultListableBeanFactory     : Creating shared instance of singleton bean 'clientHttpRequestFactorySettings'
2026-05-28T19:49:19.627+03:30 DEBUG 9248 --- [blogApp] [           main] o.s.b.f.s.DefaultListableBeanFactory     : Creating shared instance of singleton bean 'org.springframework.boot.autoconfigure.info.ProjectInfoAutoConfiguration'
2026-05-28T19:49:19.628+03:30 DEBUG 9248 --- [blogApp] [           main] o.s.b.f.s.DefaultListableBeanFactory     : Creating shared instance of singleton bean 'spring.info-org.springframework.boot.autoconfigure.info.ProjectInfoProperties'
2026-05-28T19:49:19.628+03:30 DEBUG 9248 --- [blogApp] [           main] o.s.b.f.s.DefaultListableBeanFactory     : Autowiring by type from bean name 'org.springframework.boot.autoconfigure.info.ProjectInfoAutoConfiguration' via constructor to bean named 'spring.info-org.springframework.boot.autoconfigure.info.ProjectInfoProperties'
2026-05-28T19:49:19.630+03:30 DEBUG 9248 --- [blogApp] [           main] o.s.b.f.s.DefaultListableBeanFactory     : Creating shared instance of singleton bean 'org.springframework.boot.autoconfigure.jdbc.JdbcTemplateConfiguration'
2026-05-28T19:49:19.630+03:30 DEBUG 9248 --- [blogApp] [           main] o.s.b.f.s.DefaultListableBeanFactory     : Creating shared instance of singleton bean 'jdbcTemplate'
2026-05-28T19:49:19.630+03:30 DEBUG 9248 --- [blogApp] [           main] o.s.b.f.s.DefaultListableBeanFactory     : Creating shared instance of singleton bean 'spring.jdbc-org.springframework.boot.autoconfigure.jdbc.JdbcProperties'
2026-05-28T19:49:19.630+03:30 DEBUG 9248 --- [blogApp] [           main] o.s.b.f.s.DefaultListableBeanFactory     : Autowiring by type from bean name 'jdbcTemplate' via factory method to bean named 'dataSource'
2026-05-28T19:49:19.630+03:30 DEBUG 9248 --- [blogApp] [           main] o.s.b.f.s.DefaultListableBeanFactory     : Autowiring by type from bean name 'jdbcTemplate' via factory method to bean named 'spring.jdbc-org.springframework.boot.autoconfigure.jdbc.JdbcProperties'
2026-05-28T19:49:19.631+03:30 DEBUG 9248 --- [blogApp] [           main] o.s.b.f.s.DefaultListableBeanFactory     : Creating shared instance of singleton bean 'org.springframework.boot.autoconfigure.jdbc.NamedParameterJdbcTemplateConfiguration'
2026-05-28T19:49:19.631+03:30 DEBUG 9248 --- [blogApp] [           main] o.s.b.f.s.DefaultListableBeanFactory     : Creating shared instance of singleton bean 'namedParameterJdbcTemplate'
2026-05-28T19:49:19.631+03:30 DEBUG 9248 --- [blogApp] [           main] o.s.b.f.s.DefaultListableBeanFactory     : Autowiring by type from bean name 'namedParameterJdbcTemplate' via factory method to bean named 'jdbcTemplate'
2026-05-28T19:49:19.631+03:30 DEBUG 9248 --- [blogApp] [           main] o.s.b.f.s.DefaultListableBeanFactory     : Creating shared instance of singleton bean 'org.springframework.boot.autoconfigure.jdbc.JdbcTemplateAutoConfiguration'
2026-05-28T19:49:19.631+03:30 DEBUG 9248 --- [blogApp] [           main] o.s.b.f.s.DefaultListableBeanFactory     : Creating shared instance of singleton bean 'org.springframework.boot.autoconfigure.jdbc.JdbcClientAutoConfiguration'
2026-05-28T19:49:19.631+03:30 DEBUG 9248 --- [blogApp] [           main] o.s.b.f.s.DefaultListableBeanFactory     : Creating shared instance of singleton bean 'jdbcClient'
2026-05-28T19:49:19.631+03:30 DEBUG 9248 --- [blogApp] [           main] o.s.b.f.s.DefaultListableBeanFactory     : Autowiring by type from bean name 'jdbcClient' via factory method to bean named 'namedParameterJdbcTemplate'
2026-05-28T19:49:19.631+03:30 DEBUG 9248 --- [blogApp] [           main] o.s.b.f.s.DefaultListableBeanFactory     : Creating shared instance of singleton bean 'org.springframework.security.config.annotation.web.configuration.WebSecurityConfiguration'
2026-05-28T19:49:19.648+03:30 DEBUG 9248 --- [blogApp] [           main] o.s.b.f.s.DefaultListableBeanFactory     : Creating shared instance of singleton bean 'filterChainDecoratorPostProcessor'
2026-05-28T19:49:19.651+03:30 DEBUG 9248 --- [blogApp] [           main] o.s.b.f.s.DefaultListableBeanFactory     : Creating shared instance of singleton bean 'mvcHandlerMappingIntrospectorRequestTransformer'
2026-05-28T19:49:19.656+03:30 DEBUG 9248 --- [blogApp] [           main] o.s.b.f.s.DefaultListableBeanFactory     : Creating shared instance of singleton bean 'delegatingApplicationListener'
2026-05-28T19:49:19.656+03:30 DEBUG 9248 --- [blogApp] [           main] o.s.b.f.s.DefaultListableBeanFactory     : Creating shared instance of singleton bean 'springSecurityFilterChain'
2026-05-28T19:49:19.671+03:30 DEBUG 9248 --- [blogApp] [           main] o.s.b.f.s.DefaultListableBeanFactory     : Creating shared instance of singleton bean 'webSecurityExpressionHandler'
2026-05-28T19:49:19.672+03:30 DEBUG 9248 --- [blogApp] [           main] o.s.b.f.s.DefaultListableBeanFactory     : Creating shared instance of singleton bean 'privilegeEvaluator'
2026-05-28T19:49:19.673+03:30 DEBUG 9248 --- [blogApp] [           main] o.s.b.f.s.DefaultListableBeanFactory     : Creating shared instance of singleton bean 'requestDataValueProcessor'
2026-05-28T19:49:19.673+03:30 DEBUG 9248 --- [blogApp] [           main] o.s.b.f.s.DefaultListableBeanFactory     : Creating shared instance of singleton bean 'org.springframework.security.config.annotation.web.configuration.ObservationConfiguration'
2026-05-28T19:49:19.673+03:30 DEBUG 9248 --- [blogApp] [           main] o.s.b.f.s.DefaultListableBeanFactory     : Creating shared instance of singleton bean 'org.springframework.boot.autoconfigure.security.servlet.SpringBootWebSecurityConfiguration'
2026-05-28T19:49:19.673+03:30 DEBUG 9248 --- [blogApp] [           main] o.s.b.f.s.DefaultListableBeanFactory     : Creating shared instance of singleton bean 'org.springframework.boot.autoconfigure.sql.init.SqlInitializationAutoConfiguration'
2026-05-28T19:49:19.673+03:30 DEBUG 9248 --- [blogApp] [           main] o.s.b.f.s.DefaultListableBeanFactory     : Creating shared instance of singleton bean 'org.springframework.boot.autoconfigure.task.TaskSchedulingConfigurations$ThreadPoolTaskSchedulerBuilderConfiguration'
2026-05-28T19:49:19.673+03:30 DEBUG 9248 --- [blogApp] [           main] o.s.b.f.s.DefaultListableBeanFactory     : Creating shared instance of singleton bean 'threadPoolTaskSchedulerBuilder'
2026-05-28T19:49:19.673+03:30 DEBUG 9248 --- [blogApp] [           main] o.s.b.f.s.DefaultListableBeanFactory     : Creating shared instance of singleton bean 'spring.task.scheduling-org.springframework.boot.autoconfigure.task.TaskSchedulingProperties'
2026-05-28T19:49:19.676+03:30 DEBUG 9248 --- [blogApp] [           main] o.s.b.f.s.DefaultListableBeanFactory     : Autowiring by type from bean name 'threadPoolTaskSchedulerBuilder' via factory method to bean named 'spring.task.scheduling-org.springframework.boot.autoconfigure.task.TaskSchedulingProperties'
2026-05-28T19:49:19.677+03:30 DEBUG 9248 --- [blogApp] [           main] o.s.b.f.s.DefaultListableBeanFactory     : Creating shared instance of singleton bean 'org.springframework.boot.autoconfigure.task.TaskSchedulingConfigurations$SimpleAsyncTaskSchedulerBuilderConfiguration'
2026-05-28T19:49:19.678+03:30 DEBUG 9248 --- [blogApp] [           main] o.s.b.f.s.DefaultListableBeanFactory     : Autowiring by type from bean name 'org.springframework.boot.autoconfigure.task.TaskSchedulingConfigurations$SimpleAsyncTaskSchedulerBuilderConfiguration' via constructor to bean named 'spring.task.scheduling-org.springframework.boot.autoconfigure.task.TaskSchedulingProperties'
2026-05-28T19:49:19.678+03:30 DEBUG 9248 --- [blogApp] [           main] o.s.b.f.s.DefaultListableBeanFactory     : Creating shared instance of singleton bean 'simpleAsyncTaskSchedulerBuilder'
2026-05-28T19:49:19.680+03:30 DEBUG 9248 --- [blogApp] [           main] o.s.b.f.s.DefaultListableBeanFactory     : Creating shared instance of singleton bean 'org.springframework.boot.autoconfigure.task.TaskSchedulingAutoConfiguration'
2026-05-28T19:49:19.680+03:30 DEBUG 9248 --- [blogApp] [           main] o.s.b.f.s.DefaultListableBeanFactory     : Creating shared instance of singleton bean 'org.springframework.boot.autoconfigure.thymeleaf.ThymeleafAutoConfiguration$ThymeleafWebMvcConfiguration'
2026-05-28T19:49:19.680+03:30 DEBUG 9248 --- [blogApp] [           main] o.s.b.f.s.DefaultListableBeanFactory     : Creating shared instance of singleton bean 'org.springframework.boot.autoconfigure.thymeleaf.ThymeleafAutoConfiguration'
2026-05-28T19:49:19.680+03:30 DEBUG 9248 --- [blogApp] [           main] o.s.b.f.s.DefaultListableBeanFactory     : Creating shared instance of singleton bean 'org.springframework.boot.autoconfigure.jdbc.DataSourceTransactionManagerAutoConfiguration$JdbcTransactionManagerConfiguration'
2026-05-28T19:49:19.680+03:30 DEBUG 9248 --- [blogApp] [           main] o.s.b.f.s.DefaultListableBeanFactory     : Creating shared instance of singleton bean 'org.springframework.boot.autoconfigure.jdbc.DataSourceTransactionManagerAutoConfiguration'
2026-05-28T19:49:19.680+03:30 DEBUG 9248 --- [blogApp] [           main] o.s.b.f.s.DefaultListableBeanFactory     : Creating shared instance of singleton bean 'org.springframework.boot.autoconfigure.transaction.TransactionAutoConfiguration$EnableTransactionManagementConfiguration$CglibAutoProxyConfiguration'
2026-05-28T19:49:19.680+03:30 DEBUG 9248 --- [blogApp] [           main] o.s.b.f.s.DefaultListableBeanFactory     : Creating shared instance of singleton bean 'org.springframework.boot.autoconfigure.transaction.TransactionAutoConfiguration$EnableTransactionManagementConfiguration'
2026-05-28T19:49:19.680+03:30 DEBUG 9248 --- [blogApp] [           main] o.s.b.f.s.DefaultListableBeanFactory     : Creating shared instance of singleton bean 'org.springframework.boot.autoconfigure.transaction.TransactionAutoConfiguration$TransactionTemplateConfiguration'
2026-05-28T19:49:19.680+03:30 DEBUG 9248 --- [blogApp] [           main] o.s.b.f.s.DefaultListableBeanFactory     : Creating shared instance of singleton bean 'transactionTemplate'
2026-05-28T19:49:19.680+03:30 DEBUG 9248 --- [blogApp] [           main] o.s.b.f.s.DefaultListableBeanFactory     : Autowiring by type from bean name 'transactionTemplate' via factory method to bean named 'transactionManager'
2026-05-28T19:49:19.680+03:30 DEBUG 9248 --- [blogApp] [           main] o.s.b.f.s.DefaultListableBeanFactory     : Creating shared instance of singleton bean 'org.springframework.boot.autoconfigure.transaction.TransactionAutoConfiguration'
2026-05-28T19:49:19.680+03:30 DEBUG 9248 --- [blogApp] [           main] o.s.b.f.s.DefaultListableBeanFactory     : Creating shared instance of singleton bean 'org.springframework.boot.autoconfigure.web.client.RestClientAutoConfiguration'
2026-05-28T19:49:19.680+03:30 DEBUG 9248 --- [blogApp] [           main] o.s.b.f.s.DefaultListableBeanFactory     : Creating shared instance of singleton bean 'httpMessageConvertersRestClientCustomizer'
2026-05-28T19:49:19.680+03:30 DEBUG 9248 --- [blogApp] [           main] o.s.b.f.s.DefaultListableBeanFactory     : Creating shared instance of singleton bean 'restClientSsl'
2026-05-28T19:49:19.680+03:30 DEBUG 9248 --- [blogApp] [           main] o.s.b.f.s.DefaultListableBeanFactory     : Autowiring by type from bean name 'restClientSsl' via factory method to bean named 'sslBundleRegistry'
2026-05-28T19:49:19.680+03:30 DEBUG 9248 --- [blogApp] [           main] o.s.b.f.s.DefaultListableBeanFactory     : Creating shared instance of singleton bean 'restClientBuilderConfigurer'
2026-05-28T19:49:19.680+03:30 DEBUG 9248 --- [blogApp] [           main] o.s.b.f.s.DefaultListableBeanFactory     : Creating shared instance of singleton bean 'org.springframework.boot.autoconfigure.web.client.RestTemplateAutoConfiguration'
2026-05-28T19:49:19.680+03:30 DEBUG 9248 --- [blogApp] [           main] o.s.b.f.s.DefaultListableBeanFactory     : Creating shared instance of singleton bean 'org.springframework.boot.autoconfigure.web.embedded.EmbeddedWebServerFactoryCustomizerAutoConfiguration'
2026-05-28T19:49:19.680+03:30 DEBUG 9248 --- [blogApp] [           main] o.s.b.f.s.DefaultListableBeanFactory     : Creating shared instance of singleton bean 'multipartResolver'
2026-05-28T19:49:19.697+03:30 DEBUG 9248 --- [blogApp] [           main] o.s.c.support.DefaultLifecycleProcessor  : Starting beans in phase -2147483647
2026-05-28T19:49:19.697+03:30 DEBUG 9248 --- [blogApp] [           main] o.s.c.support.DefaultLifecycleProcessor  : Successfully started bean 'springBootLoggingLifecycle'
2026-05-28T19:49:19.697+03:30 DEBUG 9248 --- [blogApp] [           main] o.s.c.support.DefaultLifecycleProcessor  : Starting beans in phase 1073741823
2026-05-28T19:49:19.697+03:30 DEBUG 9248 --- [blogApp] [           main] o.s.c.support.DefaultLifecycleProcessor  : Starting beans in phase 2147481599
2026-05-28T19:49:19.732+03:30  INFO 9248 --- [blogApp] [           main] o.s.b.w.embedded.tomcat.TomcatWebServer  : Tomcat started on port 8080 (http) with context path '/'
2026-05-28T19:49:19.732+03:30 DEBUG 9248 --- [blogApp] [           main] o.s.c.support.DefaultLifecycleProcessor  : Successfully started bean 'webServerStartStop'
2026-05-28T19:49:19.732+03:30 DEBUG 9248 --- [blogApp] [           main] o.s.c.support.DefaultLifecycleProcessor  : Starting beans in phase 2147482623
2026-05-28T19:49:19.732+03:30 DEBUG 9248 --- [blogApp] [           main] o.s.c.support.DefaultLifecycleProcessor  : Successfully started bean 'webServerGracefulShutdown'
2026-05-28T19:49:19.745+03:30 DEBUG 9248 --- [blogApp] [           main] .s.b.a.l.ConditionEvaluationReportLogger : 


============================
CONDITIONS EVALUATION REPORT
============================


Positive matches:
-----------------

   AopAutoConfiguration matched:
      - @ConditionalOnBooleanProperty (spring.aop.auto=true) matched (OnPropertyCondition)

   AopAutoConfiguration.AspectJAutoProxyingConfiguration matched:
      - @ConditionalOnClass found required class 'org.aspectj.weaver.Advice' (OnClassCondition)

   AopAutoConfiguration.AspectJAutoProxyingConfiguration.CglibAutoProxyConfiguration matched:
      - @ConditionalOnBooleanProperty (spring.aop.proxy-target-class=true) matched (OnPropertyCondition)

   ApplicationAvailabilityAutoConfiguration#applicationAvailability matched:
      - @ConditionalOnMissingBean (types: org.springframework.boot.availability.ApplicationAvailability; SearchStrategy: all) did not find any beans (OnBeanCondition)

   DataSourceAutoConfiguration matched:
      - @ConditionalOnClass found required classes 'javax.sql.DataSource', 'org.springframework.jdbc.datasource.embedded.EmbeddedDatabaseType' (OnClassCondition)
      - @ConditionalOnMissingBean (types: ?; SearchStrategy: all) did not find any beans (OnBeanCondition)

   DataSourceAutoConfiguration.PooledDataSourceConfiguration matched:
      - AnyNestedCondition 1 matched 1 did not; NestedCondition on DataSourceAutoConfiguration.PooledDataSourceCondition.PooledDataSourceAvailable PooledDataSource found supported DataSource; NestedCondition on DataSourceAutoConfiguration.PooledDataSourceCondition.ExplicitType @ConditionalOnProperty (spring.datasource.type) did not find property 'spring.datasource.type' (DataSourceAutoConfiguration.PooledDataSourceCondition)
      - @ConditionalOnMissingBean (types: javax.sql.DataSource,javax.sql.XADataSource; SearchStrategy: all) did not find any beans (OnBeanCondition)

   DataSourceAutoConfiguration.PooledDataSourceConfiguration#jdbcConnectionDetails matched:
      - @ConditionalOnMissingBean (types: org.springframework.boot.autoconfigure.jdbc.JdbcConnectionDetails; SearchStrategy: all) did not find any beans (OnBeanCondition)

   DataSourceConfiguration.Hikari matched:
      - @ConditionalOnClass found required class 'com.zaxxer.hikari.HikariDataSource' (OnClassCondition)
      - @ConditionalOnProperty (spring.datasource.type=com.zaxxer.hikari.HikariDataSource) matched (OnPropertyCondition)
      - @ConditionalOnMissingBean (types: javax.sql.DataSource; SearchStrategy: all) did not find any beans (OnBeanCondition)

   DataSourceInitializationConfiguration matched:
      - @ConditionalOnClass found required class 'org.springframework.jdbc.datasource.init.DatabasePopulator' (OnClassCondition)
      - @ConditionalOnSingleCandidate (types: javax.sql.DataSource; SearchStrategy: all) found a single bean 'dataSource'; @ConditionalOnMissingBean (types: org.springframework.boot.autoconfigure.sql.init.SqlDataSourceScriptDatabaseInitializer,org.springframework.boot.autoconfigure.sql.init.SqlR2dbcScriptDatabaseInitializer; SearchStrategy: all) did not find any beans (OnBeanCondition)

   DataSourcePoolMetadataProvidersConfiguration.HikariPoolDataSourceMetadataProviderConfiguration matched:
      - @ConditionalOnClass found required class 'com.zaxxer.hikari.HikariDataSource' (OnClassCondition)

   DataSourceTransactionManagerAutoConfiguration matched:
      - @ConditionalOnClass found required classes 'javax.sql.DataSource', 'org.springframework.jdbc.core.JdbcTemplate', 'org.springframework.transaction.TransactionManager' (OnClassCondition)

   DataSourceTransactionManagerAutoConfiguration.JdbcTransactionManagerConfiguration matched:
      - @ConditionalOnSingleCandidate (types: javax.sql.DataSource; SearchStrategy: all) found a single bean 'dataSource' (OnBeanCondition)

   DispatcherServletAutoConfiguration matched:
      - @ConditionalOnClass found required class 'org.springframework.web.servlet.DispatcherServlet' (OnClassCondition)
      - found 'session' scope (OnWebApplicationCondition)

   DispatcherServletAutoConfiguration.DispatcherServletConfiguration matched:
      - @ConditionalOnClass found required class 'jakarta.servlet.ServletRegistration' (OnClassCondition)
      - Default DispatcherServlet did not find dispatcher servlet beans (DispatcherServletAutoConfiguration.DefaultDispatcherServletCondition)

   DispatcherServletAutoConfiguration.DispatcherServletRegistrationConfiguration matched:
      - @ConditionalOnClass found required class 'jakarta.servlet.ServletRegistration' (OnClassCondition)
      - DispatcherServlet Registration did not find servlet registration bean (DispatcherServletAutoConfiguration.DispatcherServletRegistrationCondition)

   DispatcherServletAutoConfiguration.DispatcherServletRegistrationConfiguration#dispatcherServletRegistration matched:
      - @ConditionalOnBean (names: dispatcherServlet types: org.springframework.web.servlet.DispatcherServlet; SearchStrategy: all) found bean 'dispatcherServlet' (OnBeanCondition)

   EmbeddedWebServerFactoryCustomizerAutoConfiguration matched:
      - @ConditionalOnWebApplication (required) found 'session' scope (OnWebApplicationCondition)
      - @ConditionalOnWarDeployment the application is not deployed as a WAR file. (OnWarDeploymentCondition)

   EmbeddedWebServerFactoryCustomizerAutoConfiguration.TomcatWebServerFactoryCustomizerConfiguration matched:
      - @ConditionalOnClass found required classes 'org.apache.catalina.startup.Tomcat', 'org.apache.coyote.UpgradeProtocol' (OnClassCondition)

   ErrorMvcAutoConfiguration matched:
      - @ConditionalOnClass found required classes 'jakarta.servlet.Servlet', 'org.springframework.web.servlet.DispatcherServlet' (OnClassCondition)
      - found 'session' scope (OnWebApplicationCondition)

   ErrorMvcAutoConfiguration#basicErrorController matched:
      - @ConditionalOnMissingBean (types: org.springframework.boot.web.servlet.error.ErrorController; SearchStrategy: current) did not find any beans (OnBeanCondition)

   ErrorMvcAutoConfiguration#errorAttributes matched:
      - @ConditionalOnMissingBean (types: org.springframework.boot.web.servlet.error.ErrorAttributes; SearchStrategy: current) did not find any beans (OnBeanCondition)

   ErrorMvcAutoConfiguration.DefaultErrorViewResolverConfiguration#conventionErrorViewResolver matched:
      - @ConditionalOnBean (types: org.springframework.web.servlet.DispatcherServlet; SearchStrategy: all) found bean 'dispatcherServlet'; @ConditionalOnMissingBean (types: org.springframework.boot.autoconfigure.web.servlet.error.ErrorViewResolver; SearchStrategy: all) did not find any beans (OnBeanCondition)

   ErrorMvcAutoConfiguration.WhitelabelErrorViewConfiguration matched:
      - @ConditionalOnBooleanProperty (server.error.whitelabel.enabled=true) matched (OnPropertyCondition)
      - ErrorTemplate Missing did not find error template view (ErrorMvcAutoConfiguration.ErrorTemplateMissingCondition)

   ErrorMvcAutoConfiguration.WhitelabelErrorViewConfiguration#beanNameViewResolver matched:
      - @ConditionalOnMissingBean (types: org.springframework.web.servlet.view.BeanNameViewResolver; SearchStrategy: all) did not find any beans (OnBeanCondition)

   ErrorMvcAutoConfiguration.WhitelabelErrorViewConfiguration#defaultErrorView matched:
      - @ConditionalOnMissingBean (names: error; SearchStrategy: all) did not find any beans (OnBeanCondition)

   GenericCacheConfiguration matched:
      - Cache org.springframework.boot.autoconfigure.cache.GenericCacheConfiguration automatic cache type (CacheCondition)

   HibernateJpaAutoConfiguration matched:
      - @ConditionalOnClass found required classes 'org.springframework.orm.jpa.LocalContainerEntityManagerFactoryBean', 'jakarta.persistence.EntityManager', 'org.hibernate.engine.spi.SessionImplementor' (OnClassCondition)

   HibernateJpaConfiguration matched:
      - @ConditionalOnSingleCandidate (types: javax.sql.DataSource; SearchStrategy: all) found a single bean 'dataSource' (OnBeanCondition)

   HttpClientAutoConfiguration matched:
      - @ConditionalOnClass found required class 'org.springframework.http.client.ClientHttpRequestFactory' (OnClassCondition)
      - NoneNestedConditions 0 matched 1 did not; NestedCondition on NotReactiveWebApplicationCondition.ReactiveWebApplication did not find reactive web application classes (NotReactiveWebApplicationCondition)

   HttpClientAutoConfiguration#clientHttpRequestFactoryBuilder matched:
      - @ConditionalOnMissingBean (types: org.springframework.boot.http.client.ClientHttpRequestFactoryBuilder<?>; SearchStrategy: all) did not find any beans (OnBeanCondition)

   HttpClientAutoConfiguration#clientHttpRequestFactorySettings matched:
      - @ConditionalOnMissingBean (types: org.springframework.boot.http.client.ClientHttpRequestFactorySettings; SearchStrategy: all) did not find any beans (OnBeanCondition)

   HttpEncodingAutoConfiguration matched:
      - @ConditionalOnClass found required class 'org.springframework.web.filter.CharacterEncodingFilter' (OnClassCondition)
      - found 'session' scope (OnWebApplicationCondition)
      - @ConditionalOnBooleanProperty (server.servlet.encoding.enabled=true) matched (OnPropertyCondition)

   HttpEncodingAutoConfiguration#characterEncodingFilter matched:
      - @ConditionalOnMissingBean (types: org.springframework.web.filter.CharacterEncodingFilter; SearchStrategy: all) did not find any beans (OnBeanCondition)

   HttpMessageConvertersAutoConfiguration matched:
      - @ConditionalOnClass found required class 'org.springframework.http.converter.HttpMessageConverter' (OnClassCondition)
      - NoneNestedConditions 0 matched 1 did not; NestedCondition on HttpMessageConvertersAutoConfiguration.NotReactiveWebApplicationCondition.ReactiveWebApplication did not find reactive web application classes (HttpMessageConvertersAutoConfiguration.NotReactiveWebApplicationCondition)

   HttpMessageConvertersAutoConfiguration#messageConverters matched:
      - @ConditionalOnMissingBean (types: org.springframework.boot.autoconfigure.http.HttpMessageConverters; SearchStrategy: all) did not find any beans (OnBeanCondition)

   HttpMessageConvertersAutoConfiguration.StringHttpMessageConverterConfiguration matched:
      - @ConditionalOnClass found required class 'org.springframework.http.converter.StringHttpMessageConverter' (OnClassCondition)

   HttpMessageConvertersAutoConfiguration.StringHttpMessageConverterConfiguration#stringHttpMessageConverter matched:
      - @ConditionalOnMissingBean (types: org.springframework.http.converter.StringHttpMessageConverter; SearchStrategy: all) did not find any beans (OnBeanCondition)

   JacksonAutoConfiguration matched:
      - @ConditionalOnClass found required class 'com.fasterxml.jackson.databind.ObjectMapper' (OnClassCondition)

   JacksonAutoConfiguration.Jackson2ObjectMapperBuilderCustomizerConfiguration matched:
      - @ConditionalOnClass found required class 'org.springframework.http.converter.json.Jackson2ObjectMapperBuilder' (OnClassCondition)

   JacksonAutoConfiguration.JacksonObjectMapperBuilderConfiguration matched:
      - @ConditionalOnClass found required class 'org.springframework.http.converter.json.Jackson2ObjectMapperBuilder' (OnClassCondition)

   JacksonAutoConfiguration.JacksonObjectMapperBuilderConfiguration#jacksonObjectMapperBuilder matched:
      - @ConditionalOnMissingBean (types: org.springframework.http.converter.json.Jackson2ObjectMapperBuilder; SearchStrategy: all) did not find any beans (OnBeanCondition)

   JacksonAutoConfiguration.JacksonObjectMapperConfiguration matched:
      - @ConditionalOnClass found required class 'org.springframework.http.converter.json.Jackson2ObjectMapperBuilder' (OnClassCondition)

   JacksonAutoConfiguration.JacksonObjectMapperConfiguration#jacksonObjectMapper matched:
      - @ConditionalOnMissingBean (types: com.fasterxml.jackson.databind.ObjectMapper; SearchStrategy: all) did not find any beans (OnBeanCondition)

   JacksonAutoConfiguration.ParameterNamesModuleConfiguration matched:
      - @ConditionalOnClass found required class 'com.fasterxml.jackson.module.paramnames.ParameterNamesModule' (OnClassCondition)

   JacksonAutoConfiguration.ParameterNamesModuleConfiguration#parameterNamesModule matched:
      - @ConditionalOnMissingBean (types: com.fasterxml.jackson.module.paramnames.ParameterNamesModule; SearchStrategy: all) did not find any beans (OnBeanCondition)

   JacksonHttpMessageConvertersConfiguration.MappingJackson2HttpMessageConverterConfiguration matched:
      - @ConditionalOnClass found required class 'com.fasterxml.jackson.databind.ObjectMapper' (OnClassCondition)
      - @ConditionalOnPreferredJsonMapper JACKSON no property was configured and Jackson is the default (OnPreferredJsonMapperCondition)
      - @ConditionalOnBean (types: com.fasterxml.jackson.databind.ObjectMapper; SearchStrategy: all) found bean 'jacksonObjectMapper' (OnBeanCondition)

   JacksonHttpMessageConvertersConfiguration.MappingJackson2HttpMessageConverterConfiguration#mappingJackson2HttpMessageConverter matched:
      - @ConditionalOnMissingBean (types: org.springframework.http.converter.json.MappingJackson2HttpMessageConverter ignored: ?; SearchStrategy: all) did not find any beans (OnBeanCondition)

   JdbcClientAutoConfiguration matched:
      - @ConditionalOnSingleCandidate (types: org.springframework.jdbc.core.namedparam.NamedParameterJdbcTemplate; SearchStrategy: all) found a single bean 'namedParameterJdbcTemplate'; @ConditionalOnMissingBean (types: org.springframework.jdbc.core.simple.JdbcClient; SearchStrategy: all) did not find any beans (OnBeanCondition)

   JdbcTemplateAutoConfiguration matched:
      - @ConditionalOnClass found required classes 'javax.sql.DataSource', 'org.springframework.jdbc.core.JdbcTemplate' (OnClassCondition)
      - @ConditionalOnSingleCandidate (types: javax.sql.DataSource; SearchStrategy: all) found a single bean 'dataSource' (OnBeanCondition)

   JdbcTemplateConfiguration matched:
      - @ConditionalOnMissingBean (types: org.springframework.jdbc.core.JdbcOperations; SearchStrategy: all) did not find any beans (OnBeanCondition)

   JpaBaseConfiguration#entityManagerFactory matched:
      - @ConditionalOnMissingBean (types: org.springframework.orm.jpa.LocalContainerEntityManagerFactoryBean,jakarta.persistence.EntityManagerFactory; SearchStrategy: all) did not find any beans (OnBeanCondition)

   JpaBaseConfiguration#entityManagerFactoryBuilder matched:
      - @ConditionalOnMissingBean (types: org.springframework.boot.orm.jpa.EntityManagerFactoryBuilder; SearchStrategy: all) did not find any beans (OnBeanCondition)

   JpaBaseConfiguration#jpaVendorAdapter matched:
      - @ConditionalOnMissingBean (types: org.springframework.orm.jpa.JpaVendorAdapter; SearchStrategy: all) did not find any beans (OnBeanCondition)

   JpaBaseConfiguration#transactionManager matched:
      - @ConditionalOnMissingBean (types: org.springframework.transaction.TransactionManager; SearchStrategy: all) did not find any beans (OnBeanCondition)

   JpaBaseConfiguration.JpaWebConfiguration matched:
      - @ConditionalOnClass found required class 'org.springframework.web.servlet.config.annotation.WebMvcConfigurer' (OnClassCondition)
      - found 'session' scope (OnWebApplicationCondition)
      - @ConditionalOnBooleanProperty (spring.jpa.open-in-view=true) matched (OnPropertyCondition)
      - @ConditionalOnMissingBean (types: org.springframework.orm.jpa.support.OpenEntityManagerInViewInterceptor,org.springframework.orm.jpa.support.OpenEntityManagerInViewFilter; SearchStrategy: all) did not find any beans (OnBeanCondition)

   JpaBaseConfiguration.PersistenceManagedTypesConfiguration matched:
      - @ConditionalOnMissingBean (types: org.springframework.orm.jpa.LocalContainerEntityManagerFactoryBean,jakarta.persistence.EntityManagerFactory; SearchStrategy: all) did not find any beans (OnBeanCondition)

   JpaBaseConfiguration.PersistenceManagedTypesConfiguration#persistenceManagedTypes matched:
      - @ConditionalOnMissingBean (types: org.springframework.orm.jpa.persistenceunit.PersistenceManagedTypes; SearchStrategy: all) did not find any beans (OnBeanCondition)

   JpaRepositoriesAutoConfiguration matched:
      - @ConditionalOnClass found required class 'org.springframework.data.jpa.repository.JpaRepository' (OnClassCondition)
      - @ConditionalOnBooleanProperty (spring.data.jpa.repositories.enabled=true) matched (OnPropertyCondition)
      - @ConditionalOnBean (types: javax.sql.DataSource; SearchStrategy: all) found bean 'dataSource'; @ConditionalOnMissingBean (types: org.springframework.data.jpa.repository.support.JpaRepositoryFactoryBean,org.springframework.data.jpa.repository.config.JpaRepositoryConfigExtension; SearchStrategy: all) did not find any beans (OnBeanCondition)

   JtaAutoConfiguration matched:
      - @ConditionalOnClass found required class 'jakarta.transaction.Transaction' (OnClassCondition)
      - @ConditionalOnBooleanProperty (spring.jta.enabled=true) matched (OnPropertyCondition)

   LifecycleAutoConfiguration#defaultLifecycleProcessor matched:
      - @ConditionalOnMissingBean (names: lifecycleProcessor; SearchStrategy: current) did not find any beans (OnBeanCondition)

   MultipartAutoConfiguration matched:
      - @ConditionalOnClass found required classes 'jakarta.servlet.Servlet', 'org.springframework.web.multipart.support.StandardServletMultipartResolver', 'jakarta.servlet.MultipartConfigElement' (OnClassCondition)
      - found 'session' scope (OnWebApplicationCondition)
      - @ConditionalOnBooleanProperty (spring.servlet.multipart.enabled=true) matched (OnPropertyCondition)

   MultipartAutoConfiguration#multipartConfigElement matched:
      - @ConditionalOnMissingBean (types: jakarta.servlet.MultipartConfigElement; SearchStrategy: all) did not find any beans (OnBeanCondition)

   MultipartAutoConfiguration#multipartResolver matched:
      - @ConditionalOnMissingBean (types: org.springframework.web.multipart.MultipartResolver; SearchStrategy: all) did not find any beans (OnBeanCondition)

   NamedParameterJdbcTemplateConfiguration matched:
      - @ConditionalOnSingleCandidate (types: org.springframework.jdbc.core.JdbcTemplate; SearchStrategy: all) found a single bean 'jdbcTemplate'; @ConditionalOnMissingBean (types: org.springframework.jdbc.core.namedparam.NamedParameterJdbcOperations; SearchStrategy: all) did not find any beans (OnBeanCondition)

   NoOpCacheConfiguration matched:
      - Cache org.springframework.boot.autoconfigure.cache.NoOpCacheConfiguration automatic cache type (CacheCondition)

   PersistenceExceptionTranslationAutoConfiguration matched:
      - @ConditionalOnClass found required class 'org.springframework.dao.annotation.PersistenceExceptionTranslationPostProcessor' (OnClassCondition)

   PersistenceExceptionTranslationAutoConfiguration#persistenceExceptionTranslationPostProcessor matched:
      - @ConditionalOnBooleanProperty (spring.dao.exceptiontranslation.enabled=true) matched (OnPropertyCondition)
      - @ConditionalOnMissingBean (types: org.springframework.dao.annotation.PersistenceExceptionTranslationPostProcessor; SearchStrategy: all) did not find any beans (OnBeanCondition)

   PropertyPlaceholderAutoConfiguration#propertySourcesPlaceholderConfigurer matched:
      - @ConditionalOnMissingBean (types: org.springframework.context.support.PropertySourcesPlaceholderConfigurer; SearchStrategy: current) did not find any beans (OnBeanCondition)

   RestClientAutoConfiguration matched:
      - @ConditionalOnClass found required class 'org.springframework.web.client.RestClient' (OnClassCondition)
      - AnyNestedCondition 1 matched 1 did not; NestedCondition on NotReactiveWebApplicationOrVirtualThreadsExecutorEnabledCondition.VirtualThreadsExecutorEnabled found non-matching nested conditions @ConditionalOnThreading did not find VIRTUAL; NestedCondition on NotReactiveWebApplicationOrVirtualThreadsExecutorEnabledCondition.NotReactiveWebApplication NoneNestedConditions 0 matched 1 did not; NestedCondition on NotReactiveWebApplicationCondition.ReactiveWebApplication did not find reactive web application classes (NotReactiveWebApplicationOrVirtualThreadsExecutorEnabledCondition)

   RestClientAutoConfiguration#httpMessageConvertersRestClientCustomizer matched:
      - @ConditionalOnMissingBean (types: org.springframework.boot.autoconfigure.web.client.HttpMessageConvertersRestClientCustomizer; SearchStrategy: all) did not find any beans (OnBeanCondition)

   RestClientAutoConfiguration#restClientBuilder matched:
      - @ConditionalOnMissingBean (types: org.springframework.web.client.RestClient$Builder; SearchStrategy: all) did not find any beans (OnBeanCondition)

   RestClientAutoConfiguration#restClientBuilderConfigurer matched:
      - @ConditionalOnMissingBean (types: org.springframework.boot.autoconfigure.web.client.RestClientBuilderConfigurer; SearchStrategy: all) did not find any beans (OnBeanCondition)

   RestClientAutoConfiguration#restClientSsl matched:
      - @ConditionalOnBean (types: org.springframework.boot.ssl.SslBundles; SearchStrategy: all) found bean 'sslBundleRegistry'; @ConditionalOnMissingBean (types: org.springframework.boot.autoconfigure.web.client.RestClientSsl; SearchStrategy: all) did not find any beans (OnBeanCondition)

   RestTemplateAutoConfiguration matched:
      - @ConditionalOnClass found required class 'org.springframework.web.client.RestTemplate' (OnClassCondition)
      - NoneNestedConditions 0 matched 1 did not; NestedCondition on NotReactiveWebApplicationCondition.ReactiveWebApplication did not find reactive web application classes (NotReactiveWebApplicationCondition)

   RestTemplateAutoConfiguration#restTemplateBuilder matched:
      - @ConditionalOnMissingBean (types: org.springframework.boot.web.client.RestTemplateBuilder; SearchStrategy: all) did not find any beans (OnBeanCondition)

   SecurityAutoConfiguration matched:
      - @ConditionalOnClass found required class 'org.springframework.security.authentication.DefaultAuthenticationEventPublisher' (OnClassCondition)

   SecurityAutoConfiguration#authenticationEventPublisher matched:
      - @ConditionalOnMissingBean (types: org.springframework.security.authentication.AuthenticationEventPublisher; SearchStrategy: all) did not find any beans (OnBeanCondition)

   SecurityFilterAutoConfiguration matched:
      - @ConditionalOnClass found required classes 'org.springframework.security.web.context.AbstractSecurityWebApplicationInitializer', 'org.springframework.security.config.http.SessionCreationPolicy' (OnClassCondition)
      - found 'session' scope (OnWebApplicationCondition)

   SecurityFilterAutoConfiguration#securityFilterChainRegistration matched:
      - @ConditionalOnBean (names: springSecurityFilterChain; SearchStrategy: all) found bean 'springSecurityFilterChain' (OnBeanCondition)

   ServletWebServerFactoryAutoConfiguration matched:
      - @ConditionalOnClass found required class 'jakarta.servlet.ServletRequest' (OnClassCondition)
      - found 'session' scope (OnWebApplicationCondition)

   ServletWebServerFactoryAutoConfiguration#tomcatServletWebServerFactoryCustomizer matched:
      - @ConditionalOnClass found required class 'org.apache.catalina.startup.Tomcat' (OnClassCondition)

   ServletWebServerFactoryConfiguration.EmbeddedTomcat matched:
      - @ConditionalOnClass found required classes 'jakarta.servlet.Servlet', 'org.apache.catalina.startup.Tomcat', 'org.apache.coyote.UpgradeProtocol' (OnClassCondition)
      - @ConditionalOnMissingBean (types: org.springframework.boot.web.servlet.server.ServletWebServerFactory; SearchStrategy: current) did not find any beans (OnBeanCondition)

   SimpleCacheConfiguration matched:
      - Cache org.springframework.boot.autoconfigure.cache.SimpleCacheConfiguration automatic cache type (CacheCondition)

   SpringBootWebSecurityConfiguration matched:
      - found 'session' scope (OnWebApplicationCondition)

   SpringBootWebSecurityConfiguration.WebSecurityEnablerConfiguration matched:
      - @ConditionalOnClass found required class 'org.springframework.security.config.annotation.web.configuration.EnableWebSecurity' (OnClassCondition)
      - @ConditionalOnMissingBean (names: springSecurityFilterChain; SearchStrategy: all) did not find any beans (OnBeanCondition)

   SpringDataWebAutoConfiguration matched:
      - @ConditionalOnClass found required classes 'org.springframework.data.web.PageableHandlerMethodArgumentResolver', 'org.springframework.web.servlet.config.annotation.WebMvcConfigurer' (OnClassCondition)
      - found 'session' scope (OnWebApplicationCondition)
      - @ConditionalOnMissingBean (types: org.springframework.data.web.PageableHandlerMethodArgumentResolver; SearchStrategy: all) did not find any beans (OnBeanCondition)

   SpringDataWebAutoConfiguration#pageableCustomizer matched:
      - @ConditionalOnMissingBean (types: org.springframework.data.web.config.PageableHandlerMethodArgumentResolverCustomizer; SearchStrategy: all) did not find any beans (OnBeanCondition)

   SpringDataWebAutoConfiguration#sortCustomizer matched:
      - @ConditionalOnMissingBean (types: org.springframework.data.web.config.SortHandlerMethodArgumentResolverCustomizer; SearchStrategy: all) did not find any beans (OnBeanCondition)

   SpringDataWebAutoConfiguration#springDataWebSettings matched:
      - @ConditionalOnMissingBean (types: org.springframework.data.web.config.SpringDataWebSettings; SearchStrategy: all) did not find any beans (OnBeanCondition)

   SqlInitializationAutoConfiguration matched:
      - @ConditionalOnBooleanProperty (spring.sql.init.enabled=true) matched (OnPropertyCondition)
      - NoneNestedConditions 0 matched 1 did not; NestedCondition on SqlInitializationAutoConfiguration.SqlInitializationModeCondition.ModeIsNever @ConditionalOnProperty (spring.sql.init.mode=never) did not find property 'spring.sql.init.mode' (SqlInitializationAutoConfiguration.SqlInitializationModeCondition)

   SslAutoConfiguration#sslBundleRegistry matched:
      - @ConditionalOnMissingBean (types: org.springframework.boot.ssl.SslBundleRegistry,org.springframework.boot.ssl.SslBundles; SearchStrategy: all) did not find any beans (OnBeanCondition)

   TaskExecutionAutoConfiguration matched:
      - @ConditionalOnClass found required class 'org.springframework.scheduling.concurrent.ThreadPoolTaskExecutor' (OnClassCondition)

   TaskExecutorConfigurations.AsyncConfigurerConfiguration matched:
      - @ConditionalOnMissingBean (types: org.springframework.scheduling.annotation.AsyncConfigurer; SearchStrategy: all) did not find any beans (OnBeanCondition)

   TaskExecutorConfigurations.AsyncConfigurerConfiguration#applicationTaskExecutorAsyncConfigurer matched:
      - @ConditionalOnMissingBean (types: org.springframework.scheduling.annotation.AsyncConfigurer; SearchStrategy: all) did not find any beans (OnBeanCondition)

   TaskExecutorConfigurations.SimpleAsyncTaskExecutorBuilderConfiguration#simpleAsyncTaskExecutorBuilder matched:
      - @ConditionalOnMissingBean (types: org.springframework.boot.task.SimpleAsyncTaskExecutorBuilder; SearchStrategy: all) did not find any beans (OnBeanCondition)
      - @ConditionalOnThreading found PLATFORM (OnThreadingCondition)

   TaskExecutorConfigurations.TaskExecutorConfiguration matched:
      - AnyNestedCondition 1 matched 1 did not; NestedCondition on TaskExecutorConfigurations.OnExecutorCondition.ModelCondition @ConditionalOnProperty (spring.task.execution.mode=force) did not find property 'spring.task.execution.mode'; NestedCondition on TaskExecutorConfigurations.OnExecutorCondition.ExecutorBeanCondition @ConditionalOnMissingBean (types: java.util.concurrent.Executor; SearchStrategy: all) did not find any beans (TaskExecutorConfigurations.OnExecutorCondition)

   TaskExecutorConfigurations.TaskExecutorConfiguration#applicationTaskExecutor matched:
      - @ConditionalOnThreading found PLATFORM (OnThreadingCondition)

   TaskExecutorConfigurations.ThreadPoolTaskExecutorBuilderConfiguration#threadPoolTaskExecutorBuilder matched:
      - @ConditionalOnMissingBean (types: org.springframework.boot.task.ThreadPoolTaskExecutorBuilder; SearchStrategy: all) did not find any beans (OnBeanCondition)

   TaskSchedulingAutoConfiguration matched:
      - @ConditionalOnClass found required class 'org.springframework.scheduling.concurrent.ThreadPoolTaskScheduler' (OnClassCondition)

   TaskSchedulingConfigurations.SimpleAsyncTaskSchedulerBuilderConfiguration#simpleAsyncTaskSchedulerBuilder matched:
      - @ConditionalOnMissingBean (types: org.springframework.boot.task.SimpleAsyncTaskSchedulerBuilder; SearchStrategy: all) did not find any beans (OnBeanCondition)
      - @ConditionalOnThreading found PLATFORM (OnThreadingCondition)

   TaskSchedulingConfigurations.ThreadPoolTaskSchedulerBuilderConfiguration#threadPoolTaskSchedulerBuilder matched:
      - @ConditionalOnMissingBean (types: org.springframework.boot.task.ThreadPoolTaskSchedulerBuilder; SearchStrategy: all) did not find any beans (OnBeanCondition)

   TemplateEngineConfigurations.DefaultTemplateEngineConfiguration#templateEngine matched:
      - @ConditionalOnMissingBean (types: org.thymeleaf.spring6.ISpringTemplateEngine; SearchStrategy: all) did not find any beans (OnBeanCondition)

   ThymeleafAutoConfiguration matched:
      - @ConditionalOnClass found required classes 'org.thymeleaf.templatemode.TemplateMode', 'org.thymeleaf.spring6.SpringTemplateEngine' (OnClassCondition)

   ThymeleafAutoConfiguration.DefaultTemplateResolverConfiguration matched:
      - @ConditionalOnMissingBean (names: defaultTemplateResolver; SearchStrategy: all) did not find any beans (OnBeanCondition)

   ThymeleafAutoConfiguration.ThymeleafSecurityDialectConfiguration matched:
      - @ConditionalOnClass found required classes 'org.thymeleaf.extras.springsecurity6.dialect.SpringSecurityDialect', 'org.springframework.security.web.server.csrf.CsrfToken' (OnClassCondition)

   ThymeleafAutoConfiguration.ThymeleafSecurityDialectConfiguration#securityDialect matched:
      - @ConditionalOnMissingBean (types: org.thymeleaf.extras.springsecurity6.dialect.SpringSecurityDialect; SearchStrategy: all) did not find any beans (OnBeanCondition)

   ThymeleafAutoConfiguration.ThymeleafWebMvcConfiguration matched:
      - found 'session' scope (OnWebApplicationCondition)
      - @ConditionalOnBooleanProperty (spring.thymeleaf.enabled=true) matched (OnPropertyCondition)

   ThymeleafAutoConfiguration.ThymeleafWebMvcConfiguration.ThymeleafViewResolverConfiguration matched:
      - @ConditionalOnClass found required class 'org.springframework.web.servlet.view.AbstractCachingViewResolver' (OnClassCondition)

   ThymeleafAutoConfiguration.ThymeleafWebMvcConfiguration.ThymeleafViewResolverConfiguration#thymeleafViewResolver matched:
      - @ConditionalOnMissingBean (names: thymeleafViewResolver; SearchStrategy: all) did not find any beans (OnBeanCondition)

   TransactionAutoConfiguration matched:
      - @ConditionalOnClass found required class 'org.springframework.transaction.PlatformTransactionManager' (OnClassCondition)

   TransactionAutoConfiguration.EnableTransactionManagementConfiguration matched:
      - @ConditionalOnBean (types: org.springframework.transaction.TransactionManager; SearchStrategy: all) found bean 'transactionManager'; @ConditionalOnMissingBean (types: org.springframework.transaction.annotation.AbstractTransactionManagementConfiguration; SearchStrategy: all) did not find any beans (OnBeanCondition)

   TransactionAutoConfiguration.EnableTransactionManagementConfiguration.CglibAutoProxyConfiguration matched:
      - @ConditionalOnBooleanProperty (spring.aop.proxy-target-class=true) matched (OnPropertyCondition)

   TransactionAutoConfiguration.TransactionTemplateConfiguration matched:
      - @ConditionalOnSingleCandidate (types: org.springframework.transaction.PlatformTransactionManager; SearchStrategy: all) found a single bean 'transactionManager' (OnBeanCondition)

   TransactionAutoConfiguration.TransactionTemplateConfiguration#transactionTemplate matched:
      - @ConditionalOnMissingBean (types: org.springframework.transaction.support.TransactionOperations; SearchStrategy: all) did not find any beans (OnBeanCondition)

   TransactionManagerCustomizationAutoConfiguration matched:
      - @ConditionalOnClass found required class 'org.springframework.transaction.PlatformTransactionManager' (OnClassCondition)

   TransactionManagerCustomizationAutoConfiguration#platformTransactionManagerCustomizers matched:
      - @ConditionalOnMissingBean (types: org.springframework.boot.autoconfigure.transaction.TransactionManagerCustomizers; SearchStrategy: all) did not find any beans (OnBeanCondition)

   ValidationAutoConfiguration matched:
      - @ConditionalOnClass found required class 'jakarta.validation.executable.ExecutableValidator' (OnClassCondition)
      - @ConditionalOnResource found location classpath:META-INF/services/jakarta.validation.spi.ValidationProvider (OnResourceCondition)

   ValidationAutoConfiguration#defaultValidator matched:
      - @ConditionalOnMissingBean (types: jakarta.validation.Validator; SearchStrategy: all) did not find any beans (OnBeanCondition)

   ValidationAutoConfiguration#methodValidationPostProcessor matched:
      - @ConditionalOnMissingBean (types: org.springframework.validation.beanvalidation.MethodValidationPostProcessor; SearchStrategy: current) did not find any beans (OnBeanCondition)

   WebMvcAutoConfiguration matched:
      - @ConditionalOnClass found required classes 'jakarta.servlet.Servlet', 'org.springframework.web.servlet.DispatcherServlet', 'org.springframework.web.servlet.config.annotation.WebMvcConfigurer' (OnClassCondition)
      - found 'session' scope (OnWebApplicationCondition)
      - @ConditionalOnMissingBean (types: org.springframework.web.servlet.config.annotation.WebMvcConfigurationSupport; SearchStrategy: all) did not find any beans (OnBeanCondition)

   WebMvcAutoConfiguration#formContentFilter matched:
      - @ConditionalOnBooleanProperty (spring.mvc.formcontent.filter.enabled=true) matched (OnPropertyCondition)
      - @ConditionalOnMissingBean (types: org.springframework.web.filter.FormContentFilter; SearchStrategy: all) did not find any beans (OnBeanCondition)

   WebMvcAutoConfiguration.EnableWebMvcConfiguration#flashMapManager matched:
      - @ConditionalOnMissingBean (names: flashMapManager; SearchStrategy: all) did not find any beans (OnBeanCondition)

   WebMvcAutoConfiguration.EnableWebMvcConfiguration#localeResolver matched:
      - @ConditionalOnMissingBean (names: localeResolver; SearchStrategy: all) did not find any beans (OnBeanCondition)

   WebMvcAutoConfiguration.EnableWebMvcConfiguration#themeResolver matched:
      - @ConditionalOnMissingBean (names: themeResolver; SearchStrategy: all) did not find any beans (OnBeanCondition)

   WebMvcAutoConfiguration.EnableWebMvcConfiguration#viewNameTranslator matched:
      - @ConditionalOnMissingBean (names: viewNameTranslator; SearchStrategy: all) did not find any beans (OnBeanCondition)

   WebMvcAutoConfiguration.WebMvcAutoConfigurationAdapter#defaultViewResolver matched:
      - @ConditionalOnMissingBean (types: org.springframework.web.servlet.view.InternalResourceViewResolver; SearchStrategy: all) did not find any beans (OnBeanCondition)

   WebMvcAutoConfiguration.WebMvcAutoConfigurationAdapter#requestContextFilter matched:
      - @ConditionalOnMissingBean (types: org.springframework.web.context.request.RequestContextListener,org.springframework.web.filter.RequestContextFilter; SearchStrategy: all) did not find any beans (OnBeanCondition)

   WebMvcAutoConfiguration.WebMvcAutoConfigurationAdapter#viewResolver matched:
      - @ConditionalOnBean (types: org.springframework.web.servlet.ViewResolver; SearchStrategy: all) found beans 'defaultViewResolver', 'beanNameViewResolver', 'mvcViewResolver'; @ConditionalOnMissingBean (names: viewResolver types: org.springframework.web.servlet.view.ContentNegotiatingViewResolver; SearchStrategy: all) did not find any beans (OnBeanCondition)

   WebSocketServletAutoConfiguration matched:
      - @ConditionalOnClass found required classes 'jakarta.servlet.Servlet', 'jakarta.websocket.server.ServerContainer' (OnClassCondition)
      - found 'session' scope (OnWebApplicationCondition)

   WebSocketServletAutoConfiguration.TomcatWebSocketConfiguration matched:
      - @ConditionalOnClass found required classes 'org.apache.catalina.startup.Tomcat', 'org.apache.tomcat.websocket.server.WsSci' (OnClassCondition)

   WebSocketServletAutoConfiguration.TomcatWebSocketConfiguration#websocketServletWebServerCustomizer matched:
      - @ConditionalOnMissingBean (names: websocketServletWebServerCustomizer; SearchStrategy: all) did not find any beans (OnBeanCondition)


Negative matches:
-----------------

   ActiveMQAutoConfiguration:
      Did not match:
         - @ConditionalOnClass did not find required class 'jakarta.jms.ConnectionFactory' (OnClassCondition)

   AopAutoConfiguration.AspectJAutoProxyingConfiguration.JdkDynamicAutoProxyConfiguration:
      Did not match:
         - @ConditionalOnBooleanProperty (spring.aop.proxy-target-class=false) did not find property 'spring.aop.proxy-target-class' (OnPropertyCondition)

   AopAutoConfiguration.ClassProxyingConfiguration:
      Did not match:
         - @ConditionalOnMissingClass found unwanted class 'org.aspectj.weaver.Advice' (OnClassCondition)

   ArtemisAutoConfiguration:
      Did not match:
         - @ConditionalOnClass did not find required class 'jakarta.jms.ConnectionFactory' (OnClassCondition)

   BatchAutoConfiguration:
      Did not match:
         - @ConditionalOnClass did not find required class 'org.springframework.batch.core.launch.JobLauncher' (OnClassCondition)

   Cache2kCacheConfiguration:
      Did not match:
         - @ConditionalOnClass did not find required class 'org.cache2k.Cache2kBuilder' (OnClassCondition)

   CacheAutoConfiguration:
      Did not match:
         - @ConditionalOnBean (types: org.springframework.cache.interceptor.CacheAspectSupport; SearchStrategy: all) did not find any beans of type org.springframework.cache.interceptor.CacheAspectSupport (OnBeanCondition)
      Matched:
         - @ConditionalOnClass found required class 'org.springframework.cache.CacheManager' (OnClassCondition)

   CacheAutoConfiguration.CacheManagerEntityManagerFactoryDependsOnPostProcessor:
      Did not match:
         - Ancestor org.springframework.boot.autoconfigure.cache.CacheAutoConfiguration did not match (ConditionEvaluationReport.AncestorsMatchedCondition)
      Matched:
         - @ConditionalOnClass found required class 'org.springframework.orm.jpa.LocalContainerEntityManagerFactoryBean' (OnClassCondition)

   CaffeineCacheConfiguration:
      Did not match:
         - @ConditionalOnClass did not find required class 'com.github.benmanes.caffeine.cache.Caffeine' (OnClassCondition)

   CassandraAutoConfiguration:
      Did not match:
         - @ConditionalOnClass did not find required class 'com.datastax.oss.driver.api.core.CqlSession' (OnClassCondition)

   CassandraDataAutoConfiguration:
      Did not match:
         - @ConditionalOnClass did not find required class 'com.datastax.oss.driver.api.core.CqlSession' (OnClassCondition)

   CassandraReactiveDataAutoConfiguration:
      Did not match:
         - @ConditionalOnClass did not find required class 'com.datastax.oss.driver.api.core.CqlSession' (OnClassCondition)

   CassandraReactiveRepositoriesAutoConfiguration:
      Did not match:
         - @ConditionalOnClass did not find required class 'org.springframework.data.cassandra.ReactiveSession' (OnClassCondition)

   CassandraRepositoriesAutoConfiguration:
      Did not match:
         - @ConditionalOnClass did not find required class 'com.datastax.oss.driver.api.core.CqlSession' (OnClassCondition)

   org.springframework.boot.autoconfigure.http.client.reactive.ClientHttpConnectorAutoConfiguration:
      Did not match:
         - @ConditionalOnClass did not find required class 'reactor.core.publisher.Mono' (OnClassCondition)

   org.springframework.boot.autoconfigure.web.reactive.function.client.ClientHttpConnectorAutoConfiguration:
      Did not match:
         - @ConditionalOnClass did not find required class 'org.springframework.web.reactive.function.client.WebClient' (OnClassCondition)

   CodecsAutoConfiguration:
      Did not match:
         - @ConditionalOnClass did not find required class 'org.springframework.web.reactive.function.client.WebClient' (OnClassCondition)

   CouchbaseAutoConfiguration:
      Did not match:
         - @ConditionalOnClass did not find required class 'com.couchbase.client.java.Cluster' (OnClassCondition)

   CouchbaseCacheConfiguration:
      Did not match:
         - @ConditionalOnClass did not find required class 'com.couchbase.client.java.Cluster' (OnClassCondition)

   CouchbaseDataAutoConfiguration:
      Did not match:
         - @ConditionalOnClass did not find required class 'com.couchbase.client.java.Bucket' (OnClassCondition)

   CouchbaseReactiveDataAutoConfiguration:
      Did not match:
         - @ConditionalOnClass did not find required class 'com.couchbase.client.java.Cluster' (OnClassCondition)

   CouchbaseReactiveRepositoriesAutoConfiguration:
      Did not match:
         - @ConditionalOnClass did not find required class 'com.couchbase.client.java.Cluster' (OnClassCondition)

   CouchbaseRepositoriesAutoConfiguration:
      Did not match:
         - @ConditionalOnClass did not find required class 'com.couchbase.client.java.Bucket' (OnClassCondition)

   DataSourceAutoConfiguration.EmbeddedDatabaseConfiguration:
      Did not match:
         - EmbeddedDataSource spring.datasource.url is set (DataSourceAutoConfiguration.EmbeddedDatabaseCondition)

   DataSourceCheckpointRestoreConfiguration:
      Did not match:
         - @ConditionalOnClass did not find required class 'org.crac.Resource' (OnClassCondition)

   DataSourceConfiguration.Dbcp2:
      Did not match:
         - @ConditionalOnClass did not find required class 'org.apache.commons.dbcp2.BasicDataSource' (OnClassCondition)

   DataSourceConfiguration.Generic:
      Did not match:
         - @ConditionalOnProperty (spring.datasource.type) did not find property 'spring.datasource.type' (OnPropertyCondition)

   DataSourceConfiguration.OracleUcp:
      Did not match:
         - @ConditionalOnClass did not find required classes 'oracle.ucp.jdbc.PoolDataSourceImpl', 'oracle.jdbc.OracleConnection' (OnClassCondition)

   DataSourceConfiguration.Tomcat:
      Did not match:
         - @ConditionalOnClass did not find required class 'org.apache.tomcat.jdbc.pool.DataSource' (OnClassCondition)

   DataSourceJmxConfiguration:
      Did not match:
         - @ConditionalOnBooleanProperty (spring.jmx.enabled=true) did not find property 'spring.jmx.enabled' (OnPropertyCondition)

   DataSourcePoolMetadataProvidersConfiguration.CommonsDbcp2PoolDataSourceMetadataProviderConfiguration:
      Did not match:
         - @ConditionalOnClass did not find required class 'org.apache.commons.dbcp2.BasicDataSource' (OnClassCondition)

   DataSourcePoolMetadataProvidersConfiguration.OracleUcpPoolDataSourceMetadataProviderConfiguration:
      Did not match:
         - @ConditionalOnClass did not find required classes 'oracle.ucp.jdbc.PoolDataSource', 'oracle.jdbc.OracleConnection' (OnClassCondition)

   DataSourcePoolMetadataProvidersConfiguration.TomcatDataSourcePoolMetadataProviderConfiguration:
      Did not match:
         - @ConditionalOnClass did not find required class 'org.apache.tomcat.jdbc.pool.DataSource' (OnClassCondition)

   DataSourceTransactionManagerAutoConfiguration.JdbcTransactionManagerConfiguration#transactionManager:
      Did not match:
         - @ConditionalOnMissingBean (types: org.springframework.transaction.TransactionManager; SearchStrategy: all) found beans of type 'org.springframework.transaction.TransactionManager' transactionManager (OnBeanCondition)

   DispatcherServletAutoConfiguration.DispatcherServletConfiguration#multipartResolver:
      Did not match:
         - @ConditionalOnBean (types: org.springframework.web.multipart.MultipartResolver; SearchStrategy: all) did not find any beans of type org.springframework.web.multipart.MultipartResolver (OnBeanCondition)

   ElasticsearchClientAutoConfiguration:
      Did not match:
         - @ConditionalOnClass did not find required class 'co.elastic.clients.elasticsearch.ElasticsearchClient' (OnClassCondition)

   ElasticsearchDataAutoConfiguration:
      Did not match:
         - @ConditionalOnClass did not find required class 'org.springframework.data.elasticsearch.client.elc.ElasticsearchTemplate' (OnClassCondition)

   ElasticsearchRepositoriesAutoConfiguration:
      Did not match:
         - @ConditionalOnClass did not find required class 'org.springframework.data.elasticsearch.repository.ElasticsearchRepository' (OnClassCondition)

   ElasticsearchRestClientAutoConfiguration:
      Did not match:
         - @ConditionalOnClass did not find required class 'org.elasticsearch.client.RestClientBuilder' (OnClassCondition)

   EmbeddedLdapAutoConfiguration:
      Did not match:
         - @ConditionalOnClass did not find required class 'com.unboundid.ldap.listener.InMemoryDirectoryServer' (OnClassCondition)

   EmbeddedWebServerFactoryCustomizerAutoConfiguration.JettyWebServerFactoryCustomizerConfiguration:
      Did not match:
         - @ConditionalOnClass did not find required classes 'org.eclipse.jetty.server.Server', 'org.eclipse.jetty.util.Loader', 'org.eclipse.jetty.ee10.webapp.WebAppContext' (OnClassCondition)

   EmbeddedWebServerFactoryCustomizerAutoConfiguration.NettyWebServerFactoryCustomizerConfiguration:
      Did not match:
         - @ConditionalOnClass did not find required class 'reactor.netty.http.server.HttpServer' (OnClassCondition)

   EmbeddedWebServerFactoryCustomizerAutoConfiguration.TomcatWebServerFactoryCustomizerConfiguration#tomcatVirtualThreadsProtocolHandlerCustomizer:
      Did not match:
         - @ConditionalOnThreading did not find VIRTUAL (OnThreadingCondition)

   EmbeddedWebServerFactoryCustomizerAutoConfiguration.UndertowWebServerFactoryCustomizerConfiguration:
      Did not match:
         - @ConditionalOnClass did not find required classes 'io.undertow.Undertow', 'org.xnio.SslClientAuthMode' (OnClassCondition)

   ErrorWebFluxAutoConfiguration:
      Did not match:
         - @ConditionalOnClass did not find required class 'org.springframework.web.reactive.config.WebFluxConfigurer' (OnClassCondition)

   FlywayAutoConfiguration:
      Did not match:
         - @ConditionalOnClass did not find required class 'org.flywaydb.core.Flyway' (OnClassCondition)

   FreeMarkerAutoConfiguration:
      Did not match:
         - @ConditionalOnClass did not find required class 'freemarker.template.Configuration' (OnClassCondition)

   GraphQlAutoConfiguration:
      Did not match:
         - @ConditionalOnClass did not find required class 'graphql.GraphQL' (OnClassCondition)

   GraphQlQueryByExampleAutoConfiguration:
      Did not match:
         - @ConditionalOnClass did not find required class 'graphql.GraphQL' (OnClassCondition)

   GraphQlQuerydslAutoConfiguration:
      Did not match:
         - @ConditionalOnClass did not find required class 'com.querydsl.core.Query' (OnClassCondition)

   GraphQlRSocketAutoConfiguration:
      Did not match:
         - @ConditionalOnClass did not find required class 'graphql.GraphQL' (OnClassCondition)

   GraphQlReactiveQueryByExampleAutoConfiguration:
      Did not match:
         - @ConditionalOnClass did not find required class 'graphql.GraphQL' (OnClassCondition)

   GraphQlReactiveQuerydslAutoConfiguration:
      Did not match:
         - @ConditionalOnClass did not find required class 'com.querydsl.core.Query' (OnClassCondition)

   GraphQlWebFluxAutoConfiguration:
      Did not match:
         - @ConditionalOnClass did not find required class 'graphql.GraphQL' (OnClassCondition)

   GraphQlWebFluxSecurityAutoConfiguration:
      Did not match:
         - @ConditionalOnClass did not find required class 'graphql.GraphQL' (OnClassCondition)

   GraphQlWebMvcAutoConfiguration:
      Did not match:
         - @ConditionalOnClass did not find required class 'graphql.GraphQL' (OnClassCondition)

   GraphQlWebMvcSecurityAutoConfiguration:
      Did not match:
         - @ConditionalOnClass did not find required class 'graphql.GraphQL' (OnClassCondition)

   GroovyTemplateAutoConfiguration:
      Did not match:
         - @ConditionalOnClass did not find required class 'groovy.text.markup.MarkupTemplateEngine' (OnClassCondition)

   GsonAutoConfiguration:
      Did not match:
         - @ConditionalOnClass did not find required class 'com.google.gson.Gson' (OnClassCondition)

   GsonHttpMessageConvertersConfiguration:
      Did not match:
         - @ConditionalOnClass did not find required class 'com.google.gson.Gson' (OnClassCondition)

   H2ConsoleAutoConfiguration:
      Did not match:
         - @ConditionalOnClass did not find required class 'org.h2.server.web.JakartaWebServlet' (OnClassCondition)

   HazelcastAutoConfiguration:
      Did not match:
         - @ConditionalOnClass did not find required class 'com.hazelcast.core.HazelcastInstance' (OnClassCondition)

   HazelcastCacheConfiguration:
      Did not match:
         - @ConditionalOnClass did not find required class 'com.hazelcast.core.HazelcastInstance' (OnClassCondition)

   HazelcastJpaDependencyAutoConfiguration:
      Did not match:
         - @ConditionalOnClass did not find required class 'com.hazelcast.core.HazelcastInstance' (OnClassCondition)

   HttpHandlerAutoConfiguration:
      Did not match:
         - @ConditionalOnClass did not find required class 'org.springframework.web.reactive.DispatcherHandler' (OnClassCondition)

   HypermediaAutoConfiguration:
      Did not match:
         - @ConditionalOnClass did not find required class 'org.springframework.hateoas.EntityModel' (OnClassCondition)

   InfinispanCacheConfiguration:
      Did not match:
         - @ConditionalOnClass did not find required class 'org.infinispan.spring.embedded.provider.SpringEmbeddedCacheManager' (OnClassCondition)

   IntegrationAutoConfiguration:
      Did not match:
         - @ConditionalOnClass did not find required class 'org.springframework.integration.config.EnableIntegration' (OnClassCondition)

   JCacheCacheConfiguration:
      Did not match:
         - @ConditionalOnClass did not find required class 'javax.cache.Caching' (OnClassCondition)

   JacksonHttpMessageConvertersConfiguration.MappingJackson2XmlHttpMessageConverterConfiguration:
      Did not match:
         - @ConditionalOnClass did not find required class 'com.fasterxml.jackson.dataformat.xml.XmlMapper' (OnClassCondition)

   JdbcRepositoriesAutoConfiguration:
      Did not match:
         - @ConditionalOnClass did not find required class 'org.springframework.data.jdbc.repository.config.AbstractJdbcConfiguration' (OnClassCondition)

   JerseyAutoConfiguration:
      Did not match:
         - @ConditionalOnClass did not find required class 'org.glassfish.jersey.server.spring.SpringComponentProvider' (OnClassCondition)

   JmsAutoConfiguration:
      Did not match:
         - @ConditionalOnClass did not find required class 'jakarta.jms.Message' (OnClassCondition)

   JmxAutoConfiguration:
      Did not match:
         - @ConditionalOnBooleanProperty (spring.jmx.enabled=true) did not find property 'spring.jmx.enabled' (OnPropertyCondition)
      Matched:
         - @ConditionalOnClass found required class 'org.springframework.jmx.export.MBeanExporter' (OnClassCondition)

   JndiConnectionFactoryAutoConfiguration:
      Did not match:
         - @ConditionalOnClass did not find required class 'org.springframework.jms.core.JmsTemplate' (OnClassCondition)

   JndiDataSourceAutoConfiguration:
      Did not match:
         - @ConditionalOnProperty (spring.datasource.jndi-name) did not find property 'spring.datasource.jndi-name' (OnPropertyCondition)
      Matched:
         - @ConditionalOnClass found required classes 'javax.sql.DataSource', 'org.springframework.jdbc.datasource.embedded.EmbeddedDatabaseType' (OnClassCondition)

   JndiJtaConfiguration:
      Did not match:
         - @ConditionalOnJndi JNDI environment is not available (OnJndiCondition)
      Matched:
         - @ConditionalOnClass found required class 'org.springframework.transaction.jta.JtaTransactionManager' (OnClassCondition)

   JooqAutoConfiguration:
      Did not match:
         - @ConditionalOnClass did not find required class 'org.jooq.DSLContext' (OnClassCondition)

   JpaRepositoriesAutoConfiguration#entityManagerFactoryBootstrapExecutorCustomizer:
      Did not match:
         - AnyNestedCondition 0 matched 2 did not; NestedCondition on JpaRepositoriesAutoConfiguration.BootstrapExecutorCondition.LazyBootstrapMode @ConditionalOnProperty (spring.data.jpa.repositories.bootstrap-mode=lazy) did not find property 'spring.data.jpa.repositories.bootstrap-mode'; NestedCondition on JpaRepositoriesAutoConfiguration.BootstrapExecutorCondition.DeferredBootstrapMode @ConditionalOnProperty (spring.data.jpa.repositories.bootstrap-mode=deferred) did not find property 'spring.data.jpa.repositories.bootstrap-mode' (JpaRepositoriesAutoConfiguration.BootstrapExecutorCondition)

   JsonbAutoConfiguration:
      Did not match:
         - @ConditionalOnClass did not find required class 'jakarta.json.bind.Jsonb' (OnClassCondition)

   JsonbHttpMessageConvertersConfiguration:
      Did not match:
         - @ConditionalOnClass did not find required class 'jakarta.json.bind.Jsonb' (OnClassCondition)

   KafkaAutoConfiguration:
      Did not match:
         - @ConditionalOnClass did not find required class 'org.springframework.kafka.core.KafkaTemplate' (OnClassCondition)

   LdapAutoConfiguration:
      Did not match:
         - @ConditionalOnClass did not find required class 'org.springframework.ldap.core.ContextSource' (OnClassCondition)

   LdapRepositoriesAutoConfiguration:
      Did not match:
         - @ConditionalOnClass did not find required class 'org.springframework.data.ldap.repository.LdapRepository' (OnClassCondition)

   LiquibaseAutoConfiguration:
      Did not match:
         - @ConditionalOnClass did not find required class 'liquibase.change.DatabaseChange' (OnClassCondition)

   MailSenderAutoConfiguration:
      Did not match:
         - @ConditionalOnClass did not find required class 'jakarta.mail.internet.MimeMessage' (OnClassCondition)

   MailSenderValidatorAutoConfiguration:
      Did not match:
         - @ConditionalOnSingleCandidate did not find required type 'org.springframework.mail.javamail.JavaMailSenderImpl' (OnBeanCondition)

   MessageSourceAutoConfiguration:
      Did not match:
         - ResourceBundle did not find bundle with basename messages (MessageSourceAutoConfiguration.ResourceBundleCondition)

   MongoAutoConfiguration:
      Did not match:
         - @ConditionalOnClass did not find required class 'com.mongodb.client.MongoClient' (OnClassCondition)

   MongoDataAutoConfiguration:
      Did not match:
         - @ConditionalOnClass did not find required class 'com.mongodb.client.MongoClient' (OnClassCondition)

   MongoReactiveAutoConfiguration:
      Did not match:
         - @ConditionalOnClass did not find required class 'com.mongodb.reactivestreams.client.MongoClient' (OnClassCondition)

   MongoReactiveDataAutoConfiguration:
      Did not match:
         - @ConditionalOnClass did not find required class 'com.mongodb.reactivestreams.client.MongoClient' (OnClassCondition)

   MongoReactiveRepositoriesAutoConfiguration:
      Did not match:
         - @ConditionalOnClass did not find required class 'com.mongodb.reactivestreams.client.MongoClient' (OnClassCondition)

   MongoRepositoriesAutoConfiguration:
      Did not match:
         - @ConditionalOnClass did not find required class 'com.mongodb.client.MongoClient' (OnClassCondition)

   MustacheAutoConfiguration:
      Did not match:
         - @ConditionalOnClass did not find required class 'com.samskivert.mustache.Mustache' (OnClassCondition)

   Neo4jAutoConfiguration:
      Did not match:
         - @ConditionalOnClass did not find required class 'org.neo4j.driver.Driver' (OnClassCondition)

   Neo4jDataAutoConfiguration:
      Did not match:
         - @ConditionalOnClass did not find required class 'org.neo4j.driver.Driver' (OnClassCondition)

   Neo4jReactiveDataAutoConfiguration:
      Did not match:
         - @ConditionalOnClass did not find required class 'org.neo4j.driver.Driver' (OnClassCondition)

   Neo4jReactiveRepositoriesAutoConfiguration:
      Did not match:
         - @ConditionalOnClass did not find required class 'org.neo4j.driver.Driver' (OnClassCondition)

   Neo4jRepositoriesAutoConfiguration:
      Did not match:
         - @ConditionalOnClass did not find required class 'org.neo4j.driver.Driver' (OnClassCondition)

   NettyAutoConfiguration:
      Did not match:
         - @ConditionalOnClass did not find required class 'io.netty.util.NettyRuntime' (OnClassCondition)

   OAuth2AuthorizationServerAutoConfiguration:
      Did not match:
         - @ConditionalOnClass did not find required class 'org.springframework.security.oauth2.server.authorization.OAuth2Authorization' (OnClassCondition)

   OAuth2AuthorizationServerJwtAutoConfiguration:
      Did not match:
         - @ConditionalOnClass did not find required class 'com.nimbusds.jose.jwk.source.JWKSource' (OnClassCondition)

   OAuth2ClientAutoConfiguration:
      Did not match:
         - @ConditionalOnClass did not find required class 'org.springframework.security.oauth2.client.registration.ClientRegistration' (OnClassCondition)

   OAuth2ClientWebSecurityAutoConfiguration:
      Did not match:
         - @ConditionalOnClass did not find required class 'org.springframework.security.oauth2.client.web.OAuth2AuthorizedClientRepository' (OnClassCondition)

   OAuth2ResourceServerAutoConfiguration:
      Did not match:
         - @ConditionalOnClass did not find required class 'org.springframework.security.oauth2.server.resource.authentication.BearerTokenAuthenticationToken' (OnClassCondition)

   ProjectInfoAutoConfiguration#buildProperties:
      Did not match:
         - @ConditionalOnResource did not find resource '${spring.info.build.location:classpath:META-INF/build-info.properties}' (OnResourceCondition)

   ProjectInfoAutoConfiguration#gitProperties:
      Did not match:
         - GitResource did not find git info at classpath:git.properties (ProjectInfoAutoConfiguration.GitResourceAvailableCondition)

   PulsarAutoConfiguration:
      Did not match:
         - @ConditionalOnClass did not find required class 'org.apache.pulsar.client.api.PulsarClient' (OnClassCondition)

   PulsarReactiveAutoConfiguration:
      Did not match:
         - @ConditionalOnClass did not find required class 'org.apache.pulsar.client.api.PulsarClient' (OnClassCondition)

   QuartzAutoConfiguration:
      Did not match:
         - @ConditionalOnClass did not find required class 'org.quartz.Scheduler' (OnClassCondition)

   R2dbcAutoConfiguration:
      Did not match:
         - @ConditionalOnClass did not find required class 'io.r2dbc.spi.ConnectionFactory' (OnClassCondition)

   R2dbcDataAutoConfiguration:
      Did not match:
         - @ConditionalOnClass did not find required class 'org.springframework.data.r2dbc.core.R2dbcEntityTemplate' (OnClassCondition)

   R2dbcInitializationConfiguration:
      Did not match:
         - @ConditionalOnClass did not find required classes 'io.r2dbc.spi.ConnectionFactory', 'org.springframework.r2dbc.connection.init.DatabasePopulator' (OnClassCondition)

   R2dbcProxyAutoConfiguration:
      Did not match:
         - @ConditionalOnClass did not find required class 'io.r2dbc.proxy.ProxyConnectionFactory' (OnClassCondition)

   R2dbcRepositoriesAutoConfiguration:
      Did not match:
         - @ConditionalOnClass did not find required class 'io.r2dbc.spi.ConnectionFactory' (OnClassCondition)

   R2dbcTransactionManagerAutoConfiguration:
      Did not match:
         - @ConditionalOnClass did not find required class 'org.springframework.r2dbc.connection.R2dbcTransactionManager' (OnClassCondition)

   RSocketGraphQlClientAutoConfiguration:
      Did not match:
         - @ConditionalOnClass did not find required class 'graphql.GraphQL' (OnClassCondition)

   RSocketMessagingAutoConfiguration:
      Did not match:
         - @ConditionalOnClass did not find required class 'io.rsocket.RSocket' (OnClassCondition)

   RSocketRequesterAutoConfiguration:
      Did not match:
         - @ConditionalOnClass did not find required class 'io.rsocket.RSocket' (OnClassCondition)

   RSocketSecurityAutoConfiguration:
      Did not match:
         - @ConditionalOnClass did not find required class 'org.springframework.security.rsocket.core.SecuritySocketAcceptorInterceptor' (OnClassCondition)

   RSocketServerAutoConfiguration:
      Did not match:
         - @ConditionalOnClass did not find required class 'io.rsocket.core.RSocketServer' (OnClassCondition)

   RSocketStrategiesAutoConfiguration:
      Did not match:
         - @ConditionalOnClass did not find required class 'io.netty.buffer.PooledByteBufAllocator' (OnClassCondition)

   RabbitAutoConfiguration:
      Did not match:
         - @ConditionalOnClass did not find required class 'com.rabbitmq.client.Channel' (OnClassCondition)

   ReactiveElasticsearchClientAutoConfiguration:
      Did not match:
         - @ConditionalOnClass did not find required class 'co.elastic.clients.transport.ElasticsearchTransport' (OnClassCondition)

   ReactiveElasticsearchRepositoriesAutoConfiguration:
      Did not match:
         - @ConditionalOnClass did not find required class 'reactor.core.publisher.Mono' (OnClassCondition)

   ReactiveMultipartAutoConfiguration:
      Did not match:
         - @ConditionalOnClass did not find required class 'org.springframework.web.reactive.config.WebFluxConfigurer' (OnClassCondition)

   ReactiveOAuth2ClientAutoConfiguration:
      Did not match:
         - @ConditionalOnClass did not find required class 'reactor.core.publisher.Flux' (OnClassCondition)

   ReactiveOAuth2ClientWebSecurityAutoConfiguration:
      Did not match:
         - @ConditionalOnClass did not find required class 'reactor.core.publisher.Flux' (OnClassCondition)

   ReactiveOAuth2ResourceServerAutoConfiguration:
      Did not match:
         - @ConditionalOnWebApplication did not find reactive web application classes (OnWebApplicationCondition)

   ReactiveSecurityAutoConfiguration:
      Did not match:
         - @ConditionalOnClass did not find required class 'reactor.core.publisher.Flux' (OnClassCondition)

   ReactiveUserDetailsServiceAutoConfiguration:
      Did not match:
         - AnyNestedCondition 0 matched 2 did not; NestedCondition on ReactiveUserDetailsServiceAutoConfiguration.RSocketEnabledOrReactiveWebApplication.ReactiveWebApplicationCondition did not find reactive web application classes; NestedCondition on ReactiveUserDetailsServiceAutoConfiguration.RSocketEnabledOrReactiveWebApplication.RSocketSecurityEnabledCondition @ConditionalOnBean (types: ?; SearchStrategy: all) did not find any beans of type ? (ReactiveUserDetailsServiceAutoConfiguration.RSocketEnabledOrReactiveWebApplication)
      Matched:
         - @ConditionalOnClass found required class 'org.springframework.security.authentication.ReactiveAuthenticationManager' (OnClassCondition)
         - AnyNestedCondition 1 matched 2 did not; NestedCondition on ReactiveUserDetailsServiceAutoConfiguration.MissingAlternativeOrUserPropertiesConfigured.PasswordConfigured @ConditionalOnProperty (spring.security.user.password) did not find property 'spring.security.user.password'; NestedCondition on ReactiveUserDetailsServiceAutoConfiguration.MissingAlternativeOrUserPropertiesConfigured.NameConfigured @ConditionalOnProperty (spring.security.user.name) did not find property 'spring.security.user.name'; NestedCondition on ReactiveUserDetailsServiceAutoConfiguration.MissingAlternativeOrUserPropertiesConfigured.MissingAlternative @ConditionalOnMissingClass did not find unwanted classes 'org.springframework.security.oauth2.client.registration.ClientRegistrationRepository', 'org.springframework.security.oauth2.server.resource.introspection.ReactiveOpaqueTokenIntrospector' (ReactiveUserDetailsServiceAutoConfiguration.MissingAlternativeOrUserPropertiesConfigured)

   ReactiveWebServerFactoryAutoConfiguration:
      Did not match:
         - @ConditionalOnWebApplication did not find reactive web application classes (OnWebApplicationCondition)

   ReactorAutoConfiguration:
      Did not match:
         - @ConditionalOnClass did not find required class 'reactor.core.publisher.Hooks' (OnClassCondition)

   RedisAutoConfiguration:
      Did not match:
         - @ConditionalOnClass did not find required class 'org.springframework.data.redis.core.RedisOperations' (OnClassCondition)

   RedisCacheConfiguration:
      Did not match:
         - @ConditionalOnClass did not find required class 'org.springframework.data.redis.connection.RedisConnectionFactory' (OnClassCondition)

   RedisReactiveAutoConfiguration:
      Did not match:
         - @ConditionalOnClass did not find required class 'reactor.core.publisher.Flux' (OnClassCondition)

   RedisRepositoriesAutoConfiguration:
      Did not match:
         - @ConditionalOnClass did not find required class 'org.springframework.data.redis.repository.configuration.EnableRedisRepositories' (OnClassCondition)

   RepositoryRestMvcAutoConfiguration:
      Did not match:
         - @ConditionalOnClass did not find required class 'org.springframework.data.rest.webmvc.config.RepositoryRestMvcConfiguration' (OnClassCondition)

   Saml2RelyingPartyAutoConfiguration:
      Did not match:
         - @ConditionalOnClass did not find required class 'org.springframework.security.saml2.provider.service.registration.RelyingPartyRegistrationRepository' (OnClassCondition)

   SecurityDataConfiguration:
      Did not match:
         - @ConditionalOnClass did not find required class 'org.springframework.security.data.repository.query.SecurityEvaluationContextExtension' (OnClassCondition)

   SendGridAutoConfiguration:
      Did not match:
         - @ConditionalOnClass did not find required class 'com.sendgrid.SendGrid' (OnClassCondition)

   ServletWebServerFactoryAutoConfiguration.ForwardedHeaderFilterConfiguration:
      Did not match:
         - @ConditionalOnProperty (server.forward-headers-strategy=framework) did not find property 'server.forward-headers-strategy' (OnPropertyCondition)

   ServletWebServerFactoryConfiguration.EmbeddedJetty:
      Did not match:
         - @ConditionalOnClass did not find required classes 'org.eclipse.jetty.server.Server', 'org.eclipse.jetty.util.Loader', 'org.eclipse.jetty.ee10.webapp.WebAppContext' (OnClassCondition)

   ServletWebServerFactoryConfiguration.EmbeddedUndertow:
      Did not match:
         - @ConditionalOnClass did not find required classes 'io.undertow.Undertow', 'org.xnio.SslClientAuthMode' (OnClassCondition)

   SessionAutoConfiguration:
      Did not match:
         - @ConditionalOnClass did not find required class 'org.springframework.session.Session' (OnClassCondition)

   SpringApplicationAdminJmxAutoConfiguration:
      Did not match:
         - @ConditionalOnBooleanProperty (spring.application.admin.enabled=true) did not find property 'spring.application.admin.enabled' (OnPropertyCondition)

   SpringBootWebSecurityConfiguration.SecurityFilterChainConfiguration:
      Did not match:
         - AllNestedConditions 1 matched 1 did not; NestedCondition on DefaultWebSecurityCondition.Beans @ConditionalOnMissingBean (types: org.springframework.security.web.SecurityFilterChain; SearchStrategy: all) found beans of type 'org.springframework.security.web.SecurityFilterChain' securityFilterChain; NestedCondition on DefaultWebSecurityCondition.Classes @ConditionalOnClass found required classes 'org.springframework.security.web.SecurityFilterChain', 'org.springframework.security.config.annotation.web.builders.HttpSecurity' (DefaultWebSecurityCondition)

   TaskExecutorConfigurations.SimpleAsyncTaskExecutorBuilderConfiguration#simpleAsyncTaskExecutorBuilderVirtualThreads:
      Did not match:
         - @ConditionalOnMissingBean (types: org.springframework.boot.task.SimpleAsyncTaskExecutorBuilder; SearchStrategy: all) found beans of type 'org.springframework.boot.task.SimpleAsyncTaskExecutorBuilder' simpleAsyncTaskExecutorBuilder (OnBeanCondition)

   TaskExecutorConfigurations.TaskExecutorConfiguration#applicationTaskExecutorVirtualThreads:
      Did not match:
         - @ConditionalOnThreading did not find VIRTUAL (OnThreadingCondition)

   TaskSchedulingAutoConfiguration#scheduledBeanLazyInitializationExcludeFilter:
      Did not match:
         - @ConditionalOnBean (names: org.springframework.context.annotation.internalScheduledAnnotationProcessor; SearchStrategy: all) did not find any beans named org.springframework.context.annotation.internalScheduledAnnotationProcessor (OnBeanCondition)

   TaskSchedulingConfigurations.SimpleAsyncTaskSchedulerBuilderConfiguration#simpleAsyncTaskSchedulerBuilderVirtualThreads:
      Did not match:
         - @ConditionalOnMissingBean (types: org.springframework.boot.task.SimpleAsyncTaskSchedulerBuilder; SearchStrategy: all) found beans of type 'org.springframework.boot.task.SimpleAsyncTaskSchedulerBuilder' simpleAsyncTaskSchedulerBuilder (OnBeanCondition)

   TaskSchedulingConfigurations.TaskSchedulerConfiguration:
      Did not match:
         - @ConditionalOnBean (names: org.springframework.context.annotation.internalScheduledAnnotationProcessor; SearchStrategy: all) did not find any beans named org.springframework.context.annotation.internalScheduledAnnotationProcessor (OnBeanCondition)

   TemplateEngineConfigurations.ReactiveTemplateEngineConfiguration:
      Did not match:
         - did not find reactive web application classes (OnWebApplicationCondition)

   ThymeleafAutoConfiguration.DataAttributeDialectConfiguration:
      Did not match:
         - @ConditionalOnClass did not find required class 'com.github.mxab.thymeleaf.extras.dataattribute.dialect.DataAttributeDialect' (OnClassCondition)

   ThymeleafAutoConfiguration.ThymeleafWebFluxConfiguration:
      Did not match:
         - did not find reactive web application classes (OnWebApplicationCondition)

   ThymeleafAutoConfiguration.ThymeleafWebLayoutConfiguration:
      Did not match:
         - @ConditionalOnClass did not find required class 'nz.net.ultraq.thymeleaf.layoutdialect.LayoutDialect' (OnClassCondition)

   ThymeleafAutoConfiguration.ThymeleafWebMvcConfiguration#resourceUrlEncodingFilter:
      Did not match:
         - @ConditionalOnEnabledResourceChain did not find class org.webjars.WebJarVersionLocator (OnEnabledResourceChainCondition)

   TransactionAutoConfiguration#transactionalOperator:
      Did not match:
         - @ConditionalOnSingleCandidate (types: org.springframework.transaction.ReactiveTransactionManager; SearchStrategy: all) did not find any beans (OnBeanCondition)

   TransactionAutoConfiguration.AspectJTransactionManagementConfiguration:
      Did not match:
         - @ConditionalOnBean (types: org.springframework.transaction.aspectj.AbstractTransactionAspect; SearchStrategy: all) did not find any beans of type org.springframework.transaction.aspectj.AbstractTransactionAspect (OnBeanCondition)

   TransactionAutoConfiguration.EnableTransactionManagementConfiguration.JdkDynamicAutoProxyConfiguration:
      Did not match:
         - @ConditionalOnBooleanProperty (spring.aop.proxy-target-class=false) did not find property 'spring.aop.proxy-target-class' (OnPropertyCondition)

   UserDetailsServiceAutoConfiguration:
      Did not match:
         - @ConditionalOnMissingBean (types: org.springframework.security.authentication.AuthenticationManager,org.springframework.security.authentication.AuthenticationProvider,org.springframework.security.core.userdetails.UserDetailsService,org.springframework.security.authentication.AuthenticationManagerResolver,?; SearchStrategy: all) found beans of type 'org.springframework.security.authentication.AuthenticationManager' authenticationManager and found beans of type 'org.springframework.security.core.userdetails.UserDetailsService' userAuthService and found beans of type 'org.springframework.security.authentication.AuthenticationProvider' authenticationProvider (OnBeanCondition)
      Matched:
         - @ConditionalOnClass found required class 'org.springframework.security.authentication.AuthenticationManager' (OnClassCondition)
         - found 'session' scope (OnWebApplicationCondition)
         - AnyNestedCondition 1 matched 2 did not; NestedCondition on UserDetailsServiceAutoConfiguration.MissingAlternativeOrUserPropertiesConfigured.PasswordConfigured @ConditionalOnProperty (spring.security.user.password) did not find property 'spring.security.user.password'; NestedCondition on UserDetailsServiceAutoConfiguration.MissingAlternativeOrUserPropertiesConfigured.NameConfigured @ConditionalOnProperty (spring.security.user.name) did not find property 'spring.security.user.name'; NestedCondition on UserDetailsServiceAutoConfiguration.MissingAlternativeOrUserPropertiesConfigured.MissingAlternative @ConditionalOnMissingClass did not find unwanted classes 'org.springframework.security.oauth2.client.registration.ClientRegistrationRepository', 'org.springframework.security.oauth2.server.resource.introspection.OpaqueTokenIntrospector', 'org.springframework.security.saml2.provider.service.registration.RelyingPartyRegistrationRepository' (UserDetailsServiceAutoConfiguration.MissingAlternativeOrUserPropertiesConfigured)

   WebClientAutoConfiguration:
      Did not match:
         - @ConditionalOnClass did not find required class 'org.springframework.web.reactive.function.client.WebClient' (OnClassCondition)

   WebFluxAutoConfiguration:
      Did not match:
         - @ConditionalOnClass did not find required class 'org.springframework.web.reactive.config.WebFluxConfigurer' (OnClassCondition)

   WebMvcAutoConfiguration#hiddenHttpMethodFilter:
      Did not match:
         - @ConditionalOnBooleanProperty (spring.mvc.hiddenmethod.filter.enabled=true) did not find property 'spring.mvc.hiddenmethod.filter.enabled' (OnPropertyCondition)

   WebMvcAutoConfiguration.ProblemDetailsErrorHandlingConfiguration:
      Did not match:
         - @ConditionalOnBooleanProperty (spring.mvc.problemdetails.enabled=true) did not find property 'spring.mvc.problemdetails.enabled' (OnPropertyCondition)

   WebMvcAutoConfiguration.ResourceChainCustomizerConfiguration:
      Did not match:
         - @ConditionalOnEnabledResourceChain did not find class org.webjars.WebJarVersionLocator (OnEnabledResourceChainCondition)

   WebMvcAutoConfiguration.WebMvcAutoConfigurationAdapter#beanNameViewResolver:
      Did not match:
         - @ConditionalOnMissingBean (types: org.springframework.web.servlet.view.BeanNameViewResolver; SearchStrategy: all) found beans of type 'org.springframework.web.servlet.view.BeanNameViewResolver' beanNameViewResolver (OnBeanCondition)

   WebServiceTemplateAutoConfiguration:
      Did not match:
         - @ConditionalOnClass did not find required class 'org.springframework.oxm.Marshaller' (OnClassCondition)

   WebServicesAutoConfiguration:
      Did not match:
         - @ConditionalOnClass did not find required class 'org.springframework.ws.transport.http.MessageDispatcherServlet' (OnClassCondition)

   WebSessionIdResolverAutoConfiguration:
      Did not match:
         - @ConditionalOnClass did not find required class 'reactor.core.publisher.Mono' (OnClassCondition)

   WebSocketMessagingAutoConfiguration:
      Did not match:
         - @ConditionalOnClass did not find required class 'org.springframework.web.socket.config.annotation.WebSocketMessageBrokerConfigurer' (OnClassCondition)

   WebSocketReactiveAutoConfiguration:
      Did not match:
         - @ConditionalOnWebApplication did not find reactive web application classes (OnWebApplicationCondition)

   WebSocketServletAutoConfiguration.JettyWebSocketConfiguration:
      Did not match:
         - @ConditionalOnClass did not find required class 'org.eclipse.jetty.ee10.websocket.jakarta.server.config.JakartaWebSocketServletContainerInitializer' (OnClassCondition)

   WebSocketServletAutoConfiguration.UndertowWebSocketConfiguration:
      Did not match:
         - @ConditionalOnClass did not find required class 'io.undertow.websockets.jsr.Bootstrap' (OnClassCondition)

   XADataSourceAutoConfiguration:
      Did not match:
         - @ConditionalOnBean (types: org.springframework.boot.jdbc.XADataSourceWrapper; SearchStrategy: all) did not find any beans of type org.springframework.boot.jdbc.XADataSourceWrapper (OnBeanCondition)
      Matched:
         - @ConditionalOnClass found required classes 'javax.sql.DataSource', 'jakarta.transaction.TransactionManager', 'org.springframework.jdbc.datasource.embedded.EmbeddedDatabaseType' (OnClassCondition)


Exclusions:
-----------

    None


Unconditional classes:
----------------------

    org.springframework.boot.autoconfigure.context.ConfigurationPropertiesAutoConfiguration

    org.springframework.boot.autoconfigure.ssl.SslAutoConfiguration

    org.springframework.boot.autoconfigure.context.LifecycleAutoConfiguration

    org.springframework.boot.autoconfigure.context.PropertyPlaceholderAutoConfiguration

    org.springframework.boot.autoconfigure.availability.ApplicationAvailabilityAutoConfiguration

    org.springframework.boot.autoconfigure.info.ProjectInfoAutoConfiguration



2026-05-28T19:49:19.745+03:30  INFO 9248 --- [blogApp] [           main] com.mahdi.blogApp.BlogAppApplication     : Started BlogAppApplication in 6.114 seconds (process running for 6.474)
2026-05-28T19:49:19.745+03:30 DEBUG 9248 --- [blogApp] [           main] o.s.b.a.ApplicationAvailabilityBean      : Application availability state LivenessState changed to CORRECT
2026-05-28T19:49:19.745+03:30 DEBUG 9248 --- [blogApp] [           main] o.s.b.a.ApplicationAvailabilityBean      : Application availability state ReadinessState changed to ACCEPTING_TRAFFIC
2026-05-28T19:50:34.929+03:30  INFO 9248 --- [blogApp] [nio-8080-exec-1] o.a.c.c.C.[Tomcat].[localhost].[/]       : Initializing Spring DispatcherServlet 'dispatcherServlet'
2026-05-28T19:50:34.929+03:30  INFO 9248 --- [blogApp] [nio-8080-exec-1] o.s.web.servlet.DispatcherServlet        : Initializing Servlet 'dispatcherServlet'
2026-05-28T19:50:34.931+03:30 DEBUG 9248 --- [blogApp] [nio-8080-exec-1] o.s.web.servlet.DispatcherServlet        : Detected StandardServletMultipartResolver
2026-05-28T19:50:34.931+03:30 DEBUG 9248 --- [blogApp] [nio-8080-exec-1] o.s.web.servlet.DispatcherServlet        : Detected AcceptHeaderLocaleResolver
2026-05-28T19:50:34.931+03:30 DEBUG 9248 --- [blogApp] [nio-8080-exec-1] o.s.web.servlet.DispatcherServlet        : Detected FixedThemeResolver
2026-05-28T19:50:34.931+03:30 DEBUG 9248 --- [blogApp] [nio-8080-exec-1] o.s.web.servlet.DispatcherServlet        : Detected org.springframework.web.servlet.view.DefaultRequestToViewNameTranslator@519f1a7d
2026-05-28T19:50:34.931+03:30 DEBUG 9248 --- [blogApp] [nio-8080-exec-1] o.s.web.servlet.DispatcherServlet        : Detected org.springframework.web.servlet.support.SessionFlashMapManager@6ef7e510
2026-05-28T19:50:34.931+03:30 DEBUG 9248 --- [blogApp] [nio-8080-exec-1] o.s.web.servlet.DispatcherServlet        : enableLoggingRequestDetails='false': request parameters and headers will be masked to prevent unsafe logging of potentially sensitive data
2026-05-28T19:50:34.931+03:30  INFO 9248 --- [blogApp] [nio-8080-exec-1] o.s.web.servlet.DispatcherServlet        : Completed initialization in 2 ms
2026-05-28T19:50:34.944+03:30 DEBUG 9248 --- [blogApp] [nio-8080-exec-1] o.s.security.web.FilterChainProxy        : Securing GET /
2026-05-28T19:50:34.952+03:30 DEBUG 9248 --- [blogApp] [nio-8080-exec-1] o.s.s.w.a.AnonymousAuthenticationFilter  : Set SecurityContextHolder to anonymous SecurityContext
2026-05-28T19:50:34.952+03:30 DEBUG 9248 --- [blogApp] [nio-8080-exec-1] o.s.security.web.FilterChainProxy        : Secured GET /
2026-05-28T19:50:34.954+03:30 DEBUG 9248 --- [blogApp] [nio-8080-exec-1] o.s.web.servlet.DispatcherServlet        : GET "/", parameters={}
2026-05-28T19:50:34.957+03:30 DEBUG 9248 --- [blogApp] [nio-8080-exec-1] o.s.w.s.handler.SimpleUrlHandlerMapping  : Mapped to ResourceHttpRequestHandler [classpath [META-INF/resources/], classpath [resources/], classpath [static/], classpath [public/], ServletContext [/]]
2026-05-28T19:50:34.965+03:30 DEBUG 9248 --- [blogApp] [nio-8080-exec-1] o.j.s.OpenEntityManagerInViewInterceptor : Opening JPA EntityManager in OpenEntityManagerInViewInterceptor
2026-05-28T19:50:34.967+03:30 DEBUG 9248 --- [blogApp] [nio-8080-exec-1] o.s.w.s.r.ResourceHttpRequestHandler     : Resource not found
2026-05-28T19:50:34.970+03:30 DEBUG 9248 --- [blogApp] [nio-8080-exec-1] .w.s.m.s.DefaultHandlerExceptionResolver : Resolved [org.springframework.web.servlet.resource.NoResourceFoundException: No static resource .]
2026-05-28T19:50:34.970+03:30 DEBUG 9248 --- [blogApp] [nio-8080-exec-1] o.j.s.OpenEntityManagerInViewInterceptor : Closing JPA EntityManager in OpenEntityManagerInViewInterceptor
2026-05-28T19:50:34.970+03:30 DEBUG 9248 --- [blogApp] [nio-8080-exec-1] o.s.web.servlet.DispatcherServlet        : Completed 404 NOT_FOUND
2026-05-28T19:50:34.979+03:30 DEBUG 9248 --- [blogApp] [nio-8080-exec-1] o.s.security.web.FilterChainProxy        : Securing GET /error
2026-05-28T19:50:34.979+03:30 DEBUG 9248 --- [blogApp] [nio-8080-exec-1] o.s.s.w.a.AnonymousAuthenticationFilter  : Set SecurityContextHolder to anonymous SecurityContext
2026-05-28T19:50:34.979+03:30 DEBUG 9248 --- [blogApp] [nio-8080-exec-1] o.s.s.w.a.Http403ForbiddenEntryPoint     : Pre-authenticated entry point called. Rejecting access
2026-05-28T19:52:04.519+03:30 DEBUG 9248 --- [blogApp] [nio-8080-exec-3] o.s.security.web.FilterChainProxy        : Securing GET /api/posts
2026-05-28T19:52:04.544+03:30 DEBUG 9248 --- [blogApp] [nio-8080-exec-3] o.s.s.w.a.AnonymousAuthenticationFilter  : Set SecurityContextHolder to anonymous SecurityContext
2026-05-28T19:52:04.544+03:30 DEBUG 9248 --- [blogApp] [nio-8080-exec-3] o.s.security.web.FilterChainProxy        : Secured GET /api/posts
2026-05-28T19:52:04.544+03:30 DEBUG 9248 --- [blogApp] [nio-8080-exec-3] o.s.web.servlet.DispatcherServlet        : GET "/api/posts", parameters={}
2026-05-28T19:52:04.544+03:30 DEBUG 9248 --- [blogApp] [nio-8080-exec-3] s.w.s.m.m.a.RequestMappingHandlerMapping : Mapped to com.mahdi.blogApp.feature.post.controller.PostController#getAllPosts(Pageable)
2026-05-28T19:52:04.544+03:30 DEBUG 9248 --- [blogApp] [nio-8080-exec-3] o.j.s.OpenEntityManagerInViewInterceptor : Opening JPA EntityManager in OpenEntityManagerInViewInterceptor
2026-05-28T19:52:04.566+03:30 DEBUG 9248 --- [blogApp] [nio-8080-exec-3] horizationManagerBeforeMethodInterceptor : Authorizing method invocation ReflectiveMethodInvocation: public org.springframework.http.ResponseEntity com.mahdi.blogApp.feature.post.controller.PostController.getAllPosts(org.springframework.data.domain.Pageable); target is of class [com.mahdi.blogApp.feature.post.controller.PostController]
2026-05-28T19:52:04.595+03:30 DEBUG 9248 --- [blogApp] [nio-8080-exec-3] horizationManagerBeforeMethodInterceptor : Authorized method invocation ReflectiveMethodInvocation: public org.springframework.http.ResponseEntity com.mahdi.blogApp.feature.post.controller.PostController.getAllPosts(org.springframework.data.domain.Pageable); target is of class [com.mahdi.blogApp.feature.post.controller.PostController]
2026-05-28T19:52:04.606+03:30 DEBUG 9248 --- [blogApp] [nio-8080-exec-3] o.s.orm.jpa.JpaTransactionManager        : Found thread-bound EntityManager [SessionImpl(265154272<open>)] for JPA transaction
2026-05-28T19:52:04.606+03:30 DEBUG 9248 --- [blogApp] [nio-8080-exec-3] o.s.orm.jpa.JpaTransactionManager        : Creating new transaction with name [org.springframework.data.jpa.repository.support.SimpleJpaRepository.findAll]: PROPAGATION_REQUIRED,ISOLATION_DEFAULT,readOnly
2026-05-28T19:52:04.608+03:30 DEBUG 9248 --- [blogApp] [nio-8080-exec-3] o.s.jdbc.datasource.DataSourceUtils      : Setting JDBC Connection [HikariProxyConnection@1123268094 wrapping org.postgresql.jdbc.PgConnection@77ff14ce] read-only
2026-05-28T19:52:04.608+03:30 DEBUG 9248 --- [blogApp] [nio-8080-exec-3] o.s.orm.jpa.JpaTransactionManager        : Exposing JPA transaction as JDBC [org.springframework.orm.jpa.vendor.HibernateJpaDialect$HibernateConnectionHandle@1d890f49]
2026-05-28T19:52:04.684+03:30 DEBUG 9248 --- [blogApp] [nio-8080-exec-3] org.hibernate.SQL                        : select pe1_0.id,pe1_0.author_id,pe1_0.content,pe1_0.created_at,pe1_0.title,pe1_0.updated_at from posts pe1_0 offset ? rows fetch first ? rows only
Hibernate: select pe1_0.id,pe1_0.author_id,pe1_0.content,pe1_0.created_at,pe1_0.title,pe1_0.updated_at from posts pe1_0 offset ? rows fetch first ? rows only
2026-05-28T19:52:04.754+03:30 DEBUG 9248 --- [blogApp] [nio-8080-exec-3] o.s.orm.jpa.JpaTransactionManager        : Initiating transaction commit
2026-05-28T19:52:04.754+03:30 DEBUG 9248 --- [blogApp] [nio-8080-exec-3] o.s.orm.jpa.JpaTransactionManager        : Committing JPA transaction on EntityManager [SessionImpl(265154272<open>)]
2026-05-28T19:52:04.759+03:30 DEBUG 9248 --- [blogApp] [nio-8080-exec-3] o.s.jdbc.datasource.DataSourceUtils      : Resetting read-only flag of JDBC Connection [HikariProxyConnection@1123268094 wrapping org.postgresql.jdbc.PgConnection@77ff14ce]
2026-05-28T19:52:04.759+03:30 DEBUG 9248 --- [blogApp] [nio-8080-exec-3] o.s.orm.jpa.JpaTransactionManager        : Not closing pre-bound JPA EntityManager after transaction
2026-05-28T19:52:04.766+03:30 DEBUG 9248 --- [blogApp] [nio-8080-exec-3] org.hibernate.SQL                        : select c1_0.post_id,c1_1.id,c1_1.created_at,c1_1.description,c1_1.name,c1_1.slug,c1_1.updated_at from post_categories c1_0 join categories c1_1 on c1_1.id=c1_0.category_id where c1_0.post_id=?
Hibernate: select c1_0.post_id,c1_1.id,c1_1.created_at,c1_1.description,c1_1.name,c1_1.slug,c1_1.updated_at from post_categories c1_0 join categories c1_1 on c1_1.id=c1_0.category_id where c1_0.post_id=?
2026-05-28T19:52:04.772+03:30 DEBUG 9248 --- [blogApp] [nio-8080-exec-3] org.hibernate.SQL                        : select c1_0.post_id,c1_1.id,c1_1.created_at,c1_1.description,c1_1.name,c1_1.slug,c1_1.updated_at from post_categories c1_0 join categories c1_1 on c1_1.id=c1_0.category_id where c1_0.post_id=?
Hibernate: select c1_0.post_id,c1_1.id,c1_1.created_at,c1_1.description,c1_1.name,c1_1.slug,c1_1.updated_at from post_categories c1_0 join categories c1_1 on c1_1.id=c1_0.category_id where c1_0.post_id=?
2026-05-28T19:52:04.773+03:30 DEBUG 9248 --- [blogApp] [nio-8080-exec-3] org.hibernate.SQL                        : select c1_0.post_id,c1_1.id,c1_1.created_at,c1_1.description,c1_1.name,c1_1.slug,c1_1.updated_at from post_categories c1_0 join categories c1_1 on c1_1.id=c1_0.category_id where c1_0.post_id=?
Hibernate: select c1_0.post_id,c1_1.id,c1_1.created_at,c1_1.description,c1_1.name,c1_1.slug,c1_1.updated_at from post_categories c1_0 join categories c1_1 on c1_1.id=c1_0.category_id where c1_0.post_id=?
2026-05-28T19:52:04.774+03:30 DEBUG 9248 --- [blogApp] [nio-8080-exec-3] org.hibernate.SQL                        : select c1_0.post_id,c1_1.id,c1_1.created_at,c1_1.description,c1_1.name,c1_1.slug,c1_1.updated_at from post_categories c1_0 join categories c1_1 on c1_1.id=c1_0.category_id where c1_0.post_id=?
Hibernate: select c1_0.post_id,c1_1.id,c1_1.created_at,c1_1.description,c1_1.name,c1_1.slug,c1_1.updated_at from post_categories c1_0 join categories c1_1 on c1_1.id=c1_0.category_id where c1_0.post_id=?
2026-05-28T19:52:04.776+03:30 DEBUG 9248 --- [blogApp] [nio-8080-exec-3] org.hibernate.SQL                        : select c1_0.post_id,c1_1.id,c1_1.created_at,c1_1.description,c1_1.name,c1_1.slug,c1_1.updated_at from post_categories c1_0 join categories c1_1 on c1_1.id=c1_0.category_id where c1_0.post_id=?
Hibernate: select c1_0.post_id,c1_1.id,c1_1.created_at,c1_1.description,c1_1.name,c1_1.slug,c1_1.updated_at from post_categories c1_0 join categories c1_1 on c1_1.id=c1_0.category_id where c1_0.post_id=?
2026-05-28T19:52:04.777+03:30 DEBUG 9248 --- [blogApp] [nio-8080-exec-3] org.hibernate.SQL                        : select c1_0.post_id,c1_1.id,c1_1.created_at,c1_1.description,c1_1.name,c1_1.slug,c1_1.updated_at from post_categories c1_0 join categories c1_1 on c1_1.id=c1_0.category_id where c1_0.post_id=?
Hibernate: select c1_0.post_id,c1_1.id,c1_1.created_at,c1_1.description,c1_1.name,c1_1.slug,c1_1.updated_at from post_categories c1_0 join categories c1_1 on c1_1.id=c1_0.category_id where c1_0.post_id=?
2026-05-28T19:52:04.777+03:30 DEBUG 9248 --- [blogApp] [nio-8080-exec-3] org.hibernate.SQL                        : select c1_0.post_id,c1_1.id,c1_1.created_at,c1_1.description,c1_1.name,c1_1.slug,c1_1.updated_at from post_categories c1_0 join categories c1_1 on c1_1.id=c1_0.category_id where c1_0.post_id=?
Hibernate: select c1_0.post_id,c1_1.id,c1_1.created_at,c1_1.description,c1_1.name,c1_1.slug,c1_1.updated_at from post_categories c1_0 join categories c1_1 on c1_1.id=c1_0.category_id where c1_0.post_id=?
2026-05-28T19:52:04.831+03:30  WARN 9248 --- [blogApp] [nio-8080-exec-3] ration$PageModule$WarningLoggingModifier : Serializing PageImpl instances as-is is not supported, meaning that there is no guarantee about the stability of the resulting JSON structure!
	For a stable JSON structure, please use Spring Data's PagedModel (globally via @EnableSpringDataWebSupport(pageSerializationMode = VIA_DTO))
	or Spring HATEOAS and Spring Data's PagedResourcesAssembler as documented in https://docs.spring.io/spring-data/commons/reference/repositories/core-extensions.html#core.web.pageables.

2026-05-28T19:52:04.836+03:30 DEBUG 9248 --- [blogApp] [nio-8080-exec-3] o.s.w.s.m.m.a.HttpEntityMethodProcessor  : Using 'application/json', given [*/*] and supported [application/json, application/*+json]
2026-05-28T19:52:04.839+03:30 DEBUG 9248 --- [blogApp] [nio-8080-exec-3] o.s.w.s.m.m.a.HttpEntityMethodProcessor  : Writing [Page 1 of 1 containing com.mahdi.blogApp.feature.post.model.PostResponse instances]
2026-05-28T19:52:04.875+03:30 DEBUG 9248 --- [blogApp] [nio-8080-exec-3] o.j.s.OpenEntityManagerInViewInterceptor : Closing JPA EntityManager in OpenEntityManagerInViewInterceptor
2026-05-28T19:52:04.877+03:30 DEBUG 9248 --- [blogApp] [nio-8080-exec-3] o.s.web.servlet.DispatcherServlet        : Completed 200 OK
2026-05-28T19:52:04.880+03:30 DEBUG 9248 --- [blogApp] [nio-8080-exec-4] o.s.security.web.FilterChainProxy        : Securing GET /api/posts
2026-05-28T19:52:04.880+03:30 DEBUG 9248 --- [blogApp] [nio-8080-exec-4] o.s.s.w.a.AnonymousAuthenticationFilter  : Set SecurityContextHolder to anonymous SecurityContext
2026-05-28T19:52:04.880+03:30 DEBUG 9248 --- [blogApp] [nio-8080-exec-4] o.s.security.web.FilterChainProxy        : Secured GET /api/posts
2026-05-28T19:52:04.880+03:30 DEBUG 9248 --- [blogApp] [nio-8080-exec-4] o.s.web.servlet.DispatcherServlet        : GET "/api/posts", parameters={}
2026-05-28T19:52:04.880+03:30 DEBUG 9248 --- [blogApp] [nio-8080-exec-4] s.w.s.m.m.a.RequestMappingHandlerMapping : Mapped to com.mahdi.blogApp.feature.post.controller.PostController#getAllPosts(Pageable)
2026-05-28T19:52:04.882+03:30 DEBUG 9248 --- [blogApp] [nio-8080-exec-4] o.j.s.OpenEntityManagerInViewInterceptor : Opening JPA EntityManager in OpenEntityManagerInViewInterceptor
2026-05-28T19:52:04.882+03:30 DEBUG 9248 --- [blogApp] [nio-8080-exec-4] horizationManagerBeforeMethodInterceptor : Authorizing method invocation ReflectiveMethodInvocation: public org.springframework.http.ResponseEntity com.mahdi.blogApp.feature.post.controller.PostController.getAllPosts(org.springframework.data.domain.Pageable); target is of class [com.mahdi.blogApp.feature.post.controller.PostController]
2026-05-28T19:52:04.882+03:30 DEBUG 9248 --- [blogApp] [nio-8080-exec-4] horizationManagerBeforeMethodInterceptor : Authorized method invocation ReflectiveMethodInvocation: public org.springframework.http.ResponseEntity com.mahdi.blogApp.feature.post.controller.PostController.getAllPosts(org.springframework.data.domain.Pageable); target is of class [com.mahdi.blogApp.feature.post.controller.PostController]
2026-05-28T19:52:04.882+03:30 DEBUG 9248 --- [blogApp] [nio-8080-exec-4] o.s.orm.jpa.JpaTransactionManager        : Found thread-bound EntityManager [SessionImpl(2100902374<open>)] for JPA transaction
2026-05-28T19:52:04.882+03:30 DEBUG 9248 --- [blogApp] [nio-8080-exec-4] o.s.orm.jpa.JpaTransactionManager        : Creating new transaction with name [org.springframework.data.jpa.repository.support.SimpleJpaRepository.findAll]: PROPAGATION_REQUIRED,ISOLATION_DEFAULT,readOnly
2026-05-28T19:52:04.882+03:30 DEBUG 9248 --- [blogApp] [nio-8080-exec-4] o.s.jdbc.datasource.DataSourceUtils      : Setting JDBC Connection [HikariProxyConnection@1946081329 wrapping org.postgresql.jdbc.PgConnection@77ff14ce] read-only
2026-05-28T19:52:04.882+03:30 DEBUG 9248 --- [blogApp] [nio-8080-exec-4] o.s.orm.jpa.JpaTransactionManager        : Exposing JPA transaction as JDBC [org.springframework.orm.jpa.vendor.HibernateJpaDialect$HibernateConnectionHandle@77c15296]
2026-05-28T19:52:04.882+03:30 DEBUG 9248 --- [blogApp] [nio-8080-exec-4] org.hibernate.SQL                        : select pe1_0.id,pe1_0.author_id,pe1_0.content,pe1_0.created_at,pe1_0.title,pe1_0.updated_at from posts pe1_0 offset ? rows fetch first ? rows only
Hibernate: select pe1_0.id,pe1_0.author_id,pe1_0.content,pe1_0.created_at,pe1_0.title,pe1_0.updated_at from posts pe1_0 offset ? rows fetch first ? rows only
2026-05-28T19:52:04.887+03:30 DEBUG 9248 --- [blogApp] [nio-8080-exec-4] o.s.orm.jpa.JpaTransactionManager        : Initiating transaction commit
2026-05-28T19:52:04.887+03:30 DEBUG 9248 --- [blogApp] [nio-8080-exec-4] o.s.orm.jpa.JpaTransactionManager        : Committing JPA transaction on EntityManager [SessionImpl(2100902374<open>)]
2026-05-28T19:52:04.887+03:30 DEBUG 9248 --- [blogApp] [nio-8080-exec-4] o.s.jdbc.datasource.DataSourceUtils      : Resetting read-only flag of JDBC Connection [HikariProxyConnection@1946081329 wrapping org.postgresql.jdbc.PgConnection@77ff14ce]
2026-05-28T19:52:04.889+03:30 DEBUG 9248 --- [blogApp] [nio-8080-exec-4] o.s.orm.jpa.JpaTransactionManager        : Not closing pre-bound JPA EntityManager after transaction
2026-05-28T19:52:04.889+03:30 DEBUG 9248 --- [blogApp] [nio-8080-exec-4] org.hibernate.SQL                        : select c1_0.post_id,c1_1.id,c1_1.created_at,c1_1.description,c1_1.name,c1_1.slug,c1_1.updated_at from post_categories c1_0 join categories c1_1 on c1_1.id=c1_0.category_id where c1_0.post_id=?
Hibernate: select c1_0.post_id,c1_1.id,c1_1.created_at,c1_1.description,c1_1.name,c1_1.slug,c1_1.updated_at from post_categories c1_0 join categories c1_1 on c1_1.id=c1_0.category_id where c1_0.post_id=?
2026-05-28T19:52:04.892+03:30 DEBUG 9248 --- [blogApp] [nio-8080-exec-4] org.hibernate.SQL                        : select c1_0.post_id,c1_1.id,c1_1.created_at,c1_1.description,c1_1.name,c1_1.slug,c1_1.updated_at from post_categories c1_0 join categories c1_1 on c1_1.id=c1_0.category_id where c1_0.post_id=?
Hibernate: select c1_0.post_id,c1_1.id,c1_1.created_at,c1_1.description,c1_1.name,c1_1.slug,c1_1.updated_at from post_categories c1_0 join categories c1_1 on c1_1.id=c1_0.category_id where c1_0.post_id=?
2026-05-28T19:52:04.894+03:30 DEBUG 9248 --- [blogApp] [nio-8080-exec-4] org.hibernate.SQL                        : select c1_0.post_id,c1_1.id,c1_1.created_at,c1_1.description,c1_1.name,c1_1.slug,c1_1.updated_at from post_categories c1_0 join categories c1_1 on c1_1.id=c1_0.category_id where c1_0.post_id=?
Hibernate: select c1_0.post_id,c1_1.id,c1_1.created_at,c1_1.description,c1_1.name,c1_1.slug,c1_1.updated_at from post_categories c1_0 join categories c1_1 on c1_1.id=c1_0.category_id where c1_0.post_id=?
2026-05-28T19:52:04.895+03:30 DEBUG 9248 --- [blogApp] [nio-8080-exec-4] org.hibernate.SQL                        : select c1_0.post_id,c1_1.id,c1_1.created_at,c1_1.description,c1_1.name,c1_1.slug,c1_1.updated_at from post_categories c1_0 join categories c1_1 on c1_1.id=c1_0.category_id where c1_0.post_id=?
Hibernate: select c1_0.post_id,c1_1.id,c1_1.created_at,c1_1.description,c1_1.name,c1_1.slug,c1_1.updated_at from post_categories c1_0 join categories c1_1 on c1_1.id=c1_0.category_id where c1_0.post_id=?
2026-05-28T19:52:04.896+03:30 DEBUG 9248 --- [blogApp] [nio-8080-exec-4] org.hibernate.SQL                        : select c1_0.post_id,c1_1.id,c1_1.created_at,c1_1.description,c1_1.name,c1_1.slug,c1_1.updated_at from post_categories c1_0 join categories c1_1 on c1_1.id=c1_0.category_id where c1_0.post_id=?
Hibernate: select c1_0.post_id,c1_1.id,c1_1.created_at,c1_1.description,c1_1.name,c1_1.slug,c1_1.updated_at from post_categories c1_0 join categories c1_1 on c1_1.id=c1_0.category_id where c1_0.post_id=?
2026-05-28T19:52:04.896+03:30 DEBUG 9248 --- [blogApp] [nio-8080-exec-4] org.hibernate.SQL                        : select c1_0.post_id,c1_1.id,c1_1.created_at,c1_1.description,c1_1.name,c1_1.slug,c1_1.updated_at from post_categories c1_0 join categories c1_1 on c1_1.id=c1_0.category_id where c1_0.post_id=?
Hibernate: select c1_0.post_id,c1_1.id,c1_1.created_at,c1_1.description,c1_1.name,c1_1.slug,c1_1.updated_at from post_categories c1_0 join categories c1_1 on c1_1.id=c1_0.category_id where c1_0.post_id=?
2026-05-28T19:52:04.896+03:30 DEBUG 9248 --- [blogApp] [nio-8080-exec-4] org.hibernate.SQL                        : select c1_0.post_id,c1_1.id,c1_1.created_at,c1_1.description,c1_1.name,c1_1.slug,c1_1.updated_at from post_categories c1_0 join categories c1_1 on c1_1.id=c1_0.category_id where c1_0.post_id=?
Hibernate: select c1_0.post_id,c1_1.id,c1_1.created_at,c1_1.description,c1_1.name,c1_1.slug,c1_1.updated_at from post_categories c1_0 join categories c1_1 on c1_1.id=c1_0.category_id where c1_0.post_id=?
2026-05-28T19:52:04.897+03:30 DEBUG 9248 --- [blogApp] [nio-8080-exec-4] o.s.w.s.m.m.a.HttpEntityMethodProcessor  : Using 'application/json', given [*/*] and supported [application/json, application/*+json]
2026-05-28T19:52:04.897+03:30 DEBUG 9248 --- [blogApp] [nio-8080-exec-4] o.s.w.s.m.m.a.HttpEntityMethodProcessor  : Writing [Page 1 of 1 containing com.mahdi.blogApp.feature.post.model.PostResponse instances]
2026-05-28T19:52:04.900+03:30 DEBUG 9248 --- [blogApp] [nio-8080-exec-4] o.j.s.OpenEntityManagerInViewInterceptor : Closing JPA EntityManager in OpenEntityManagerInViewInterceptor
2026-05-28T19:52:04.900+03:30 DEBUG 9248 --- [blogApp] [nio-8080-exec-4] o.s.web.servlet.DispatcherServlet        : Completed 200 OK
2026-05-28T19:52:11.334+03:30 DEBUG 9248 --- [blogApp] [nio-8080-exec-7] o.s.security.web.FilterChainProxy        : Securing GET /api/posts
2026-05-28T19:52:11.334+03:30 DEBUG 9248 --- [blogApp] [nio-8080-exec-7] o.s.s.w.a.AnonymousAuthenticationFilter  : Set SecurityContextHolder to anonymous SecurityContext
2026-05-28T19:52:11.336+03:30 DEBUG 9248 --- [blogApp] [nio-8080-exec-7] o.s.security.web.FilterChainProxy        : Secured GET /api/posts
2026-05-28T19:52:11.336+03:30 DEBUG 9248 --- [blogApp] [nio-8080-exec-7] o.s.web.servlet.DispatcherServlet        : GET "/api/posts", parameters={}
2026-05-28T19:52:11.336+03:30 DEBUG 9248 --- [blogApp] [nio-8080-exec-7] s.w.s.m.m.a.RequestMappingHandlerMapping : Mapped to com.mahdi.blogApp.feature.post.controller.PostController#getAllPosts(Pageable)
2026-05-28T19:52:11.336+03:30 DEBUG 9248 --- [blogApp] [nio-8080-exec-7] o.j.s.OpenEntityManagerInViewInterceptor : Opening JPA EntityManager in OpenEntityManagerInViewInterceptor
2026-05-28T19:52:11.336+03:30 DEBUG 9248 --- [blogApp] [nio-8080-exec-7] horizationManagerBeforeMethodInterceptor : Authorizing method invocation ReflectiveMethodInvocation: public org.springframework.http.ResponseEntity com.mahdi.blogApp.feature.post.controller.PostController.getAllPosts(org.springframework.data.domain.Pageable); target is of class [com.mahdi.blogApp.feature.post.controller.PostController]
2026-05-28T19:52:11.336+03:30 DEBUG 9248 --- [blogApp] [nio-8080-exec-7] horizationManagerBeforeMethodInterceptor : Authorized method invocation ReflectiveMethodInvocation: public org.springframework.http.ResponseEntity com.mahdi.blogApp.feature.post.controller.PostController.getAllPosts(org.springframework.data.domain.Pageable); target is of class [com.mahdi.blogApp.feature.post.controller.PostController]
2026-05-28T19:52:11.336+03:30 DEBUG 9248 --- [blogApp] [nio-8080-exec-7] o.s.orm.jpa.JpaTransactionManager        : Found thread-bound EntityManager [SessionImpl(1772791707<open>)] for JPA transaction
2026-05-28T19:52:11.337+03:30 DEBUG 9248 --- [blogApp] [nio-8080-exec-7] o.s.orm.jpa.JpaTransactionManager        : Creating new transaction with name [org.springframework.data.jpa.repository.support.SimpleJpaRepository.findAll]: PROPAGATION_REQUIRED,ISOLATION_DEFAULT,readOnly
2026-05-28T19:52:11.337+03:30 DEBUG 9248 --- [blogApp] [nio-8080-exec-7] o.s.jdbc.datasource.DataSourceUtils      : Setting JDBC Connection [HikariProxyConnection@1735214302 wrapping org.postgresql.jdbc.PgConnection@77ff14ce] read-only
2026-05-28T19:52:11.338+03:30 DEBUG 9248 --- [blogApp] [nio-8080-exec-7] o.s.orm.jpa.JpaTransactionManager        : Exposing JPA transaction as JDBC [org.springframework.orm.jpa.vendor.HibernateJpaDialect$HibernateConnectionHandle@6352cceb]
2026-05-28T19:52:11.340+03:30 DEBUG 9248 --- [blogApp] [nio-8080-exec-7] org.hibernate.SQL                        : select pe1_0.id,pe1_0.author_id,pe1_0.content,pe1_0.created_at,pe1_0.title,pe1_0.updated_at from posts pe1_0 offset ? rows fetch first ? rows only
Hibernate: select pe1_0.id,pe1_0.author_id,pe1_0.content,pe1_0.created_at,pe1_0.title,pe1_0.updated_at from posts pe1_0 offset ? rows fetch first ? rows only
2026-05-28T19:52:11.344+03:30 DEBUG 9248 --- [blogApp] [nio-8080-exec-7] o.s.orm.jpa.JpaTransactionManager        : Initiating transaction commit
2026-05-28T19:52:11.344+03:30 DEBUG 9248 --- [blogApp] [nio-8080-exec-7] o.s.orm.jpa.JpaTransactionManager        : Committing JPA transaction on EntityManager [SessionImpl(1772791707<open>)]
2026-05-28T19:52:11.344+03:30 DEBUG 9248 --- [blogApp] [nio-8080-exec-7] o.s.jdbc.datasource.DataSourceUtils      : Resetting read-only flag of JDBC Connection [HikariProxyConnection@1735214302 wrapping org.postgresql.jdbc.PgConnection@77ff14ce]
2026-05-28T19:52:11.344+03:30 DEBUG 9248 --- [blogApp] [nio-8080-exec-7] o.s.orm.jpa.JpaTransactionManager        : Not closing pre-bound JPA EntityManager after transaction
2026-05-28T19:52:11.344+03:30 DEBUG 9248 --- [blogApp] [nio-8080-exec-7] org.hibernate.SQL                        : select c1_0.post_id,c1_1.id,c1_1.created_at,c1_1.description,c1_1.name,c1_1.slug,c1_1.updated_at from post_categories c1_0 join categories c1_1 on c1_1.id=c1_0.category_id where c1_0.post_id=?
Hibernate: select c1_0.post_id,c1_1.id,c1_1.created_at,c1_1.description,c1_1.name,c1_1.slug,c1_1.updated_at from post_categories c1_0 join categories c1_1 on c1_1.id=c1_0.category_id where c1_0.post_id=?
2026-05-28T19:52:11.345+03:30 DEBUG 9248 --- [blogApp] [nio-8080-exec-7] org.hibernate.SQL                        : select c1_0.post_id,c1_1.id,c1_1.created_at,c1_1.description,c1_1.name,c1_1.slug,c1_1.updated_at from post_categories c1_0 join categories c1_1 on c1_1.id=c1_0.category_id where c1_0.post_id=?
Hibernate: select c1_0.post_id,c1_1.id,c1_1.created_at,c1_1.description,c1_1.name,c1_1.slug,c1_1.updated_at from post_categories c1_0 join categories c1_1 on c1_1.id=c1_0.category_id where c1_0.post_id=?
2026-05-28T19:52:11.345+03:30 DEBUG 9248 --- [blogApp] [nio-8080-exec-7] org.hibernate.SQL                        : select c1_0.post_id,c1_1.id,c1_1.created_at,c1_1.description,c1_1.name,c1_1.slug,c1_1.updated_at from post_categories c1_0 join categories c1_1 on c1_1.id=c1_0.category_id where c1_0.post_id=?
Hibernate: select c1_0.post_id,c1_1.id,c1_1.created_at,c1_1.description,c1_1.name,c1_1.slug,c1_1.updated_at from post_categories c1_0 join categories c1_1 on c1_1.id=c1_0.category_id where c1_0.post_id=?
2026-05-28T19:52:11.345+03:30 DEBUG 9248 --- [blogApp] [nio-8080-exec-7] org.hibernate.SQL                        : select c1_0.post_id,c1_1.id,c1_1.created_at,c1_1.description,c1_1.name,c1_1.slug,c1_1.updated_at from post_categories c1_0 join categories c1_1 on c1_1.id=c1_0.category_id where c1_0.post_id=?
Hibernate: select c1_0.post_id,c1_1.id,c1_1.created_at,c1_1.description,c1_1.name,c1_1.slug,c1_1.updated_at from post_categories c1_0 join categories c1_1 on c1_1.id=c1_0.category_id where c1_0.post_id=?
2026-05-28T19:52:11.347+03:30 DEBUG 9248 --- [blogApp] [nio-8080-exec-7] org.hibernate.SQL                        : select c1_0.post_id,c1_1.id,c1_1.created_at,c1_1.description,c1_1.name,c1_1.slug,c1_1.updated_at from post_categories c1_0 join categories c1_1 on c1_1.id=c1_0.category_id where c1_0.post_id=?
Hibernate: select c1_0.post_id,c1_1.id,c1_1.created_at,c1_1.description,c1_1.name,c1_1.slug,c1_1.updated_at from post_categories c1_0 join categories c1_1 on c1_1.id=c1_0.category_id where c1_0.post_id=?
2026-05-28T19:52:11.347+03:30 DEBUG 9248 --- [blogApp] [nio-8080-exec-7] org.hibernate.SQL                        : select c1_0.post_id,c1_1.id,c1_1.created_at,c1_1.description,c1_1.name,c1_1.slug,c1_1.updated_at from post_categories c1_0 join categories c1_1 on c1_1.id=c1_0.category_id where c1_0.post_id=?
Hibernate: select c1_0.post_id,c1_1.id,c1_1.created_at,c1_1.description,c1_1.name,c1_1.slug,c1_1.updated_at from post_categories c1_0 join categories c1_1 on c1_1.id=c1_0.category_id where c1_0.post_id=?
2026-05-28T19:52:11.347+03:30 DEBUG 9248 --- [blogApp] [nio-8080-exec-7] org.hibernate.SQL                        : select c1_0.post_id,c1_1.id,c1_1.created_at,c1_1.description,c1_1.name,c1_1.slug,c1_1.updated_at from post_categories c1_0 join categories c1_1 on c1_1.id=c1_0.category_id where c1_0.post_id=?
Hibernate: select c1_0.post_id,c1_1.id,c1_1.created_at,c1_1.description,c1_1.name,c1_1.slug,c1_1.updated_at from post_categories c1_0 join categories c1_1 on c1_1.id=c1_0.category_id where c1_0.post_id=?
2026-05-28T19:52:11.348+03:30 DEBUG 9248 --- [blogApp] [nio-8080-exec-7] o.s.w.s.m.m.a.HttpEntityMethodProcessor  : Using 'application/json', given [*/*] and supported [application/json, application/*+json]
2026-05-28T19:52:11.348+03:30 DEBUG 9248 --- [blogApp] [nio-8080-exec-7] o.s.w.s.m.m.a.HttpEntityMethodProcessor  : Writing [Page 1 of 1 containing com.mahdi.blogApp.feature.post.model.PostResponse instances]
2026-05-28T19:52:11.349+03:30 DEBUG 9248 --- [blogApp] [nio-8080-exec-7] o.j.s.OpenEntityManagerInViewInterceptor : Closing JPA EntityManager in OpenEntityManagerInViewInterceptor
2026-05-28T19:52:11.349+03:30 DEBUG 9248 --- [blogApp] [nio-8080-exec-7] o.s.web.servlet.DispatcherServlet        : Completed 200 OK
2026-05-28T19:52:11.352+03:30 DEBUG 9248 --- [blogApp] [nio-8080-exec-8] o.s.security.web.FilterChainProxy        : Securing GET /api/posts
2026-05-28T19:52:11.353+03:30 DEBUG 9248 --- [blogApp] [nio-8080-exec-8] o.s.s.w.a.AnonymousAuthenticationFilter  : Set SecurityContextHolder to anonymous SecurityContext
2026-05-28T19:52:11.353+03:30 DEBUG 9248 --- [blogApp] [nio-8080-exec-8] o.s.security.web.FilterChainProxy        : Secured GET /api/posts
2026-05-28T19:52:11.353+03:30 DEBUG 9248 --- [blogApp] [nio-8080-exec-8] o.s.web.servlet.DispatcherServlet        : GET "/api/posts", parameters={}
2026-05-28T19:52:11.353+03:30 DEBUG 9248 --- [blogApp] [nio-8080-exec-8] s.w.s.m.m.a.RequestMappingHandlerMapping : Mapped to com.mahdi.blogApp.feature.post.controller.PostController#getAllPosts(Pageable)
2026-05-28T19:52:11.353+03:30 DEBUG 9248 --- [blogApp] [nio-8080-exec-8] o.j.s.OpenEntityManagerInViewInterceptor : Opening JPA EntityManager in OpenEntityManagerInViewInterceptor
2026-05-28T19:52:11.353+03:30 DEBUG 9248 --- [blogApp] [nio-8080-exec-8] horizationManagerBeforeMethodInterceptor : Authorizing method invocation ReflectiveMethodInvocation: public org.springframework.http.ResponseEntity com.mahdi.blogApp.feature.post.controller.PostController.getAllPosts(org.springframework.data.domain.Pageable); target is of class [com.mahdi.blogApp.feature.post.controller.PostController]
2026-05-28T19:52:11.354+03:30 DEBUG 9248 --- [blogApp] [nio-8080-exec-8] horizationManagerBeforeMethodInterceptor : Authorized method invocation ReflectiveMethodInvocation: public org.springframework.http.ResponseEntity com.mahdi.blogApp.feature.post.controller.PostController.getAllPosts(org.springframework.data.domain.Pageable); target is of class [com.mahdi.blogApp.feature.post.controller.PostController]
2026-05-28T19:52:11.354+03:30 DEBUG 9248 --- [blogApp] [nio-8080-exec-8] o.s.orm.jpa.JpaTransactionManager        : Found thread-bound EntityManager [SessionImpl(1224183578<open>)] for JPA transaction
2026-05-28T19:52:11.354+03:30 DEBUG 9248 --- [blogApp] [nio-8080-exec-8] o.s.orm.jpa.JpaTransactionManager        : Creating new transaction with name [org.springframework.data.jpa.repository.support.SimpleJpaRepository.findAll]: PROPAGATION_REQUIRED,ISOLATION_DEFAULT,readOnly
2026-05-28T19:52:11.354+03:30 DEBUG 9248 --- [blogApp] [nio-8080-exec-8] o.s.jdbc.datasource.DataSourceUtils      : Setting JDBC Connection [HikariProxyConnection@1177581684 wrapping org.postgresql.jdbc.PgConnection@77ff14ce] read-only
2026-05-28T19:52:11.354+03:30 DEBUG 9248 --- [blogApp] [nio-8080-exec-8] o.s.orm.jpa.JpaTransactionManager        : Exposing JPA transaction as JDBC [org.springframework.orm.jpa.vendor.HibernateJpaDialect$HibernateConnectionHandle@420fe46a]
2026-05-28T19:52:11.355+03:30 DEBUG 9248 --- [blogApp] [nio-8080-exec-8] org.hibernate.SQL                        : select pe1_0.id,pe1_0.author_id,pe1_0.content,pe1_0.created_at,pe1_0.title,pe1_0.updated_at from posts pe1_0 offset ? rows fetch first ? rows only
Hibernate: select pe1_0.id,pe1_0.author_id,pe1_0.content,pe1_0.created_at,pe1_0.title,pe1_0.updated_at from posts pe1_0 offset ? rows fetch first ? rows only
2026-05-28T19:52:11.358+03:30 DEBUG 9248 --- [blogApp] [nio-8080-exec-8] o.s.orm.jpa.JpaTransactionManager        : Initiating transaction commit
2026-05-28T19:52:11.359+03:30 DEBUG 9248 --- [blogApp] [nio-8080-exec-8] o.s.orm.jpa.JpaTransactionManager        : Committing JPA transaction on EntityManager [SessionImpl(1224183578<open>)]
2026-05-28T19:52:11.359+03:30 DEBUG 9248 --- [blogApp] [nio-8080-exec-8] o.s.jdbc.datasource.DataSourceUtils      : Resetting read-only flag of JDBC Connection [HikariProxyConnection@1177581684 wrapping org.postgresql.jdbc.PgConnection@77ff14ce]
2026-05-28T19:52:11.359+03:30 DEBUG 9248 --- [blogApp] [nio-8080-exec-8] o.s.orm.jpa.JpaTransactionManager        : Not closing pre-bound JPA EntityManager after transaction
2026-05-28T19:52:11.360+03:30 DEBUG 9248 --- [blogApp] [nio-8080-exec-8] org.hibernate.SQL                        : select c1_0.post_id,c1_1.id,c1_1.created_at,c1_1.description,c1_1.name,c1_1.slug,c1_1.updated_at from post_categories c1_0 join categories c1_1 on c1_1.id=c1_0.category_id where c1_0.post_id=?
Hibernate: select c1_0.post_id,c1_1.id,c1_1.created_at,c1_1.description,c1_1.name,c1_1.slug,c1_1.updated_at from post_categories c1_0 join categories c1_1 on c1_1.id=c1_0.category_id where c1_0.post_id=?
2026-05-28T19:52:11.360+03:30 DEBUG 9248 --- [blogApp] [nio-8080-exec-8] org.hibernate.SQL                        : select c1_0.post_id,c1_1.id,c1_1.created_at,c1_1.description,c1_1.name,c1_1.slug,c1_1.updated_at from post_categories c1_0 join categories c1_1 on c1_1.id=c1_0.category_id where c1_0.post_id=?
Hibernate: select c1_0.post_id,c1_1.id,c1_1.created_at,c1_1.description,c1_1.name,c1_1.slug,c1_1.updated_at from post_categories c1_0 join categories c1_1 on c1_1.id=c1_0.category_id where c1_0.post_id=?
2026-05-28T19:52:11.361+03:30 DEBUG 9248 --- [blogApp] [nio-8080-exec-8] org.hibernate.SQL                        : select c1_0.post_id,c1_1.id,c1_1.created_at,c1_1.description,c1_1.name,c1_1.slug,c1_1.updated_at from post_categories c1_0 join categories c1_1 on c1_1.id=c1_0.category_id where c1_0.post_id=?
Hibernate: select c1_0.post_id,c1_1.id,c1_1.created_at,c1_1.description,c1_1.name,c1_1.slug,c1_1.updated_at from post_categories c1_0 join categories c1_1 on c1_1.id=c1_0.category_id where c1_0.post_id=?
2026-05-28T19:52:11.361+03:30 DEBUG 9248 --- [blogApp] [nio-8080-exec-8] org.hibernate.SQL                        : select c1_0.post_id,c1_1.id,c1_1.created_at,c1_1.description,c1_1.name,c1_1.slug,c1_1.updated_at from post_categories c1_0 join categories c1_1 on c1_1.id=c1_0.category_id where c1_0.post_id=?
Hibernate: select c1_0.post_id,c1_1.id,c1_1.created_at,c1_1.description,c1_1.name,c1_1.slug,c1_1.updated_at from post_categories c1_0 join categories c1_1 on c1_1.id=c1_0.category_id where c1_0.post_id=?
2026-05-28T19:52:11.361+03:30 DEBUG 9248 --- [blogApp] [nio-8080-exec-8] org.hibernate.SQL                        : select c1_0.post_id,c1_1.id,c1_1.created_at,c1_1.description,c1_1.name,c1_1.slug,c1_1.updated_at from post_categories c1_0 join categories c1_1 on c1_1.id=c1_0.category_id where c1_0.post_id=?
Hibernate: select c1_0.post_id,c1_1.id,c1_1.created_at,c1_1.description,c1_1.name,c1_1.slug,c1_1.updated_at from post_categories c1_0 join categories c1_1 on c1_1.id=c1_0.category_id where c1_0.post_id=?
2026-05-28T19:52:11.362+03:30 DEBUG 9248 --- [blogApp] [nio-8080-exec-8] org.hibernate.SQL                        : select c1_0.post_id,c1_1.id,c1_1.created_at,c1_1.description,c1_1.name,c1_1.slug,c1_1.updated_at from post_categories c1_0 join categories c1_1 on c1_1.id=c1_0.category_id where c1_0.post_id=?
Hibernate: select c1_0.post_id,c1_1.id,c1_1.created_at,c1_1.description,c1_1.name,c1_1.slug,c1_1.updated_at from post_categories c1_0 join categories c1_1 on c1_1.id=c1_0.category_id where c1_0.post_id=?
2026-05-28T19:52:11.362+03:30 DEBUG 9248 --- [blogApp] [nio-8080-exec-8] org.hibernate.SQL                        : select c1_0.post_id,c1_1.id,c1_1.created_at,c1_1.description,c1_1.name,c1_1.slug,c1_1.updated_at from post_categories c1_0 join categories c1_1 on c1_1.id=c1_0.category_id where c1_0.post_id=?
Hibernate: select c1_0.post_id,c1_1.id,c1_1.created_at,c1_1.description,c1_1.name,c1_1.slug,c1_1.updated_at from post_categories c1_0 join categories c1_1 on c1_1.id=c1_0.category_id where c1_0.post_id=?
2026-05-28T19:52:11.363+03:30 DEBUG 9248 --- [blogApp] [nio-8080-exec-8] o.s.w.s.m.m.a.HttpEntityMethodProcessor  : Using 'application/json', given [*/*] and supported [application/json, application/*+json]
2026-05-28T19:52:11.363+03:30 DEBUG 9248 --- [blogApp] [nio-8080-exec-8] o.s.w.s.m.m.a.HttpEntityMethodProcessor  : Writing [Page 1 of 1 containing com.mahdi.blogApp.feature.post.model.PostResponse instances]
2026-05-28T19:52:11.364+03:30 DEBUG 9248 --- [blogApp] [nio-8080-exec-8] o.j.s.OpenEntityManagerInViewInterceptor : Closing JPA EntityManager in OpenEntityManagerInViewInterceptor
2026-05-28T19:52:11.364+03:30 DEBUG 9248 --- [blogApp] [nio-8080-exec-8] o.s.web.servlet.DispatcherServlet        : Completed 200 OK
2026-05-28T19:52:33.889+03:30 DEBUG 9248 --- [blogApp] [nio-8080-exec-9] o.s.security.web.FilterChainProxy        : Securing OPTIONS /api/auth/login
2026-05-28T19:52:33.895+03:30 DEBUG 9248 --- [blogApp] [io-8080-exec-10] o.s.security.web.FilterChainProxy        : Securing POST /api/auth/login
2026-05-28T19:52:33.896+03:30 DEBUG 9248 --- [blogApp] [io-8080-exec-10] o.s.s.w.a.AnonymousAuthenticationFilter  : Set SecurityContextHolder to anonymous SecurityContext
2026-05-28T19:52:33.896+03:30 DEBUG 9248 --- [blogApp] [io-8080-exec-10] o.s.security.web.FilterChainProxy        : Secured POST /api/auth/login
2026-05-28T19:52:33.896+03:30 DEBUG 9248 --- [blogApp] [io-8080-exec-10] o.s.web.servlet.DispatcherServlet        : POST "/api/auth/login", parameters={}
2026-05-28T19:52:33.896+03:30 DEBUG 9248 --- [blogApp] [io-8080-exec-10] s.w.s.m.m.a.RequestMappingHandlerMapping : Mapped to com.mahdi.blogApp.feature.auth.AuthController#login(AuthRequest)
2026-05-28T19:52:33.896+03:30 DEBUG 9248 --- [blogApp] [io-8080-exec-10] o.j.s.OpenEntityManagerInViewInterceptor : Opening JPA EntityManager in OpenEntityManagerInViewInterceptor
2026-05-28T19:52:33.931+03:30 DEBUG 9248 --- [blogApp] [io-8080-exec-10] m.m.a.RequestResponseBodyMethodProcessor : Read "application/json;charset=UTF-8" to [AuthRequest(username=moein, password=admin8810)]
2026-05-28T19:52:34.026+03:30 DEBUG 9248 --- [blogApp] [io-8080-exec-10] org.hibernate.SQL                        : select ue1_0.id,ue1_0.bio,ue1_0.created_at,ue1_0.email,ue1_0.enabled,ue1_0.password,ue1_0.profile_picture,ue1_0.updated_at,ue1_0.user_name from users ue1_0 where ue1_0.user_name=?
Hibernate: select ue1_0.id,ue1_0.bio,ue1_0.created_at,ue1_0.email,ue1_0.enabled,ue1_0.password,ue1_0.profile_picture,ue1_0.updated_at,ue1_0.user_name from users ue1_0 where ue1_0.user_name=?
2026-05-28T19:52:34.032+03:30 DEBUG 9248 --- [blogApp] [io-8080-exec-10] org.hibernate.SQL                        : select r1_0.user_id,r1_0.role from user_roles r1_0 where r1_0.user_id=?
Hibernate: select r1_0.user_id,r1_0.role from user_roles r1_0 where r1_0.user_id=?
2026-05-28T19:52:34.105+03:30 DEBUG 9248 --- [blogApp] [io-8080-exec-10] o.s.s.a.dao.DaoAuthenticationProvider    : Failed to authenticate since password does not match stored value
2026-05-28T19:52:34.105+03:30 DEBUG 9248 --- [blogApp] [io-8080-exec-10] o.s.s.authentication.ProviderManager     : Authentication failed with provider DaoAuthenticationProvider since Bad credentials
2026-05-28T19:52:34.107+03:30 DEBUG 9248 --- [blogApp] [io-8080-exec-10] o.j.s.OpenEntityManagerInViewInterceptor : Closing JPA EntityManager in OpenEntityManagerInViewInterceptor
2026-05-28T19:52:34.108+03:30 DEBUG 9248 --- [blogApp] [io-8080-exec-10] o.s.web.servlet.DispatcherServlet        : Failed to complete request: org.springframework.security.authentication.BadCredentialsException: Bad credentials
2026-05-28T19:52:34.108+03:30 DEBUG 9248 --- [blogApp] [io-8080-exec-10] o.s.s.w.a.Http403ForbiddenEntryPoint     : Pre-authenticated entry point called. Rejecting access
2026-05-28T19:52:34.108+03:30 DEBUG 9248 --- [blogApp] [io-8080-exec-10] o.s.security.web.FilterChainProxy        : Securing POST /error
2026-05-28T19:52:34.109+03:30 DEBUG 9248 --- [blogApp] [io-8080-exec-10] o.s.s.w.a.AnonymousAuthenticationFilter  : Set SecurityContextHolder to anonymous SecurityContext
2026-05-28T19:52:34.109+03:30 DEBUG 9248 --- [blogApp] [io-8080-exec-10] o.s.s.w.a.Http403ForbiddenEntryPoint     : Pre-authenticated entry point called. Rejecting access
2026-05-28T19:52:37.691+03:30 DEBUG 9248 --- [blogApp] [nio-8080-exec-1] o.s.security.web.FilterChainProxy        : Securing POST /api/auth/login
2026-05-28T19:52:37.692+03:30 DEBUG 9248 --- [blogApp] [nio-8080-exec-1] o.s.s.w.a.AnonymousAuthenticationFilter  : Set SecurityContextHolder to anonymous SecurityContext
2026-05-28T19:52:37.692+03:30 DEBUG 9248 --- [blogApp] [nio-8080-exec-1] o.s.security.web.FilterChainProxy        : Secured POST /api/auth/login
2026-05-28T19:52:37.692+03:30 DEBUG 9248 --- [blogApp] [nio-8080-exec-1] o.s.web.servlet.DispatcherServlet        : POST "/api/auth/login", parameters={}
2026-05-28T19:52:37.692+03:30 DEBUG 9248 --- [blogApp] [nio-8080-exec-1] s.w.s.m.m.a.RequestMappingHandlerMapping : Mapped to com.mahdi.blogApp.feature.auth.AuthController#login(AuthRequest)
2026-05-28T19:52:37.692+03:30 DEBUG 9248 --- [blogApp] [nio-8080-exec-1] o.j.s.OpenEntityManagerInViewInterceptor : Opening JPA EntityManager in OpenEntityManagerInViewInterceptor
2026-05-28T19:52:37.693+03:30 DEBUG 9248 --- [blogApp] [nio-8080-exec-1] m.m.a.RequestResponseBodyMethodProcessor : Read "application/json;charset=UTF-8" to [AuthRequest(username=moein, password=admin7710)]
2026-05-28T19:52:37.695+03:30 DEBUG 9248 --- [blogApp] [nio-8080-exec-1] org.hibernate.SQL                        : select ue1_0.id,ue1_0.bio,ue1_0.created_at,ue1_0.email,ue1_0.enabled,ue1_0.password,ue1_0.profile_picture,ue1_0.updated_at,ue1_0.user_name from users ue1_0 where ue1_0.user_name=?
Hibernate: select ue1_0.id,ue1_0.bio,ue1_0.created_at,ue1_0.email,ue1_0.enabled,ue1_0.password,ue1_0.profile_picture,ue1_0.updated_at,ue1_0.user_name from users ue1_0 where ue1_0.user_name=?
2026-05-28T19:52:37.696+03:30 DEBUG 9248 --- [blogApp] [nio-8080-exec-1] org.hibernate.SQL                        : select r1_0.user_id,r1_0.role from user_roles r1_0 where r1_0.user_id=?
Hibernate: select r1_0.user_id,r1_0.role from user_roles r1_0 where r1_0.user_id=?
2026-05-28T19:52:37.775+03:30 DEBUG 9248 --- [blogApp] [nio-8080-exec-1] o.s.s.a.dao.DaoAuthenticationProvider    : Authenticated user
2026-05-28T19:52:37.878+03:30 DEBUG 9248 --- [blogApp] [nio-8080-exec-1] o.s.w.s.m.m.a.HttpEntityMethodProcessor  : Using 'application/json', given [*/*] and supported [application/json, application/*+json]
2026-05-28T19:52:37.879+03:30 DEBUG 9248 --- [blogApp] [nio-8080-exec-1] o.s.w.s.m.m.a.HttpEntityMethodProcessor  : Writing [AuthResponse[token=eyJhbGciOiJIUzM4NCJ9.eyJzdWIiOiJtb2VpbiIsImlhdCI6MTc3OTk4NTM1NywiZXhwIjoxNzgwMDcx (truncated)...]
2026-05-28T19:52:37.880+03:30 DEBUG 9248 --- [blogApp] [nio-8080-exec-1] o.j.s.OpenEntityManagerInViewInterceptor : Closing JPA EntityManager in OpenEntityManagerInViewInterceptor
2026-05-28T19:52:37.880+03:30 DEBUG 9248 --- [blogApp] [nio-8080-exec-1] o.s.web.servlet.DispatcherServlet        : Completed 200 OK
2026-05-28T19:52:37.885+03:30 DEBUG 9248 --- [blogApp] [nio-8080-exec-2] o.s.security.web.FilterChainProxy        : Securing OPTIONS /api/users/me
2026-05-28T19:52:37.888+03:30 DEBUG 9248 --- [blogApp] [nio-8080-exec-3] o.s.security.web.FilterChainProxy        : Securing GET /api/users/me
2026-05-28T19:52:37.934+03:30 DEBUG 9248 --- [blogApp] [nio-8080-exec-3] tor$SharedEntityManagerInvocationHandler : Creating new EntityManager for shared EntityManager invocation
2026-05-28T19:52:37.981+03:30 DEBUG 9248 --- [blogApp] [nio-8080-exec-3] org.hibernate.SQL                        : select ue1_0.id,ue1_0.bio,ue1_0.created_at,ue1_0.email,ue1_0.enabled,ue1_0.password,ue1_0.profile_picture,ue1_0.updated_at,ue1_0.user_name from users ue1_0 where ue1_0.user_name=?
Hibernate: select ue1_0.id,ue1_0.bio,ue1_0.created_at,ue1_0.email,ue1_0.enabled,ue1_0.password,ue1_0.profile_picture,ue1_0.updated_at,ue1_0.user_name from users ue1_0 where ue1_0.user_name=?
2026-05-28T19:52:37.984+03:30 DEBUG 9248 --- [blogApp] [nio-8080-exec-3] org.hibernate.SQL                        : select r1_0.user_id,r1_0.role from user_roles r1_0 where r1_0.user_id=?
Hibernate: select r1_0.user_id,r1_0.role from user_roles r1_0 where r1_0.user_id=?
2026-05-28T19:52:37.987+03:30 DEBUG 9248 --- [blogApp] [nio-8080-exec-3] o.s.security.web.FilterChainProxy        : Secured GET /api/users/me
2026-05-28T19:52:37.987+03:30 DEBUG 9248 --- [blogApp] [nio-8080-exec-3] o.s.web.servlet.DispatcherServlet        : GET "/api/users/me", parameters={}
2026-05-28T19:52:37.987+03:30 DEBUG 9248 --- [blogApp] [nio-8080-exec-3] s.w.s.m.m.a.RequestMappingHandlerMapping : Mapped to com.mahdi.blogApp.feature.user.controller.UserController#getCurrentUser(Authentication)
2026-05-28T19:52:37.988+03:30 DEBUG 9248 --- [blogApp] [nio-8080-exec-3] o.j.s.OpenEntityManagerInViewInterceptor : Opening JPA EntityManager in OpenEntityManagerInViewInterceptor
2026-05-28T19:52:37.988+03:30 DEBUG 9248 --- [blogApp] [nio-8080-exec-3] horizationManagerBeforeMethodInterceptor : Authorizing method invocation ReflectiveMethodInvocation: public com.mahdi.blogApp.feature.user.model.UserModel com.mahdi.blogApp.feature.user.controller.UserController.getCurrentUser(org.springframework.security.core.Authentication); target is of class [com.mahdi.blogApp.feature.user.controller.UserController]
2026-05-28T19:52:37.992+03:30 DEBUG 9248 --- [blogApp] [nio-8080-exec-3] horizationManagerBeforeMethodInterceptor : Authorized method invocation ReflectiveMethodInvocation: public com.mahdi.blogApp.feature.user.model.UserModel com.mahdi.blogApp.feature.user.controller.UserController.getCurrentUser(org.springframework.security.core.Authentication); target is of class [com.mahdi.blogApp.feature.user.controller.UserController]
2026-05-28T19:52:37.993+03:30 DEBUG 9248 --- [blogApp] [nio-8080-exec-3] org.hibernate.SQL                        : select ue1_0.id,ue1_0.bio,ue1_0.created_at,ue1_0.email,ue1_0.enabled,ue1_0.password,ue1_0.profile_picture,ue1_0.updated_at,ue1_0.user_name from users ue1_0 where ue1_0.user_name=?
Hibernate: select ue1_0.id,ue1_0.bio,ue1_0.created_at,ue1_0.email,ue1_0.enabled,ue1_0.password,ue1_0.profile_picture,ue1_0.updated_at,ue1_0.user_name from users ue1_0 where ue1_0.user_name=?
2026-05-28T19:52:37.995+03:30 DEBUG 9248 --- [blogApp] [nio-8080-exec-3] org.hibernate.SQL                        : select r1_0.user_id,r1_0.role from user_roles r1_0 where r1_0.user_id=?
Hibernate: select r1_0.user_id,r1_0.role from user_roles r1_0 where r1_0.user_id=?
2026-05-28T19:52:38.001+03:30 DEBUG 9248 --- [blogApp] [nio-8080-exec-3] m.m.a.RequestResponseBodyMethodProcessor : Using 'application/json', given [*/*] and supported [application/json, application/*+json]
2026-05-28T19:52:38.005+03:30 DEBUG 9248 --- [blogApp] [nio-8080-exec-3] m.m.a.RequestResponseBodyMethodProcessor : Writing [UserModel(id=3, username=moein, password=null, email=mahdi@gmail.com, bio={<EOL>  "bio": "Hello, I am Ma (truncated)...]
2026-05-28T19:52:38.009+03:30 DEBUG 9248 --- [blogApp] [nio-8080-exec-3] o.j.s.OpenEntityManagerInViewInterceptor : Closing JPA EntityManager in OpenEntityManagerInViewInterceptor
2026-05-28T19:52:38.009+03:30 DEBUG 9248 --- [blogApp] [nio-8080-exec-3] o.s.web.servlet.DispatcherServlet        : Completed 200 OK
2026-05-28T19:52:38.037+03:30 DEBUG 9248 --- [blogApp] [nio-8080-exec-4] o.s.security.web.FilterChainProxy        : Securing GET /api/posts
2026-05-28T19:52:38.038+03:30 DEBUG 9248 --- [blogApp] [nio-8080-exec-4] o.s.s.w.a.AnonymousAuthenticationFilter  : Set SecurityContextHolder to anonymous SecurityContext
2026-05-28T19:52:38.038+03:30 DEBUG 9248 --- [blogApp] [nio-8080-exec-4] o.s.security.web.FilterChainProxy        : Secured GET /api/posts
2026-05-28T19:52:38.038+03:30 DEBUG 9248 --- [blogApp] [nio-8080-exec-6] o.s.security.web.FilterChainProxy        : Securing GET /api/posts
2026-05-28T19:52:38.038+03:30 DEBUG 9248 --- [blogApp] [nio-8080-exec-4] o.s.web.servlet.DispatcherServlet        : GET "/api/posts", parameters={}
2026-05-28T19:52:38.038+03:30 DEBUG 9248 --- [blogApp] [nio-8080-exec-4] s.w.s.m.m.a.RequestMappingHandlerMapping : Mapped to com.mahdi.blogApp.feature.post.controller.PostController#getAllPosts(Pageable)
2026-05-28T19:52:38.038+03:30 DEBUG 9248 --- [blogApp] [nio-8080-exec-4] o.j.s.OpenEntityManagerInViewInterceptor : Opening JPA EntityManager in OpenEntityManagerInViewInterceptor
2026-05-28T19:52:38.038+03:30 DEBUG 9248 --- [blogApp] [nio-8080-exec-6] o.s.s.w.a.AnonymousAuthenticationFilter  : Set SecurityContextHolder to anonymous SecurityContext
2026-05-28T19:52:38.038+03:30 DEBUG 9248 --- [blogApp] [nio-8080-exec-6] o.s.security.web.FilterChainProxy        : Secured GET /api/posts
2026-05-28T19:52:38.038+03:30 DEBUG 9248 --- [blogApp] [nio-8080-exec-6] o.s.web.servlet.DispatcherServlet        : GET "/api/posts", parameters={}
2026-05-28T19:52:38.038+03:30 DEBUG 9248 --- [blogApp] [nio-8080-exec-6] s.w.s.m.m.a.RequestMappingHandlerMapping : Mapped to com.mahdi.blogApp.feature.post.controller.PostController#getAllPosts(Pageable)
2026-05-28T19:52:38.038+03:30 DEBUG 9248 --- [blogApp] [nio-8080-exec-4] horizationManagerBeforeMethodInterceptor : Authorizing method invocation ReflectiveMethodInvocation: public org.springframework.http.ResponseEntity com.mahdi.blogApp.feature.post.controller.PostController.getAllPosts(org.springframework.data.domain.Pageable); target is of class [com.mahdi.blogApp.feature.post.controller.PostController]
2026-05-28T19:52:38.038+03:30 DEBUG 9248 --- [blogApp] [nio-8080-exec-6] o.j.s.OpenEntityManagerInViewInterceptor : Opening JPA EntityManager in OpenEntityManagerInViewInterceptor
2026-05-28T19:52:38.038+03:30 DEBUG 9248 --- [blogApp] [nio-8080-exec-4] horizationManagerBeforeMethodInterceptor : Authorized method invocation ReflectiveMethodInvocation: public org.springframework.http.ResponseEntity com.mahdi.blogApp.feature.post.controller.PostController.getAllPosts(org.springframework.data.domain.Pageable); target is of class [com.mahdi.blogApp.feature.post.controller.PostController]
2026-05-28T19:52:38.038+03:30 DEBUG 9248 --- [blogApp] [nio-8080-exec-6] horizationManagerBeforeMethodInterceptor : Authorizing method invocation ReflectiveMethodInvocation: public org.springframework.http.ResponseEntity com.mahdi.blogApp.feature.post.controller.PostController.getAllPosts(org.springframework.data.domain.Pageable); target is of class [com.mahdi.blogApp.feature.post.controller.PostController]
2026-05-28T19:52:38.039+03:30 DEBUG 9248 --- [blogApp] [nio-8080-exec-4] o.s.orm.jpa.JpaTransactionManager        : Found thread-bound EntityManager [SessionImpl(1462132540<open>)] for JPA transaction
2026-05-28T19:52:38.039+03:30 DEBUG 9248 --- [blogApp] [nio-8080-exec-4] o.s.orm.jpa.JpaTransactionManager        : Creating new transaction with name [org.springframework.data.jpa.repository.support.SimpleJpaRepository.findAll]: PROPAGATION_REQUIRED,ISOLATION_DEFAULT,readOnly
2026-05-28T19:52:38.039+03:30 DEBUG 9248 --- [blogApp] [nio-8080-exec-6] horizationManagerBeforeMethodInterceptor : Authorized method invocation ReflectiveMethodInvocation: public org.springframework.http.ResponseEntity com.mahdi.blogApp.feature.post.controller.PostController.getAllPosts(org.springframework.data.domain.Pageable); target is of class [com.mahdi.blogApp.feature.post.controller.PostController]
2026-05-28T19:52:38.039+03:30 DEBUG 9248 --- [blogApp] [nio-8080-exec-6] o.s.orm.jpa.JpaTransactionManager        : Found thread-bound EntityManager [SessionImpl(74334670<open>)] for JPA transaction
2026-05-28T19:52:38.039+03:30 DEBUG 9248 --- [blogApp] [nio-8080-exec-4] o.s.jdbc.datasource.DataSourceUtils      : Setting JDBC Connection [HikariProxyConnection@1748039041 wrapping org.postgresql.jdbc.PgConnection@77ff14ce] read-only
2026-05-28T19:52:38.039+03:30 DEBUG 9248 --- [blogApp] [nio-8080-exec-6] o.s.orm.jpa.JpaTransactionManager        : Creating new transaction with name [org.springframework.data.jpa.repository.support.SimpleJpaRepository.findAll]: PROPAGATION_REQUIRED,ISOLATION_DEFAULT,readOnly
2026-05-28T19:52:38.039+03:30 DEBUG 9248 --- [blogApp] [nio-8080-exec-4] o.s.orm.jpa.JpaTransactionManager        : Exposing JPA transaction as JDBC [org.springframework.orm.jpa.vendor.HibernateJpaDialect$HibernateConnectionHandle@6f6f0929]
2026-05-28T19:52:38.039+03:30 DEBUG 9248 --- [blogApp] [nio-8080-exec-6] o.s.jdbc.datasource.DataSourceUtils      : Setting JDBC Connection [HikariProxyConnection@178896691 wrapping org.postgresql.jdbc.PgConnection@e962abe] read-only
2026-05-28T19:52:38.040+03:30 DEBUG 9248 --- [blogApp] [nio-8080-exec-6] o.s.orm.jpa.JpaTransactionManager        : Exposing JPA transaction as JDBC [org.springframework.orm.jpa.vendor.HibernateJpaDialect$HibernateConnectionHandle@4b94b508]
2026-05-28T19:52:38.040+03:30 DEBUG 9248 --- [blogApp] [nio-8080-exec-4] org.hibernate.SQL                        : select pe1_0.id,pe1_0.author_id,pe1_0.content,pe1_0.created_at,pe1_0.title,pe1_0.updated_at from posts pe1_0 offset ? rows fetch first ? rows only
Hibernate: select pe1_0.id,pe1_0.author_id,pe1_0.content,pe1_0.created_at,pe1_0.title,pe1_0.updated_at from posts pe1_0 offset ? rows fetch first ? rows only
2026-05-28T19:52:38.040+03:30 DEBUG 9248 --- [blogApp] [nio-8080-exec-6] org.hibernate.SQL                        : select pe1_0.id,pe1_0.author_id,pe1_0.content,pe1_0.created_at,pe1_0.title,pe1_0.updated_at from posts pe1_0 offset ? rows fetch first ? rows only
Hibernate: select pe1_0.id,pe1_0.author_id,pe1_0.content,pe1_0.created_at,pe1_0.title,pe1_0.updated_at from posts pe1_0 offset ? rows fetch first ? rows only
2026-05-28T19:52:38.043+03:30 DEBUG 9248 --- [blogApp] [nio-8080-exec-4] o.s.orm.jpa.JpaTransactionManager        : Initiating transaction commit
2026-05-28T19:52:38.043+03:30 DEBUG 9248 --- [blogApp] [nio-8080-exec-4] o.s.orm.jpa.JpaTransactionManager        : Committing JPA transaction on EntityManager [SessionImpl(1462132540<open>)]
2026-05-28T19:52:38.043+03:30 DEBUG 9248 --- [blogApp] [nio-8080-exec-4] o.s.jdbc.datasource.DataSourceUtils      : Resetting read-only flag of JDBC Connection [HikariProxyConnection@1748039041 wrapping org.postgresql.jdbc.PgConnection@77ff14ce]
2026-05-28T19:52:38.043+03:30 DEBUG 9248 --- [blogApp] [nio-8080-exec-4] o.s.orm.jpa.JpaTransactionManager        : Not closing pre-bound JPA EntityManager after transaction
2026-05-28T19:52:38.044+03:30 DEBUG 9248 --- [blogApp] [nio-8080-exec-6] o.s.orm.jpa.JpaTransactionManager        : Initiating transaction commit
2026-05-28T19:52:38.044+03:30 DEBUG 9248 --- [blogApp] [nio-8080-exec-6] o.s.orm.jpa.JpaTransactionManager        : Committing JPA transaction on EntityManager [SessionImpl(74334670<open>)]
2026-05-28T19:52:38.044+03:30 DEBUG 9248 --- [blogApp] [nio-8080-exec-4] org.hibernate.SQL                        : select c1_0.post_id,c1_1.id,c1_1.created_at,c1_1.description,c1_1.name,c1_1.slug,c1_1.updated_at from post_categories c1_0 join categories c1_1 on c1_1.id=c1_0.category_id where c1_0.post_id=?
Hibernate: select c1_0.post_id,c1_1.id,c1_1.created_at,c1_1.description,c1_1.name,c1_1.slug,c1_1.updated_at from post_categories c1_0 join categories c1_1 on c1_1.id=c1_0.category_id where c1_0.post_id=?
2026-05-28T19:52:38.044+03:30 DEBUG 9248 --- [blogApp] [nio-8080-exec-6] o.s.jdbc.datasource.DataSourceUtils      : Resetting read-only flag of JDBC Connection [HikariProxyConnection@178896691 wrapping org.postgresql.jdbc.PgConnection@e962abe]
2026-05-28T19:52:38.044+03:30 DEBUG 9248 --- [blogApp] [nio-8080-exec-6] o.s.orm.jpa.JpaTransactionManager        : Not closing pre-bound JPA EntityManager after transaction
2026-05-28T19:52:38.044+03:30 DEBUG 9248 --- [blogApp] [nio-8080-exec-6] org.hibernate.SQL                        : select c1_0.post_id,c1_1.id,c1_1.created_at,c1_1.description,c1_1.name,c1_1.slug,c1_1.updated_at from post_categories c1_0 join categories c1_1 on c1_1.id=c1_0.category_id where c1_0.post_id=?
Hibernate: select c1_0.post_id,c1_1.id,c1_1.created_at,c1_1.description,c1_1.name,c1_1.slug,c1_1.updated_at from post_categories c1_0 join categories c1_1 on c1_1.id=c1_0.category_id where c1_0.post_id=?
2026-05-28T19:52:38.044+03:30 DEBUG 9248 --- [blogApp] [nio-8080-exec-4] org.hibernate.SQL                        : select c1_0.post_id,c1_1.id,c1_1.created_at,c1_1.description,c1_1.name,c1_1.slug,c1_1.updated_at from post_categories c1_0 join categories c1_1 on c1_1.id=c1_0.category_id where c1_0.post_id=?
Hibernate: select c1_0.post_id,c1_1.id,c1_1.created_at,c1_1.description,c1_1.name,c1_1.slug,c1_1.updated_at from post_categories c1_0 join categories c1_1 on c1_1.id=c1_0.category_id where c1_0.post_id=?
2026-05-28T19:52:38.044+03:30 DEBUG 9248 --- [blogApp] [nio-8080-exec-4] org.hibernate.SQL                        : select c1_0.post_id,c1_1.id,c1_1.created_at,c1_1.description,c1_1.name,c1_1.slug,c1_1.updated_at from post_categories c1_0 join categories c1_1 on c1_1.id=c1_0.category_id where c1_0.post_id=?
Hibernate: select c1_0.post_id,c1_1.id,c1_1.created_at,c1_1.description,c1_1.name,c1_1.slug,c1_1.updated_at from post_categories c1_0 join categories c1_1 on c1_1.id=c1_0.category_id where c1_0.post_id=?
2026-05-28T19:52:38.046+03:30 DEBUG 9248 --- [blogApp] [nio-8080-exec-4] org.hibernate.SQL                        : select c1_0.post_id,c1_1.id,c1_1.created_at,c1_1.description,c1_1.name,c1_1.slug,c1_1.updated_at from post_categories c1_0 join categories c1_1 on c1_1.id=c1_0.category_id where c1_0.post_id=?
Hibernate: select c1_0.post_id,c1_1.id,c1_1.created_at,c1_1.description,c1_1.name,c1_1.slug,c1_1.updated_at from post_categories c1_0 join categories c1_1 on c1_1.id=c1_0.category_id where c1_0.post_id=?
2026-05-28T19:52:38.046+03:30 DEBUG 9248 --- [blogApp] [nio-8080-exec-4] org.hibernate.SQL                        : select c1_0.post_id,c1_1.id,c1_1.created_at,c1_1.description,c1_1.name,c1_1.slug,c1_1.updated_at from post_categories c1_0 join categories c1_1 on c1_1.id=c1_0.category_id where c1_0.post_id=?
Hibernate: select c1_0.post_id,c1_1.id,c1_1.created_at,c1_1.description,c1_1.name,c1_1.slug,c1_1.updated_at from post_categories c1_0 join categories c1_1 on c1_1.id=c1_0.category_id where c1_0.post_id=?
2026-05-28T19:52:38.047+03:30 DEBUG 9248 --- [blogApp] [nio-8080-exec-4] org.hibernate.SQL                        : select c1_0.post_id,c1_1.id,c1_1.created_at,c1_1.description,c1_1.name,c1_1.slug,c1_1.updated_at from post_categories c1_0 join categories c1_1 on c1_1.id=c1_0.category_id where c1_0.post_id=?
Hibernate: select c1_0.post_id,c1_1.id,c1_1.created_at,c1_1.description,c1_1.name,c1_1.slug,c1_1.updated_at from post_categories c1_0 join categories c1_1 on c1_1.id=c1_0.category_id where c1_0.post_id=?
2026-05-28T19:52:38.047+03:30 DEBUG 9248 --- [blogApp] [nio-8080-exec-6] org.hibernate.SQL                        : select c1_0.post_id,c1_1.id,c1_1.created_at,c1_1.description,c1_1.name,c1_1.slug,c1_1.updated_at from post_categories c1_0 join categories c1_1 on c1_1.id=c1_0.category_id where c1_0.post_id=?
Hibernate: select c1_0.post_id,c1_1.id,c1_1.created_at,c1_1.description,c1_1.name,c1_1.slug,c1_1.updated_at from post_categories c1_0 join categories c1_1 on c1_1.id=c1_0.category_id where c1_0.post_id=?
2026-05-28T19:52:38.047+03:30 DEBUG 9248 --- [blogApp] [nio-8080-exec-4] org.hibernate.SQL                        : select c1_0.post_id,c1_1.id,c1_1.created_at,c1_1.description,c1_1.name,c1_1.slug,c1_1.updated_at from post_categories c1_0 join categories c1_1 on c1_1.id=c1_0.category_id where c1_0.post_id=?
Hibernate: select c1_0.post_id,c1_1.id,c1_1.created_at,c1_1.description,c1_1.name,c1_1.slug,c1_1.updated_at from post_categories c1_0 join categories c1_1 on c1_1.id=c1_0.category_id where c1_0.post_id=?
2026-05-28T19:52:38.047+03:30 DEBUG 9248 --- [blogApp] [nio-8080-exec-6] org.hibernate.SQL                        : select c1_0.post_id,c1_1.id,c1_1.created_at,c1_1.description,c1_1.name,c1_1.slug,c1_1.updated_at from post_categories c1_0 join categories c1_1 on c1_1.id=c1_0.category_id where c1_0.post_id=?
Hibernate: select c1_0.post_id,c1_1.id,c1_1.created_at,c1_1.description,c1_1.name,c1_1.slug,c1_1.updated_at from post_categories c1_0 join categories c1_1 on c1_1.id=c1_0.category_id where c1_0.post_id=?
2026-05-28T19:52:38.047+03:30 DEBUG 9248 --- [blogApp] [nio-8080-exec-4] o.s.w.s.m.m.a.HttpEntityMethodProcessor  : Using 'application/json', given [*/*] and supported [application/json, application/*+json]
2026-05-28T19:52:38.047+03:30 DEBUG 9248 --- [blogApp] [nio-8080-exec-4] o.s.w.s.m.m.a.HttpEntityMethodProcessor  : Writing [Page 1 of 1 containing com.mahdi.blogApp.feature.post.model.PostResponse instances]
2026-05-28T19:52:38.047+03:30 DEBUG 9248 --- [blogApp] [nio-8080-exec-6] org.hibernate.SQL                        : select c1_0.post_id,c1_1.id,c1_1.created_at,c1_1.description,c1_1.name,c1_1.slug,c1_1.updated_at from post_categories c1_0 join categories c1_1 on c1_1.id=c1_0.category_id where c1_0.post_id=?
Hibernate: select c1_0.post_id,c1_1.id,c1_1.created_at,c1_1.description,c1_1.name,c1_1.slug,c1_1.updated_at from post_categories c1_0 join categories c1_1 on c1_1.id=c1_0.category_id where c1_0.post_id=?
2026-05-28T19:52:38.048+03:30 DEBUG 9248 --- [blogApp] [nio-8080-exec-6] org.hibernate.SQL                        : select c1_0.post_id,c1_1.id,c1_1.created_at,c1_1.description,c1_1.name,c1_1.slug,c1_1.updated_at from post_categories c1_0 join categories c1_1 on c1_1.id=c1_0.category_id where c1_0.post_id=?
Hibernate: select c1_0.post_id,c1_1.id,c1_1.created_at,c1_1.description,c1_1.name,c1_1.slug,c1_1.updated_at from post_categories c1_0 join categories c1_1 on c1_1.id=c1_0.category_id where c1_0.post_id=?
2026-05-28T19:52:38.049+03:30 DEBUG 9248 --- [blogApp] [nio-8080-exec-4] o.j.s.OpenEntityManagerInViewInterceptor : Closing JPA EntityManager in OpenEntityManagerInViewInterceptor
2026-05-28T19:52:38.049+03:30 DEBUG 9248 --- [blogApp] [nio-8080-exec-6] org.hibernate.SQL                        : select c1_0.post_id,c1_1.id,c1_1.created_at,c1_1.description,c1_1.name,c1_1.slug,c1_1.updated_at from post_categories c1_0 join categories c1_1 on c1_1.id=c1_0.category_id where c1_0.post_id=?
Hibernate: select c1_0.post_id,c1_1.id,c1_1.created_at,c1_1.description,c1_1.name,c1_1.slug,c1_1.updated_at from post_categories c1_0 join categories c1_1 on c1_1.id=c1_0.category_id where c1_0.post_id=?
2026-05-28T19:52:38.049+03:30 DEBUG 9248 --- [blogApp] [nio-8080-exec-4] o.s.web.servlet.DispatcherServlet        : Completed 200 OK
2026-05-28T19:52:38.049+03:30 DEBUG 9248 --- [blogApp] [nio-8080-exec-6] org.hibernate.SQL                        : select c1_0.post_id,c1_1.id,c1_1.created_at,c1_1.description,c1_1.name,c1_1.slug,c1_1.updated_at from post_categories c1_0 join categories c1_1 on c1_1.id=c1_0.category_id where c1_0.post_id=?
Hibernate: select c1_0.post_id,c1_1.id,c1_1.created_at,c1_1.description,c1_1.name,c1_1.slug,c1_1.updated_at from post_categories c1_0 join categories c1_1 on c1_1.id=c1_0.category_id where c1_0.post_id=?
2026-05-28T19:52:38.051+03:30 DEBUG 9248 --- [blogApp] [nio-8080-exec-6] o.s.w.s.m.m.a.HttpEntityMethodProcessor  : Using 'application/json', given [*/*] and supported [application/json, application/*+json]
2026-05-28T19:52:38.051+03:30 DEBUG 9248 --- [blogApp] [nio-8080-exec-6] o.s.w.s.m.m.a.HttpEntityMethodProcessor  : Writing [Page 1 of 1 containing com.mahdi.blogApp.feature.post.model.PostResponse instances]
2026-05-28T19:52:38.052+03:30 DEBUG 9248 --- [blogApp] [nio-8080-exec-6] o.j.s.OpenEntityManagerInViewInterceptor : Closing JPA EntityManager in OpenEntityManagerInViewInterceptor
2026-05-28T19:52:38.052+03:30 DEBUG 9248 --- [blogApp] [nio-8080-exec-6] o.s.web.servlet.DispatcherServlet        : Completed 200 OK
2026-05-28T19:52:59.309+03:30 DEBUG 9248 --- [blogApp] [nio-8080-exec-5] o.s.security.web.FilterChainProxy        : Securing OPTIONS /api/categories
2026-05-28T19:52:59.309+03:30 DEBUG 9248 --- [blogApp] [nio-8080-exec-7] o.s.security.web.FilterChainProxy        : Securing GET /api/categories
2026-05-28T19:52:59.313+03:30 DEBUG 9248 --- [blogApp] [nio-8080-exec-7] tor$SharedEntityManagerInvocationHandler : Creating new EntityManager for shared EntityManager invocation
2026-05-28T19:52:59.315+03:30 DEBUG 9248 --- [blogApp] [nio-8080-exec-7] org.hibernate.SQL                        : select ue1_0.id,ue1_0.bio,ue1_0.created_at,ue1_0.email,ue1_0.enabled,ue1_0.password,ue1_0.profile_picture,ue1_0.updated_at,ue1_0.user_name from users ue1_0 where ue1_0.user_name=?
Hibernate: select ue1_0.id,ue1_0.bio,ue1_0.created_at,ue1_0.email,ue1_0.enabled,ue1_0.password,ue1_0.profile_picture,ue1_0.updated_at,ue1_0.user_name from users ue1_0 where ue1_0.user_name=?
2026-05-28T19:52:59.318+03:30 DEBUG 9248 --- [blogApp] [nio-8080-exec-7] org.hibernate.SQL                        : select r1_0.user_id,r1_0.role from user_roles r1_0 where r1_0.user_id=?
Hibernate: select r1_0.user_id,r1_0.role from user_roles r1_0 where r1_0.user_id=?
2026-05-28T19:52:59.320+03:30 DEBUG 9248 --- [blogApp] [nio-8080-exec-7] o.s.security.web.FilterChainProxy        : Secured GET /api/categories
2026-05-28T19:52:59.320+03:30 DEBUG 9248 --- [blogApp] [nio-8080-exec-7] o.s.web.servlet.DispatcherServlet        : GET "/api/categories", parameters={}
2026-05-28T19:52:59.320+03:30 DEBUG 9248 --- [blogApp] [nio-8080-exec-7] s.w.s.m.m.a.RequestMappingHandlerMapping : Mapped to com.mahdi.blogApp.feature.category.controller.CategoryController#getAll()
2026-05-28T19:52:59.320+03:30 DEBUG 9248 --- [blogApp] [nio-8080-exec-7] o.j.s.OpenEntityManagerInViewInterceptor : Opening JPA EntityManager in OpenEntityManagerInViewInterceptor
2026-05-28T19:52:59.320+03:30 DEBUG 9248 --- [blogApp] [nio-8080-exec-7] o.s.orm.jpa.JpaTransactionManager        : Found thread-bound EntityManager [SessionImpl(1974442948<open>)] for JPA transaction
2026-05-28T19:52:59.320+03:30 DEBUG 9248 --- [blogApp] [nio-8080-exec-7] o.s.orm.jpa.JpaTransactionManager        : Creating new transaction with name [org.springframework.data.jpa.repository.support.SimpleJpaRepository.findAll]: PROPAGATION_REQUIRED,ISOLATION_DEFAULT,readOnly
2026-05-28T19:52:59.320+03:30 DEBUG 9248 --- [blogApp] [nio-8080-exec-7] o.s.jdbc.datasource.DataSourceUtils      : Setting JDBC Connection [HikariProxyConnection@820805499 wrapping org.postgresql.jdbc.PgConnection@77ff14ce] read-only
2026-05-28T19:52:59.320+03:30 DEBUG 9248 --- [blogApp] [nio-8080-exec-7] o.s.orm.jpa.JpaTransactionManager        : Exposing JPA transaction as JDBC [org.springframework.orm.jpa.vendor.HibernateJpaDialect$HibernateConnectionHandle@2926541e]
2026-05-28T19:52:59.322+03:30 DEBUG 9248 --- [blogApp] [nio-8080-exec-7] org.hibernate.SQL                        : select ce1_0.id,ce1_0.created_at,ce1_0.description,ce1_0.name,ce1_0.slug,ce1_0.updated_at from categories ce1_0
Hibernate: select ce1_0.id,ce1_0.created_at,ce1_0.description,ce1_0.name,ce1_0.slug,ce1_0.updated_at from categories ce1_0
2026-05-28T19:52:59.322+03:30 DEBUG 9248 --- [blogApp] [nio-8080-exec-7] o.s.orm.jpa.JpaTransactionManager        : Initiating transaction commit
2026-05-28T19:52:59.322+03:30 DEBUG 9248 --- [blogApp] [nio-8080-exec-7] o.s.orm.jpa.JpaTransactionManager        : Committing JPA transaction on EntityManager [SessionImpl(1974442948<open>)]
2026-05-28T19:52:59.322+03:30 DEBUG 9248 --- [blogApp] [nio-8080-exec-7] o.s.jdbc.datasource.DataSourceUtils      : Resetting read-only flag of JDBC Connection [HikariProxyConnection@820805499 wrapping org.postgresql.jdbc.PgConnection@77ff14ce]
2026-05-28T19:52:59.322+03:30 DEBUG 9248 --- [blogApp] [nio-8080-exec-7] o.s.orm.jpa.JpaTransactionManager        : Not closing pre-bound JPA EntityManager after transaction
2026-05-28T19:52:59.322+03:30 DEBUG 9248 --- [blogApp] [nio-8080-exec-7] m.m.a.RequestResponseBodyMethodProcessor : Using 'application/json', given [*/*] and supported [application/json, application/*+json]
2026-05-28T19:52:59.322+03:30 DEBUG 9248 --- [blogApp] [nio-8080-exec-7] m.m.a.RequestResponseBodyMethodProcessor : Writing [[]]
2026-05-28T19:52:59.330+03:30 DEBUG 9248 --- [blogApp] [nio-8080-exec-7] o.j.s.OpenEntityManagerInViewInterceptor : Closing JPA EntityManager in OpenEntityManagerInViewInterceptor
2026-05-28T19:52:59.331+03:30 DEBUG 9248 --- [blogApp] [nio-8080-exec-7] o.s.web.servlet.DispatcherServlet        : Completed 200 OK
2026-05-28T19:52:59.331+03:30 DEBUG 9248 --- [blogApp] [nio-8080-exec-8] o.s.security.web.FilterChainProxy        : Securing GET /api/categories
2026-05-28T19:52:59.331+03:30 DEBUG 9248 --- [blogApp] [nio-8080-exec-8] tor$SharedEntityManagerInvocationHandler : Creating new EntityManager for shared EntityManager invocation
2026-05-28T19:52:59.331+03:30 DEBUG 9248 --- [blogApp] [nio-8080-exec-8] org.hibernate.SQL                        : select ue1_0.id,ue1_0.bio,ue1_0.created_at,ue1_0.email,ue1_0.enabled,ue1_0.password,ue1_0.profile_picture,ue1_0.updated_at,ue1_0.user_name from users ue1_0 where ue1_0.user_name=?
Hibernate: select ue1_0.id,ue1_0.bio,ue1_0.created_at,ue1_0.email,ue1_0.enabled,ue1_0.password,ue1_0.profile_picture,ue1_0.updated_at,ue1_0.user_name from users ue1_0 where ue1_0.user_name=?
2026-05-28T19:52:59.336+03:30 DEBUG 9248 --- [blogApp] [nio-8080-exec-8] org.hibernate.SQL                        : select r1_0.user_id,r1_0.role from user_roles r1_0 where r1_0.user_id=?
Hibernate: select r1_0.user_id,r1_0.role from user_roles r1_0 where r1_0.user_id=?
2026-05-28T19:52:59.340+03:30 DEBUG 9248 --- [blogApp] [nio-8080-exec-8] o.s.security.web.FilterChainProxy        : Secured GET /api/categories
2026-05-28T19:52:59.340+03:30 DEBUG 9248 --- [blogApp] [nio-8080-exec-8] o.s.web.servlet.DispatcherServlet        : GET "/api/categories", parameters={}
2026-05-28T19:52:59.340+03:30 DEBUG 9248 --- [blogApp] [nio-8080-exec-8] s.w.s.m.m.a.RequestMappingHandlerMapping : Mapped to com.mahdi.blogApp.feature.category.controller.CategoryController#getAll()
2026-05-28T19:52:59.340+03:30 DEBUG 9248 --- [blogApp] [nio-8080-exec-8] o.j.s.OpenEntityManagerInViewInterceptor : Opening JPA EntityManager in OpenEntityManagerInViewInterceptor
2026-05-28T19:52:59.341+03:30 DEBUG 9248 --- [blogApp] [nio-8080-exec-8] o.s.orm.jpa.JpaTransactionManager        : Found thread-bound EntityManager [SessionImpl(2119556079<open>)] for JPA transaction
2026-05-28T19:52:59.341+03:30 DEBUG 9248 --- [blogApp] [nio-8080-exec-8] o.s.orm.jpa.JpaTransactionManager        : Creating new transaction with name [org.springframework.data.jpa.repository.support.SimpleJpaRepository.findAll]: PROPAGATION_REQUIRED,ISOLATION_DEFAULT,readOnly
2026-05-28T19:52:59.341+03:30 DEBUG 9248 --- [blogApp] [nio-8080-exec-8] o.s.jdbc.datasource.DataSourceUtils      : Setting JDBC Connection [HikariProxyConnection@706241014 wrapping org.postgresql.jdbc.PgConnection@77ff14ce] read-only
2026-05-28T19:52:59.341+03:30 DEBUG 9248 --- [blogApp] [nio-8080-exec-8] o.s.orm.jpa.JpaTransactionManager        : Exposing JPA transaction as JDBC [org.springframework.orm.jpa.vendor.HibernateJpaDialect$HibernateConnectionHandle@78fffc91]
2026-05-28T19:52:59.343+03:30 DEBUG 9248 --- [blogApp] [nio-8080-exec-8] org.hibernate.SQL                        : select ce1_0.id,ce1_0.created_at,ce1_0.description,ce1_0.name,ce1_0.slug,ce1_0.updated_at from categories ce1_0
Hibernate: select ce1_0.id,ce1_0.created_at,ce1_0.description,ce1_0.name,ce1_0.slug,ce1_0.updated_at from categories ce1_0
2026-05-28T19:52:59.345+03:30 DEBUG 9248 --- [blogApp] [nio-8080-exec-8] o.s.orm.jpa.JpaTransactionManager        : Initiating transaction commit
2026-05-28T19:52:59.345+03:30 DEBUG 9248 --- [blogApp] [nio-8080-exec-8] o.s.orm.jpa.JpaTransactionManager        : Committing JPA transaction on EntityManager [SessionImpl(2119556079<open>)]
2026-05-28T19:52:59.345+03:30 DEBUG 9248 --- [blogApp] [nio-8080-exec-8] o.s.jdbc.datasource.DataSourceUtils      : Resetting read-only flag of JDBC Connection [HikariProxyConnection@706241014 wrapping org.postgresql.jdbc.PgConnection@77ff14ce]
2026-05-28T19:52:59.345+03:30 DEBUG 9248 --- [blogApp] [nio-8080-exec-8] o.s.orm.jpa.JpaTransactionManager        : Not closing pre-bound JPA EntityManager after transaction
2026-05-28T19:52:59.345+03:30 DEBUG 9248 --- [blogApp] [nio-8080-exec-8] m.m.a.RequestResponseBodyMethodProcessor : Using 'application/json', given [*/*] and supported [application/json, application/*+json]
2026-05-28T19:52:59.345+03:30 DEBUG 9248 --- [blogApp] [nio-8080-exec-8] m.m.a.RequestResponseBodyMethodProcessor : Writing [[]]
2026-05-28T19:52:59.347+03:30 DEBUG 9248 --- [blogApp] [nio-8080-exec-8] o.j.s.OpenEntityManagerInViewInterceptor : Closing JPA EntityManager in OpenEntityManagerInViewInterceptor
2026-05-28T19:52:59.347+03:30 DEBUG 9248 --- [blogApp] [nio-8080-exec-8] o.s.web.servlet.DispatcherServlet        : Completed 200 OK
2026-05-28T19:53:25.404+03:30 DEBUG 9248 --- [blogApp] [io-8080-exec-10] o.s.security.web.FilterChainProxy        : Securing GET /api/posts
2026-05-28T19:53:25.406+03:30 DEBUG 9248 --- [blogApp] [io-8080-exec-10] o.s.s.w.a.AnonymousAuthenticationFilter  : Set SecurityContextHolder to anonymous SecurityContext
2026-05-28T19:53:25.407+03:30 DEBUG 9248 --- [blogApp] [io-8080-exec-10] o.s.security.web.FilterChainProxy        : Secured GET /api/posts
2026-05-28T19:53:25.407+03:30 DEBUG 9248 --- [blogApp] [io-8080-exec-10] o.s.web.servlet.DispatcherServlet        : GET "/api/posts", parameters={}
2026-05-28T19:53:25.414+03:30 DEBUG 9248 --- [blogApp] [io-8080-exec-10] s.w.s.m.m.a.RequestMappingHandlerMapping : Mapped to com.mahdi.blogApp.feature.post.controller.PostController#getAllPosts(Pageable)
2026-05-28T19:53:25.414+03:30 DEBUG 9248 --- [blogApp] [nio-8080-exec-9] o.s.security.web.FilterChainProxy        : Securing GET /api/posts
2026-05-28T19:53:25.414+03:30 DEBUG 9248 --- [blogApp] [io-8080-exec-10] o.j.s.OpenEntityManagerInViewInterceptor : Opening JPA EntityManager in OpenEntityManagerInViewInterceptor
2026-05-28T19:53:25.414+03:30 DEBUG 9248 --- [blogApp] [nio-8080-exec-9] o.s.s.w.a.AnonymousAuthenticationFilter  : Set SecurityContextHolder to anonymous SecurityContext
2026-05-28T19:53:25.414+03:30 DEBUG 9248 --- [blogApp] [nio-8080-exec-9] o.s.security.web.FilterChainProxy        : Secured GET /api/posts
2026-05-28T19:53:25.414+03:30 DEBUG 9248 --- [blogApp] [nio-8080-exec-9] o.s.web.servlet.DispatcherServlet        : GET "/api/posts", parameters={}
2026-05-28T19:53:25.414+03:30 DEBUG 9248 --- [blogApp] [nio-8080-exec-9] s.w.s.m.m.a.RequestMappingHandlerMapping : Mapped to com.mahdi.blogApp.feature.post.controller.PostController#getAllPosts(Pageable)
2026-05-28T19:53:25.414+03:30 DEBUG 9248 --- [blogApp] [io-8080-exec-10] horizationManagerBeforeMethodInterceptor : Authorizing method invocation ReflectiveMethodInvocation: public org.springframework.http.ResponseEntity com.mahdi.blogApp.feature.post.controller.PostController.getAllPosts(org.springframework.data.domain.Pageable); target is of class [com.mahdi.blogApp.feature.post.controller.PostController]
2026-05-28T19:53:25.414+03:30 DEBUG 9248 --- [blogApp] [nio-8080-exec-9] o.j.s.OpenEntityManagerInViewInterceptor : Opening JPA EntityManager in OpenEntityManagerInViewInterceptor
2026-05-28T19:53:25.414+03:30 DEBUG 9248 --- [blogApp] [io-8080-exec-10] horizationManagerBeforeMethodInterceptor : Authorized method invocation ReflectiveMethodInvocation: public org.springframework.http.ResponseEntity com.mahdi.blogApp.feature.post.controller.PostController.getAllPosts(org.springframework.data.domain.Pageable); target is of class [com.mahdi.blogApp.feature.post.controller.PostController]
2026-05-28T19:53:25.414+03:30 DEBUG 9248 --- [blogApp] [nio-8080-exec-9] horizationManagerBeforeMethodInterceptor : Authorizing method invocation ReflectiveMethodInvocation: public org.springframework.http.ResponseEntity com.mahdi.blogApp.feature.post.controller.PostController.getAllPosts(org.springframework.data.domain.Pageable); target is of class [com.mahdi.blogApp.feature.post.controller.PostController]
2026-05-28T19:53:25.414+03:30 DEBUG 9248 --- [blogApp] [io-8080-exec-10] o.s.orm.jpa.JpaTransactionManager        : Found thread-bound EntityManager [SessionImpl(2064841470<open>)] for JPA transaction
2026-05-28T19:53:25.414+03:30 DEBUG 9248 --- [blogApp] [nio-8080-exec-9] horizationManagerBeforeMethodInterceptor : Authorized method invocation ReflectiveMethodInvocation: public org.springframework.http.ResponseEntity com.mahdi.blogApp.feature.post.controller.PostController.getAllPosts(org.springframework.data.domain.Pageable); target is of class [com.mahdi.blogApp.feature.post.controller.PostController]
2026-05-28T19:53:25.414+03:30 DEBUG 9248 --- [blogApp] [io-8080-exec-10] o.s.orm.jpa.JpaTransactionManager        : Creating new transaction with name [org.springframework.data.jpa.repository.support.SimpleJpaRepository.findAll]: PROPAGATION_REQUIRED,ISOLATION_DEFAULT,readOnly
2026-05-28T19:53:25.414+03:30 DEBUG 9248 --- [blogApp] [nio-8080-exec-9] o.s.orm.jpa.JpaTransactionManager        : Found thread-bound EntityManager [SessionImpl(323147642<open>)] for JPA transaction
2026-05-28T19:53:25.414+03:30 DEBUG 9248 --- [blogApp] [nio-8080-exec-9] o.s.orm.jpa.JpaTransactionManager        : Creating new transaction with name [org.springframework.data.jpa.repository.support.SimpleJpaRepository.findAll]: PROPAGATION_REQUIRED,ISOLATION_DEFAULT,readOnly
2026-05-28T19:53:25.414+03:30 DEBUG 9248 --- [blogApp] [io-8080-exec-10] o.s.jdbc.datasource.DataSourceUtils      : Setting JDBC Connection [HikariProxyConnection@2005329463 wrapping org.postgresql.jdbc.PgConnection@77ff14ce] read-only
2026-05-28T19:53:25.414+03:30 DEBUG 9248 --- [blogApp] [nio-8080-exec-9] o.s.jdbc.datasource.DataSourceUtils      : Setting JDBC Connection [HikariProxyConnection@1802577089 wrapping org.postgresql.jdbc.PgConnection@e962abe] read-only
2026-05-28T19:53:25.414+03:30 DEBUG 9248 --- [blogApp] [io-8080-exec-10] o.s.orm.jpa.JpaTransactionManager        : Exposing JPA transaction as JDBC [org.springframework.orm.jpa.vendor.HibernateJpaDialect$HibernateConnectionHandle@b08c110]
2026-05-28T19:53:25.414+03:30 DEBUG 9248 --- [blogApp] [nio-8080-exec-9] o.s.orm.jpa.JpaTransactionManager        : Exposing JPA transaction as JDBC [org.springframework.orm.jpa.vendor.HibernateJpaDialect$HibernateConnectionHandle@6bb8d5d0]
2026-05-28T19:53:25.424+03:30 DEBUG 9248 --- [blogApp] [io-8080-exec-10] org.hibernate.SQL                        : select pe1_0.id,pe1_0.author_id,pe1_0.content,pe1_0.created_at,pe1_0.title,pe1_0.updated_at from posts pe1_0 offset ? rows fetch first ? rows only
Hibernate: select pe1_0.id,pe1_0.author_id,pe1_0.content,pe1_0.created_at,pe1_0.title,pe1_0.updated_at from posts pe1_0 offset ? rows fetch first ? rows only
2026-05-28T19:53:25.424+03:30 DEBUG 9248 --- [blogApp] [nio-8080-exec-9] org.hibernate.SQL                        : select pe1_0.id,pe1_0.author_id,pe1_0.content,pe1_0.created_at,pe1_0.title,pe1_0.updated_at from posts pe1_0 offset ? rows fetch first ? rows only
Hibernate: select pe1_0.id,pe1_0.author_id,pe1_0.content,pe1_0.created_at,pe1_0.title,pe1_0.updated_at from posts pe1_0 offset ? rows fetch first ? rows only
2026-05-28T19:53:25.428+03:30 DEBUG 9248 --- [blogApp] [io-8080-exec-10] o.s.orm.jpa.JpaTransactionManager        : Initiating transaction commit
2026-05-28T19:53:25.428+03:30 DEBUG 9248 --- [blogApp] [nio-8080-exec-9] o.s.orm.jpa.JpaTransactionManager        : Initiating transaction commit
2026-05-28T19:53:25.428+03:30 DEBUG 9248 --- [blogApp] [io-8080-exec-10] o.s.orm.jpa.JpaTransactionManager        : Committing JPA transaction on EntityManager [SessionImpl(2064841470<open>)]
2026-05-28T19:53:25.428+03:30 DEBUG 9248 --- [blogApp] [nio-8080-exec-9] o.s.orm.jpa.JpaTransactionManager        : Committing JPA transaction on EntityManager [SessionImpl(323147642<open>)]
2026-05-28T19:53:25.428+03:30 DEBUG 9248 --- [blogApp] [io-8080-exec-10] o.s.jdbc.datasource.DataSourceUtils      : Resetting read-only flag of JDBC Connection [HikariProxyConnection@2005329463 wrapping org.postgresql.jdbc.PgConnection@77ff14ce]
2026-05-28T19:53:25.428+03:30 DEBUG 9248 --- [blogApp] [nio-8080-exec-9] o.s.jdbc.datasource.DataSourceUtils      : Resetting read-only flag of JDBC Connection [HikariProxyConnection@1802577089 wrapping org.postgresql.jdbc.PgConnection@e962abe]
2026-05-28T19:53:25.428+03:30 DEBUG 9248 --- [blogApp] [io-8080-exec-10] o.s.orm.jpa.JpaTransactionManager        : Not closing pre-bound JPA EntityManager after transaction
2026-05-28T19:53:25.428+03:30 DEBUG 9248 --- [blogApp] [nio-8080-exec-9] o.s.orm.jpa.JpaTransactionManager        : Not closing pre-bound JPA EntityManager after transaction
2026-05-28T19:53:25.428+03:30 DEBUG 9248 --- [blogApp] [nio-8080-exec-9] org.hibernate.SQL                        : select c1_0.post_id,c1_1.id,c1_1.created_at,c1_1.description,c1_1.name,c1_1.slug,c1_1.updated_at from post_categories c1_0 join categories c1_1 on c1_1.id=c1_0.category_id where c1_0.post_id=?
2026-05-28T19:53:25.428+03:30 DEBUG 9248 --- [blogApp] [io-8080-exec-10] org.hibernate.SQL                        : select c1_0.post_id,c1_1.id,c1_1.created_at,c1_1.description,c1_1.name,c1_1.slug,c1_1.updated_at from post_categories c1_0 join categories c1_1 on c1_1.id=c1_0.category_id where c1_0.post_id=?
Hibernate: select c1_0.post_id,c1_1.id,c1_1.created_at,c1_1.description,c1_1.name,c1_1.slug,c1_1.updated_at from post_categories c1_0 join categories c1_1 on c1_1.id=c1_0.category_id where c1_0.post_id=?
Hibernate: select c1_0.post_id,c1_1.id,c1_1.created_at,c1_1.description,c1_1.name,c1_1.slug,c1_1.updated_at from post_categories c1_0 join categories c1_1 on c1_1.id=c1_0.category_id where c1_0.post_id=?
2026-05-28T19:53:25.428+03:30 DEBUG 9248 --- [blogApp] [io-8080-exec-10] org.hibernate.SQL                        : select c1_0.post_id,c1_1.id,c1_1.created_at,c1_1.description,c1_1.name,c1_1.slug,c1_1.updated_at from post_categories c1_0 join categories c1_1 on c1_1.id=c1_0.category_id where c1_0.post_id=?
Hibernate: select c1_0.post_id,c1_1.id,c1_1.created_at,c1_1.description,c1_1.name,c1_1.slug,c1_1.updated_at from post_categories c1_0 join categories c1_1 on c1_1.id=c1_0.category_id where c1_0.post_id=?
2026-05-28T19:53:25.428+03:30 DEBUG 9248 --- [blogApp] [nio-8080-exec-9] org.hibernate.SQL                        : select c1_0.post_id,c1_1.id,c1_1.created_at,c1_1.description,c1_1.name,c1_1.slug,c1_1.updated_at from post_categories c1_0 join categories c1_1 on c1_1.id=c1_0.category_id where c1_0.post_id=?
Hibernate: select c1_0.post_id,c1_1.id,c1_1.created_at,c1_1.description,c1_1.name,c1_1.slug,c1_1.updated_at from post_categories c1_0 join categories c1_1 on c1_1.id=c1_0.category_id where c1_0.post_id=?
2026-05-28T19:53:25.428+03:30 DEBUG 9248 --- [blogApp] [io-8080-exec-10] org.hibernate.SQL                        : select c1_0.post_id,c1_1.id,c1_1.created_at,c1_1.description,c1_1.name,c1_1.slug,c1_1.updated_at from post_categories c1_0 join categories c1_1 on c1_1.id=c1_0.category_id where c1_0.post_id=?
Hibernate: select c1_0.post_id,c1_1.id,c1_1.created_at,c1_1.description,c1_1.name,c1_1.slug,c1_1.updated_at from post_categories c1_0 join categories c1_1 on c1_1.id=c1_0.category_id where c1_0.post_id=?
2026-05-28T19:53:25.428+03:30 DEBUG 9248 --- [blogApp] [nio-8080-exec-9] org.hibernate.SQL                        : select c1_0.post_id,c1_1.id,c1_1.created_at,c1_1.description,c1_1.name,c1_1.slug,c1_1.updated_at from post_categories c1_0 join categories c1_1 on c1_1.id=c1_0.category_id where c1_0.post_id=?
Hibernate: select c1_0.post_id,c1_1.id,c1_1.created_at,c1_1.description,c1_1.name,c1_1.slug,c1_1.updated_at from post_categories c1_0 join categories c1_1 on c1_1.id=c1_0.category_id where c1_0.post_id=?
2026-05-28T19:53:25.428+03:30 DEBUG 9248 --- [blogApp] [io-8080-exec-10] org.hibernate.SQL                        : select c1_0.post_id,c1_1.id,c1_1.created_at,c1_1.description,c1_1.name,c1_1.slug,c1_1.updated_at from post_categories c1_0 join categories c1_1 on c1_1.id=c1_0.category_id where c1_0.post_id=?
Hibernate: select c1_0.post_id,c1_1.id,c1_1.created_at,c1_1.description,c1_1.name,c1_1.slug,c1_1.updated_at from post_categories c1_0 join categories c1_1 on c1_1.id=c1_0.category_id where c1_0.post_id=?
2026-05-28T19:53:25.428+03:30 DEBUG 9248 --- [blogApp] [nio-8080-exec-9] org.hibernate.SQL                        : select c1_0.post_id,c1_1.id,c1_1.created_at,c1_1.description,c1_1.name,c1_1.slug,c1_1.updated_at from post_categories c1_0 join categories c1_1 on c1_1.id=c1_0.category_id where c1_0.post_id=?
Hibernate: select c1_0.post_id,c1_1.id,c1_1.created_at,c1_1.description,c1_1.name,c1_1.slug,c1_1.updated_at from post_categories c1_0 join categories c1_1 on c1_1.id=c1_0.category_id where c1_0.post_id=?
2026-05-28T19:53:25.428+03:30 DEBUG 9248 --- [blogApp] [io-8080-exec-10] org.hibernate.SQL                        : select c1_0.post_id,c1_1.id,c1_1.created_at,c1_1.description,c1_1.name,c1_1.slug,c1_1.updated_at from post_categories c1_0 join categories c1_1 on c1_1.id=c1_0.category_id where c1_0.post_id=?
Hibernate: select c1_0.post_id,c1_1.id,c1_1.created_at,c1_1.description,c1_1.name,c1_1.slug,c1_1.updated_at from post_categories c1_0 join categories c1_1 on c1_1.id=c1_0.category_id where c1_0.post_id=?
2026-05-28T19:53:25.428+03:30 DEBUG 9248 --- [blogApp] [nio-8080-exec-9] org.hibernate.SQL                        : select c1_0.post_id,c1_1.id,c1_1.created_at,c1_1.description,c1_1.name,c1_1.slug,c1_1.updated_at from post_categories c1_0 join categories c1_1 on c1_1.id=c1_0.category_id where c1_0.post_id=?
Hibernate: select c1_0.post_id,c1_1.id,c1_1.created_at,c1_1.description,c1_1.name,c1_1.slug,c1_1.updated_at from post_categories c1_0 join categories c1_1 on c1_1.id=c1_0.category_id where c1_0.post_id=?
2026-05-28T19:53:25.428+03:30 DEBUG 9248 --- [blogApp] [io-8080-exec-10] org.hibernate.SQL                        : select c1_0.post_id,c1_1.id,c1_1.created_at,c1_1.description,c1_1.name,c1_1.slug,c1_1.updated_at from post_categories c1_0 join categories c1_1 on c1_1.id=c1_0.category_id where c1_0.post_id=?
Hibernate: select c1_0.post_id,c1_1.id,c1_1.created_at,c1_1.description,c1_1.name,c1_1.slug,c1_1.updated_at from post_categories c1_0 join categories c1_1 on c1_1.id=c1_0.category_id where c1_0.post_id=?
2026-05-28T19:53:25.428+03:30 DEBUG 9248 --- [blogApp] [nio-8080-exec-9] org.hibernate.SQL                        : select c1_0.post_id,c1_1.id,c1_1.created_at,c1_1.description,c1_1.name,c1_1.slug,c1_1.updated_at from post_categories c1_0 join categories c1_1 on c1_1.id=c1_0.category_id where c1_0.post_id=?
Hibernate: select c1_0.post_id,c1_1.id,c1_1.created_at,c1_1.description,c1_1.name,c1_1.slug,c1_1.updated_at from post_categories c1_0 join categories c1_1 on c1_1.id=c1_0.category_id where c1_0.post_id=?
2026-05-28T19:53:25.428+03:30 DEBUG 9248 --- [blogApp] [io-8080-exec-10] org.hibernate.SQL                        : select c1_0.post_id,c1_1.id,c1_1.created_at,c1_1.description,c1_1.name,c1_1.slug,c1_1.updated_at from post_categories c1_0 join categories c1_1 on c1_1.id=c1_0.category_id where c1_0.post_id=?
Hibernate: select c1_0.post_id,c1_1.id,c1_1.created_at,c1_1.description,c1_1.name,c1_1.slug,c1_1.updated_at from post_categories c1_0 join categories c1_1 on c1_1.id=c1_0.category_id where c1_0.post_id=?
2026-05-28T19:53:25.428+03:30 DEBUG 9248 --- [blogApp] [nio-8080-exec-9] org.hibernate.SQL                        : select c1_0.post_id,c1_1.id,c1_1.created_at,c1_1.description,c1_1.name,c1_1.slug,c1_1.updated_at from post_categories c1_0 join categories c1_1 on c1_1.id=c1_0.category_id where c1_0.post_id=?
Hibernate: select c1_0.post_id,c1_1.id,c1_1.created_at,c1_1.description,c1_1.name,c1_1.slug,c1_1.updated_at from post_categories c1_0 join categories c1_1 on c1_1.id=c1_0.category_id where c1_0.post_id=?
2026-05-28T19:53:25.428+03:30 DEBUG 9248 --- [blogApp] [nio-8080-exec-9] o.s.w.s.m.m.a.HttpEntityMethodProcessor  : Using 'application/json', given [*/*] and supported [application/json, application/*+json]
2026-05-28T19:53:25.428+03:30 DEBUG 9248 --- [blogApp] [io-8080-exec-10] o.s.w.s.m.m.a.HttpEntityMethodProcessor  : Using 'application/json', given [*/*] and supported [application/json, application/*+json]
2026-05-28T19:53:25.428+03:30 DEBUG 9248 --- [blogApp] [nio-8080-exec-9] o.s.w.s.m.m.a.HttpEntityMethodProcessor  : Writing [Page 1 of 1 containing com.mahdi.blogApp.feature.post.model.PostResponse instances]
2026-05-28T19:53:25.428+03:30 DEBUG 9248 --- [blogApp] [io-8080-exec-10] o.s.w.s.m.m.a.HttpEntityMethodProcessor  : Writing [Page 1 of 1 containing com.mahdi.blogApp.feature.post.model.PostResponse instances]
2026-05-28T19:53:25.428+03:30 DEBUG 9248 --- [blogApp] [io-8080-exec-10] o.j.s.OpenEntityManagerInViewInterceptor : Closing JPA EntityManager in OpenEntityManagerInViewInterceptor
2026-05-28T19:53:25.428+03:30 DEBUG 9248 --- [blogApp] [nio-8080-exec-9] o.j.s.OpenEntityManagerInViewInterceptor : Closing JPA EntityManager in OpenEntityManagerInViewInterceptor
2026-05-28T19:53:25.428+03:30 DEBUG 9248 --- [blogApp] [io-8080-exec-10] o.s.web.servlet.DispatcherServlet        : Completed 200 OK
2026-05-28T19:53:25.428+03:30 DEBUG 9248 --- [blogApp] [nio-8080-exec-9] o.s.web.servlet.DispatcherServlet        : Completed 200 OK
2026-05-28T19:53:34.291+03:30 DEBUG 9248 --- [blogApp] [nio-8080-exec-1] o.s.security.web.FilterChainProxy        : Securing GET /api/posts/search?query=test
2026-05-28T19:53:34.291+03:30 DEBUG 9248 --- [blogApp] [nio-8080-exec-1] o.s.s.w.a.AnonymousAuthenticationFilter  : Set SecurityContextHolder to anonymous SecurityContext
2026-05-28T19:53:34.291+03:30 DEBUG 9248 --- [blogApp] [nio-8080-exec-1] o.s.security.web.FilterChainProxy        : Secured GET /api/posts/search?query=test
2026-05-28T19:53:34.291+03:30 DEBUG 9248 --- [blogApp] [nio-8080-exec-1] o.s.web.servlet.DispatcherServlet        : GET "/api/posts/search?query=test", parameters={masked}
2026-05-28T19:53:34.291+03:30 DEBUG 9248 --- [blogApp] [nio-8080-exec-1] s.w.s.m.m.a.RequestMappingHandlerMapping : Mapped to com.mahdi.blogApp.feature.post.controller.PostController#searchPosts(String, Pageable)
2026-05-28T19:53:34.291+03:30 DEBUG 9248 --- [blogApp] [nio-8080-exec-1] o.j.s.OpenEntityManagerInViewInterceptor : Opening JPA EntityManager in OpenEntityManagerInViewInterceptor
2026-05-28T19:53:34.308+03:30 DEBUG 9248 --- [blogApp] [nio-8080-exec-1] horizationManagerBeforeMethodInterceptor : Authorizing method invocation ReflectiveMethodInvocation: public org.springframework.http.ResponseEntity com.mahdi.blogApp.feature.post.controller.PostController.searchPosts(java.lang.String,org.springframework.data.domain.Pageable); target is of class [com.mahdi.blogApp.feature.post.controller.PostController]
2026-05-28T19:53:34.308+03:30 DEBUG 9248 --- [blogApp] [nio-8080-exec-1] horizationManagerBeforeMethodInterceptor : Authorized method invocation ReflectiveMethodInvocation: public org.springframework.http.ResponseEntity com.mahdi.blogApp.feature.post.controller.PostController.searchPosts(java.lang.String,org.springframework.data.domain.Pageable); target is of class [com.mahdi.blogApp.feature.post.controller.PostController]
2026-05-28T19:53:34.324+03:30 DEBUG 9248 --- [blogApp] [nio-8080-exec-1] org.hibernate.SQL                        : select pe1_0.id,pe1_0.author_id,pe1_0.content,pe1_0.created_at,pe1_0.title,pe1_0.updated_at from posts pe1_0 where upper(pe1_0.title) like upper(?) escape '\' or upper(pe1_0.content) like upper(?) escape '\' fetch first ? rows only
Hibernate: select pe1_0.id,pe1_0.author_id,pe1_0.content,pe1_0.created_at,pe1_0.title,pe1_0.updated_at from posts pe1_0 where upper(pe1_0.title) like upper(?) escape '\' or upper(pe1_0.content) like upper(?) escape '\' fetch first ? rows only
2026-05-28T19:53:34.339+03:30 DEBUG 9248 --- [blogApp] [nio-8080-exec-1] org.hibernate.SQL                        : select c1_0.post_id,c1_1.id,c1_1.created_at,c1_1.description,c1_1.name,c1_1.slug,c1_1.updated_at from post_categories c1_0 join categories c1_1 on c1_1.id=c1_0.category_id where c1_0.post_id=?
Hibernate: select c1_0.post_id,c1_1.id,c1_1.created_at,c1_1.description,c1_1.name,c1_1.slug,c1_1.updated_at from post_categories c1_0 join categories c1_1 on c1_1.id=c1_0.category_id where c1_0.post_id=?
2026-05-28T19:53:34.339+03:30 DEBUG 9248 --- [blogApp] [nio-8080-exec-1] org.hibernate.SQL                        : select c1_0.post_id,c1_1.id,c1_1.created_at,c1_1.description,c1_1.name,c1_1.slug,c1_1.updated_at from post_categories c1_0 join categories c1_1 on c1_1.id=c1_0.category_id where c1_0.post_id=?
Hibernate: select c1_0.post_id,c1_1.id,c1_1.created_at,c1_1.description,c1_1.name,c1_1.slug,c1_1.updated_at from post_categories c1_0 join categories c1_1 on c1_1.id=c1_0.category_id where c1_0.post_id=?
2026-05-28T19:53:34.339+03:30 DEBUG 9248 --- [blogApp] [nio-8080-exec-1] org.hibernate.SQL                        : select c1_0.post_id,c1_1.id,c1_1.created_at,c1_1.description,c1_1.name,c1_1.slug,c1_1.updated_at from post_categories c1_0 join categories c1_1 on c1_1.id=c1_0.category_id where c1_0.post_id=?
Hibernate: select c1_0.post_id,c1_1.id,c1_1.created_at,c1_1.description,c1_1.name,c1_1.slug,c1_1.updated_at from post_categories c1_0 join categories c1_1 on c1_1.id=c1_0.category_id where c1_0.post_id=?
2026-05-28T19:53:34.339+03:30 DEBUG 9248 --- [blogApp] [nio-8080-exec-1] org.hibernate.SQL                        : select c1_0.post_id,c1_1.id,c1_1.created_at,c1_1.description,c1_1.name,c1_1.slug,c1_1.updated_at from post_categories c1_0 join categories c1_1 on c1_1.id=c1_0.category_id where c1_0.post_id=?
Hibernate: select c1_0.post_id,c1_1.id,c1_1.created_at,c1_1.description,c1_1.name,c1_1.slug,c1_1.updated_at from post_categories c1_0 join categories c1_1 on c1_1.id=c1_0.category_id where c1_0.post_id=?
2026-05-28T19:53:34.339+03:30 DEBUG 9248 --- [blogApp] [nio-8080-exec-1] org.hibernate.SQL                        : select c1_0.post_id,c1_1.id,c1_1.created_at,c1_1.description,c1_1.name,c1_1.slug,c1_1.updated_at from post_categories c1_0 join categories c1_1 on c1_1.id=c1_0.category_id where c1_0.post_id=?
Hibernate: select c1_0.post_id,c1_1.id,c1_1.created_at,c1_1.description,c1_1.name,c1_1.slug,c1_1.updated_at from post_categories c1_0 join categories c1_1 on c1_1.id=c1_0.category_id where c1_0.post_id=?
2026-05-28T19:53:34.339+03:30 DEBUG 9248 --- [blogApp] [nio-8080-exec-1] org.hibernate.SQL                        : select c1_0.post_id,c1_1.id,c1_1.created_at,c1_1.description,c1_1.name,c1_1.slug,c1_1.updated_at from post_categories c1_0 join categories c1_1 on c1_1.id=c1_0.category_id where c1_0.post_id=?
Hibernate: select c1_0.post_id,c1_1.id,c1_1.created_at,c1_1.description,c1_1.name,c1_1.slug,c1_1.updated_at from post_categories c1_0 join categories c1_1 on c1_1.id=c1_0.category_id where c1_0.post_id=?
2026-05-28T19:53:34.339+03:30 DEBUG 9248 --- [blogApp] [nio-8080-exec-1] o.s.w.s.m.m.a.HttpEntityMethodProcessor  : Using 'application/json', given [*/*] and supported [application/json, application/*+json]
2026-05-28T19:53:34.339+03:30 DEBUG 9248 --- [blogApp] [nio-8080-exec-1] o.s.w.s.m.m.a.HttpEntityMethodProcessor  : Writing [Page 1 of 1 containing com.mahdi.blogApp.feature.post.model.PostResponse instances]
2026-05-28T19:53:34.339+03:30 DEBUG 9248 --- [blogApp] [nio-8080-exec-1] o.j.s.OpenEntityManagerInViewInterceptor : Closing JPA EntityManager in OpenEntityManagerInViewInterceptor
2026-05-28T19:53:34.339+03:30 DEBUG 9248 --- [blogApp] [nio-8080-exec-1] o.s.web.servlet.DispatcherServlet        : Completed 200 OK
2026-05-28T19:53:35.022+03:30 DEBUG 9248 --- [blogApp] [nio-8080-exec-2] o.s.security.web.FilterChainProxy        : Securing GET /api/posts/search?query=test
2026-05-28T19:53:35.022+03:30 DEBUG 9248 --- [blogApp] [nio-8080-exec-2] o.s.s.w.a.AnonymousAuthenticationFilter  : Set SecurityContextHolder to anonymous SecurityContext
2026-05-28T19:53:35.022+03:30 DEBUG 9248 --- [blogApp] [nio-8080-exec-2] o.s.security.web.FilterChainProxy        : Secured GET /api/posts/search?query=test
2026-05-28T19:53:35.022+03:30 DEBUG 9248 --- [blogApp] [nio-8080-exec-2] o.s.web.servlet.DispatcherServlet        : GET "/api/posts/search?query=test", parameters={masked}
2026-05-28T19:53:35.022+03:30 DEBUG 9248 --- [blogApp] [nio-8080-exec-2] s.w.s.m.m.a.RequestMappingHandlerMapping : Mapped to com.mahdi.blogApp.feature.post.controller.PostController#searchPosts(String, Pageable)
2026-05-28T19:53:35.022+03:30 DEBUG 9248 --- [blogApp] [nio-8080-exec-2] o.j.s.OpenEntityManagerInViewInterceptor : Opening JPA EntityManager in OpenEntityManagerInViewInterceptor
2026-05-28T19:53:35.022+03:30 DEBUG 9248 --- [blogApp] [nio-8080-exec-2] horizationManagerBeforeMethodInterceptor : Authorizing method invocation ReflectiveMethodInvocation: public org.springframework.http.ResponseEntity com.mahdi.blogApp.feature.post.controller.PostController.searchPosts(java.lang.String,org.springframework.data.domain.Pageable); target is of class [com.mahdi.blogApp.feature.post.controller.PostController]
2026-05-28T19:53:35.038+03:30 DEBUG 9248 --- [blogApp] [nio-8080-exec-2] horizationManagerBeforeMethodInterceptor : Authorized method invocation ReflectiveMethodInvocation: public org.springframework.http.ResponseEntity com.mahdi.blogApp.feature.post.controller.PostController.searchPosts(java.lang.String,org.springframework.data.domain.Pageable); target is of class [com.mahdi.blogApp.feature.post.controller.PostController]
2026-05-28T19:53:35.038+03:30 DEBUG 9248 --- [blogApp] [nio-8080-exec-2] org.hibernate.SQL                        : select pe1_0.id,pe1_0.author_id,pe1_0.content,pe1_0.created_at,pe1_0.title,pe1_0.updated_at from posts pe1_0 where upper(pe1_0.title) like upper(?) escape '\' or upper(pe1_0.content) like upper(?) escape '\' fetch first ? rows only
Hibernate: select pe1_0.id,pe1_0.author_id,pe1_0.content,pe1_0.created_at,pe1_0.title,pe1_0.updated_at from posts pe1_0 where upper(pe1_0.title) like upper(?) escape '\' or upper(pe1_0.content) like upper(?) escape '\' fetch first ? rows only
2026-05-28T19:53:35.038+03:30 DEBUG 9248 --- [blogApp] [nio-8080-exec-2] org.hibernate.SQL                        : select c1_0.post_id,c1_1.id,c1_1.created_at,c1_1.description,c1_1.name,c1_1.slug,c1_1.updated_at from post_categories c1_0 join categories c1_1 on c1_1.id=c1_0.category_id where c1_0.post_id=?
Hibernate: select c1_0.post_id,c1_1.id,c1_1.created_at,c1_1.description,c1_1.name,c1_1.slug,c1_1.updated_at from post_categories c1_0 join categories c1_1 on c1_1.id=c1_0.category_id where c1_0.post_id=?
2026-05-28T19:53:35.038+03:30 DEBUG 9248 --- [blogApp] [nio-8080-exec-2] org.hibernate.SQL                        : select c1_0.post_id,c1_1.id,c1_1.created_at,c1_1.description,c1_1.name,c1_1.slug,c1_1.updated_at from post_categories c1_0 join categories c1_1 on c1_1.id=c1_0.category_id where c1_0.post_id=?
Hibernate: select c1_0.post_id,c1_1.id,c1_1.created_at,c1_1.description,c1_1.name,c1_1.slug,c1_1.updated_at from post_categories c1_0 join categories c1_1 on c1_1.id=c1_0.category_id where c1_0.post_id=?
2026-05-28T19:53:35.038+03:30 DEBUG 9248 --- [blogApp] [nio-8080-exec-2] org.hibernate.SQL                        : select c1_0.post_id,c1_1.id,c1_1.created_at,c1_1.description,c1_1.name,c1_1.slug,c1_1.updated_at from post_categories c1_0 join categories c1_1 on c1_1.id=c1_0.category_id where c1_0.post_id=?
Hibernate: select c1_0.post_id,c1_1.id,c1_1.created_at,c1_1.description,c1_1.name,c1_1.slug,c1_1.updated_at from post_categories c1_0 join categories c1_1 on c1_1.id=c1_0.category_id where c1_0.post_id=?
2026-05-28T19:53:35.038+03:30 DEBUG 9248 --- [blogApp] [nio-8080-exec-2] org.hibernate.SQL                        : select c1_0.post_id,c1_1.id,c1_1.created_at,c1_1.description,c1_1.name,c1_1.slug,c1_1.updated_at from post_categories c1_0 join categories c1_1 on c1_1.id=c1_0.category_id where c1_0.post_id=?
Hibernate: select c1_0.post_id,c1_1.id,c1_1.created_at,c1_1.description,c1_1.name,c1_1.slug,c1_1.updated_at from post_categories c1_0 join categories c1_1 on c1_1.id=c1_0.category_id where c1_0.post_id=?
2026-05-28T19:53:35.038+03:30 DEBUG 9248 --- [blogApp] [nio-8080-exec-2] org.hibernate.SQL                        : select c1_0.post_id,c1_1.id,c1_1.created_at,c1_1.description,c1_1.name,c1_1.slug,c1_1.updated_at from post_categories c1_0 join categories c1_1 on c1_1.id=c1_0.category_id where c1_0.post_id=?
Hibernate: select c1_0.post_id,c1_1.id,c1_1.created_at,c1_1.description,c1_1.name,c1_1.slug,c1_1.updated_at from post_categories c1_0 join categories c1_1 on c1_1.id=c1_0.category_id where c1_0.post_id=?
2026-05-28T19:53:35.038+03:30 DEBUG 9248 --- [blogApp] [nio-8080-exec-2] org.hibernate.SQL                        : select c1_0.post_id,c1_1.id,c1_1.created_at,c1_1.description,c1_1.name,c1_1.slug,c1_1.updated_at from post_categories c1_0 join categories c1_1 on c1_1.id=c1_0.category_id where c1_0.post_id=?
Hibernate: select c1_0.post_id,c1_1.id,c1_1.created_at,c1_1.description,c1_1.name,c1_1.slug,c1_1.updated_at from post_categories c1_0 join categories c1_1 on c1_1.id=c1_0.category_id where c1_0.post_id=?
2026-05-28T19:53:35.038+03:30 DEBUG 9248 --- [blogApp] [nio-8080-exec-2] o.s.w.s.m.m.a.HttpEntityMethodProcessor  : Using 'application/json', given [*/*] and supported [application/json, application/*+json]
2026-05-28T19:53:35.038+03:30 DEBUG 9248 --- [blogApp] [nio-8080-exec-2] o.s.w.s.m.m.a.HttpEntityMethodProcessor  : Writing [Page 1 of 1 containing com.mahdi.blogApp.feature.post.model.PostResponse instances]
2026-05-28T19:53:35.053+03:30 DEBUG 9248 --- [blogApp] [nio-8080-exec-2] o.j.s.OpenEntityManagerInViewInterceptor : Closing JPA EntityManager in OpenEntityManagerInViewInterceptor
2026-05-28T19:53:35.054+03:30 DEBUG 9248 --- [blogApp] [nio-8080-exec-2] o.s.web.servlet.DispatcherServlet        : Completed 200 OK
2026-05-28T19:53:42.848+03:30 DEBUG 9248 --- [blogApp] [nio-8080-exec-3] o.s.security.web.FilterChainProxy        : Securing GET /api/posts
2026-05-28T19:53:42.848+03:30 DEBUG 9248 --- [blogApp] [nio-8080-exec-3] o.s.s.w.a.AnonymousAuthenticationFilter  : Set SecurityContextHolder to anonymous SecurityContext
2026-05-28T19:53:42.848+03:30 DEBUG 9248 --- [blogApp] [nio-8080-exec-3] o.s.security.web.FilterChainProxy        : Secured GET /api/posts
2026-05-28T19:53:42.848+03:30 DEBUG 9248 --- [blogApp] [nio-8080-exec-3] o.s.web.servlet.DispatcherServlet        : GET "/api/posts", parameters={}
2026-05-28T19:53:42.848+03:30 DEBUG 9248 --- [blogApp] [nio-8080-exec-3] s.w.s.m.m.a.RequestMappingHandlerMapping : Mapped to com.mahdi.blogApp.feature.post.controller.PostController#getAllPosts(Pageable)
2026-05-28T19:53:42.848+03:30 DEBUG 9248 --- [blogApp] [nio-8080-exec-3] o.j.s.OpenEntityManagerInViewInterceptor : Opening JPA EntityManager in OpenEntityManagerInViewInterceptor
2026-05-28T19:53:42.848+03:30 DEBUG 9248 --- [blogApp] [nio-8080-exec-3] horizationManagerBeforeMethodInterceptor : Authorizing method invocation ReflectiveMethodInvocation: public org.springframework.http.ResponseEntity com.mahdi.blogApp.feature.post.controller.PostController.getAllPosts(org.springframework.data.domain.Pageable); target is of class [com.mahdi.blogApp.feature.post.controller.PostController]
2026-05-28T19:53:42.848+03:30 DEBUG 9248 --- [blogApp] [nio-8080-exec-3] horizationManagerBeforeMethodInterceptor : Authorized method invocation ReflectiveMethodInvocation: public org.springframework.http.ResponseEntity com.mahdi.blogApp.feature.post.controller.PostController.getAllPosts(org.springframework.data.domain.Pageable); target is of class [com.mahdi.blogApp.feature.post.controller.PostController]
2026-05-28T19:53:42.848+03:30 DEBUG 9248 --- [blogApp] [nio-8080-exec-3] o.s.orm.jpa.JpaTransactionManager        : Found thread-bound EntityManager [SessionImpl(809504695<open>)] for JPA transaction
2026-05-28T19:53:42.848+03:30 DEBUG 9248 --- [blogApp] [nio-8080-exec-3] o.s.orm.jpa.JpaTransactionManager        : Creating new transaction with name [org.springframework.data.jpa.repository.support.SimpleJpaRepository.findAll]: PROPAGATION_REQUIRED,ISOLATION_DEFAULT,readOnly
2026-05-28T19:53:42.848+03:30 DEBUG 9248 --- [blogApp] [nio-8080-exec-3] o.s.jdbc.datasource.DataSourceUtils      : Setting JDBC Connection [HikariProxyConnection@1406434383 wrapping org.postgresql.jdbc.PgConnection@77ff14ce] read-only
2026-05-28T19:53:42.848+03:30 DEBUG 9248 --- [blogApp] [nio-8080-exec-3] o.s.orm.jpa.JpaTransactionManager        : Exposing JPA transaction as JDBC [org.springframework.orm.jpa.vendor.HibernateJpaDialect$HibernateConnectionHandle@454e1487]
2026-05-28T19:53:42.848+03:30 DEBUG 9248 --- [blogApp] [nio-8080-exec-3] org.hibernate.SQL                        : select pe1_0.id,pe1_0.author_id,pe1_0.content,pe1_0.created_at,pe1_0.title,pe1_0.updated_at from posts pe1_0 offset ? rows fetch first ? rows only
Hibernate: select pe1_0.id,pe1_0.author_id,pe1_0.content,pe1_0.created_at,pe1_0.title,pe1_0.updated_at from posts pe1_0 offset ? rows fetch first ? rows only
2026-05-28T19:53:42.865+03:30 DEBUG 9248 --- [blogApp] [nio-8080-exec-3] o.s.orm.jpa.JpaTransactionManager        : Initiating transaction commit
2026-05-28T19:53:42.865+03:30 DEBUG 9248 --- [blogApp] [nio-8080-exec-3] o.s.orm.jpa.JpaTransactionManager        : Committing JPA transaction on EntityManager [SessionImpl(809504695<open>)]
2026-05-28T19:53:42.865+03:30 DEBUG 9248 --- [blogApp] [nio-8080-exec-3] o.s.jdbc.datasource.DataSourceUtils      : Resetting read-only flag of JDBC Connection [HikariProxyConnection@1406434383 wrapping org.postgresql.jdbc.PgConnection@77ff14ce]
2026-05-28T19:53:42.865+03:30 DEBUG 9248 --- [blogApp] [nio-8080-exec-3] o.s.orm.jpa.JpaTransactionManager        : Not closing pre-bound JPA EntityManager after transaction
2026-05-28T19:53:42.865+03:30 DEBUG 9248 --- [blogApp] [nio-8080-exec-3] org.hibernate.SQL                        : select c1_0.post_id,c1_1.id,c1_1.created_at,c1_1.description,c1_1.name,c1_1.slug,c1_1.updated_at from post_categories c1_0 join categories c1_1 on c1_1.id=c1_0.category_id where c1_0.post_id=?
Hibernate: select c1_0.post_id,c1_1.id,c1_1.created_at,c1_1.description,c1_1.name,c1_1.slug,c1_1.updated_at from post_categories c1_0 join categories c1_1 on c1_1.id=c1_0.category_id where c1_0.post_id=?
2026-05-28T19:53:42.865+03:30 DEBUG 9248 --- [blogApp] [nio-8080-exec-3] org.hibernate.SQL                        : select c1_0.post_id,c1_1.id,c1_1.created_at,c1_1.description,c1_1.name,c1_1.slug,c1_1.updated_at from post_categories c1_0 join categories c1_1 on c1_1.id=c1_0.category_id where c1_0.post_id=?
Hibernate: select c1_0.post_id,c1_1.id,c1_1.created_at,c1_1.description,c1_1.name,c1_1.slug,c1_1.updated_at from post_categories c1_0 join categories c1_1 on c1_1.id=c1_0.category_id where c1_0.post_id=?
2026-05-28T19:53:42.865+03:30 DEBUG 9248 --- [blogApp] [nio-8080-exec-3] org.hibernate.SQL                        : select c1_0.post_id,c1_1.id,c1_1.created_at,c1_1.description,c1_1.name,c1_1.slug,c1_1.updated_at from post_categories c1_0 join categories c1_1 on c1_1.id=c1_0.category_id where c1_0.post_id=?
Hibernate: select c1_0.post_id,c1_1.id,c1_1.created_at,c1_1.description,c1_1.name,c1_1.slug,c1_1.updated_at from post_categories c1_0 join categories c1_1 on c1_1.id=c1_0.category_id where c1_0.post_id=?
2026-05-28T19:53:42.865+03:30 DEBUG 9248 --- [blogApp] [nio-8080-exec-3] org.hibernate.SQL                        : select c1_0.post_id,c1_1.id,c1_1.created_at,c1_1.description,c1_1.name,c1_1.slug,c1_1.updated_at from post_categories c1_0 join categories c1_1 on c1_1.id=c1_0.category_id where c1_0.post_id=?
Hibernate: select c1_0.post_id,c1_1.id,c1_1.created_at,c1_1.description,c1_1.name,c1_1.slug,c1_1.updated_at from post_categories c1_0 join categories c1_1 on c1_1.id=c1_0.category_id where c1_0.post_id=?
2026-05-28T19:53:42.865+03:30 DEBUG 9248 --- [blogApp] [nio-8080-exec-3] org.hibernate.SQL                        : select c1_0.post_id,c1_1.id,c1_1.created_at,c1_1.description,c1_1.name,c1_1.slug,c1_1.updated_at from post_categories c1_0 join categories c1_1 on c1_1.id=c1_0.category_id where c1_0.post_id=?
Hibernate: select c1_0.post_id,c1_1.id,c1_1.created_at,c1_1.description,c1_1.name,c1_1.slug,c1_1.updated_at from post_categories c1_0 join categories c1_1 on c1_1.id=c1_0.category_id where c1_0.post_id=?
2026-05-28T19:53:42.865+03:30 DEBUG 9248 --- [blogApp] [nio-8080-exec-3] org.hibernate.SQL                        : select c1_0.post_id,c1_1.id,c1_1.created_at,c1_1.description,c1_1.name,c1_1.slug,c1_1.updated_at from post_categories c1_0 join categories c1_1 on c1_1.id=c1_0.category_id where c1_0.post_id=?
Hibernate: select c1_0.post_id,c1_1.id,c1_1.created_at,c1_1.description,c1_1.name,c1_1.slug,c1_1.updated_at from post_categories c1_0 join categories c1_1 on c1_1.id=c1_0.category_id where c1_0.post_id=?
2026-05-28T19:53:42.865+03:30 DEBUG 9248 --- [blogApp] [nio-8080-exec-3] org.hibernate.SQL                        : select c1_0.post_id,c1_1.id,c1_1.created_at,c1_1.description,c1_1.name,c1_1.slug,c1_1.updated_at from post_categories c1_0 join categories c1_1 on c1_1.id=c1_0.category_id where c1_0.post_id=?
Hibernate: select c1_0.post_id,c1_1.id,c1_1.created_at,c1_1.description,c1_1.name,c1_1.slug,c1_1.updated_at from post_categories c1_0 join categories c1_1 on c1_1.id=c1_0.category_id where c1_0.post_id=?
2026-05-28T19:53:42.865+03:30 DEBUG 9248 --- [blogApp] [nio-8080-exec-3] o.s.w.s.m.m.a.HttpEntityMethodProcessor  : Using 'application/json', given [*/*] and supported [application/json, application/*+json]
2026-05-28T19:53:42.865+03:30 DEBUG 9248 --- [blogApp] [nio-8080-exec-3] o.s.w.s.m.m.a.HttpEntityMethodProcessor  : Writing [Page 1 of 1 containing com.mahdi.blogApp.feature.post.model.PostResponse instances]
2026-05-28T19:53:42.865+03:30 DEBUG 9248 --- [blogApp] [nio-8080-exec-3] o.j.s.OpenEntityManagerInViewInterceptor : Closing JPA EntityManager in OpenEntityManagerInViewInterceptor
2026-05-28T19:53:42.865+03:30 DEBUG 9248 --- [blogApp] [nio-8080-exec-3] o.s.web.servlet.DispatcherServlet        : Completed 200 OK
2026-05-28T19:53:51.408+03:30 DEBUG 9248 --- [blogApp] [nio-8080-exec-4] o.s.security.web.FilterChainProxy        : Securing GET /api/posts/3
2026-05-28T19:53:51.408+03:30 DEBUG 9248 --- [blogApp] [nio-8080-exec-4] o.s.s.w.a.AnonymousAuthenticationFilter  : Set SecurityContextHolder to anonymous SecurityContext
2026-05-28T19:53:51.408+03:30 DEBUG 9248 --- [blogApp] [nio-8080-exec-4] o.s.security.web.FilterChainProxy        : Secured GET /api/posts/3
2026-05-28T19:53:51.408+03:30 DEBUG 9248 --- [blogApp] [nio-8080-exec-4] o.s.web.servlet.DispatcherServlet        : GET "/api/posts/3", parameters={}
2026-05-28T19:53:51.408+03:30 DEBUG 9248 --- [blogApp] [nio-8080-exec-4] s.w.s.m.m.a.RequestMappingHandlerMapping : Mapped to com.mahdi.blogApp.feature.post.controller.PostController#getPostById(Long)
2026-05-28T19:53:51.408+03:30 DEBUG 9248 --- [blogApp] [nio-8080-exec-4] o.j.s.OpenEntityManagerInViewInterceptor : Opening JPA EntityManager in OpenEntityManagerInViewInterceptor
2026-05-28T19:53:51.408+03:30 DEBUG 9248 --- [blogApp] [nio-8080-exec-4] horizationManagerBeforeMethodInterceptor : Authorizing method invocation ReflectiveMethodInvocation: public org.springframework.http.ResponseEntity com.mahdi.blogApp.feature.post.controller.PostController.getPostById(java.lang.Long); target is of class [com.mahdi.blogApp.feature.post.controller.PostController]
2026-05-28T19:53:51.408+03:30 DEBUG 9248 --- [blogApp] [nio-8080-exec-4] horizationManagerBeforeMethodInterceptor : Authorized method invocation ReflectiveMethodInvocation: public org.springframework.http.ResponseEntity com.mahdi.blogApp.feature.post.controller.PostController.getPostById(java.lang.Long); target is of class [com.mahdi.blogApp.feature.post.controller.PostController]
2026-05-28T19:53:51.408+03:30 DEBUG 9248 --- [blogApp] [nio-8080-exec-4] o.s.orm.jpa.JpaTransactionManager        : Found thread-bound EntityManager [SessionImpl(1642123684<open>)] for JPA transaction
2026-05-28T19:53:51.408+03:30 DEBUG 9248 --- [blogApp] [nio-8080-exec-4] o.s.orm.jpa.JpaTransactionManager        : Creating new transaction with name [org.springframework.data.jpa.repository.support.SimpleJpaRepository.findById]: PROPAGATION_REQUIRED,ISOLATION_DEFAULT,readOnly
2026-05-28T19:53:51.408+03:30 DEBUG 9248 --- [blogApp] [nio-8080-exec-4] o.s.jdbc.datasource.DataSourceUtils      : Setting JDBC Connection [HikariProxyConnection@1422806025 wrapping org.postgresql.jdbc.PgConnection@77ff14ce] read-only
2026-05-28T19:53:51.408+03:30 DEBUG 9248 --- [blogApp] [nio-8080-exec-4] o.s.orm.jpa.JpaTransactionManager        : Exposing JPA transaction as JDBC [org.springframework.orm.jpa.vendor.HibernateJpaDialect$HibernateConnectionHandle@6556f98f]
2026-05-28T19:53:51.424+03:30 DEBUG 9248 --- [blogApp] [nio-8080-exec-4] org.hibernate.SQL                        : select pe1_0.id,pe1_0.author_id,pe1_0.content,pe1_0.created_at,pe1_0.title,pe1_0.updated_at from posts pe1_0 where pe1_0.id=?
Hibernate: select pe1_0.id,pe1_0.author_id,pe1_0.content,pe1_0.created_at,pe1_0.title,pe1_0.updated_at from posts pe1_0 where pe1_0.id=?
2026-05-28T19:53:51.440+03:30 DEBUG 9248 --- [blogApp] [nio-8080-exec-4] o.s.orm.jpa.JpaTransactionManager        : Initiating transaction commit
2026-05-28T19:53:51.440+03:30 DEBUG 9248 --- [blogApp] [nio-8080-exec-4] o.s.orm.jpa.JpaTransactionManager        : Committing JPA transaction on EntityManager [SessionImpl(1642123684<open>)]
2026-05-28T19:53:51.440+03:30 DEBUG 9248 --- [blogApp] [nio-8080-exec-4] o.s.jdbc.datasource.DataSourceUtils      : Resetting read-only flag of JDBC Connection [HikariProxyConnection@1422806025 wrapping org.postgresql.jdbc.PgConnection@77ff14ce]
2026-05-28T19:53:51.440+03:30 DEBUG 9248 --- [blogApp] [nio-8080-exec-4] o.s.orm.jpa.JpaTransactionManager        : Not closing pre-bound JPA EntityManager after transaction
2026-05-28T19:53:51.440+03:30 DEBUG 9248 --- [blogApp] [nio-8080-exec-4] org.hibernate.SQL                        : select c1_0.post_id,c1_1.id,c1_1.created_at,c1_1.description,c1_1.name,c1_1.slug,c1_1.updated_at from post_categories c1_0 join categories c1_1 on c1_1.id=c1_0.category_id where c1_0.post_id=?
Hibernate: select c1_0.post_id,c1_1.id,c1_1.created_at,c1_1.description,c1_1.name,c1_1.slug,c1_1.updated_at from post_categories c1_0 join categories c1_1 on c1_1.id=c1_0.category_id where c1_0.post_id=?
2026-05-28T19:53:51.440+03:30 DEBUG 9248 --- [blogApp] [nio-8080-exec-4] o.s.w.s.m.m.a.HttpEntityMethodProcessor  : Using 'application/json', given [*/*] and supported [application/json, application/*+json]
2026-05-28T19:53:51.440+03:30 DEBUG 9248 --- [blogApp] [nio-8080-exec-4] o.s.w.s.m.m.a.HttpEntityMethodProcessor  : Writing [com.mahdi.blogApp.feature.post.model.PostResponse@2fd6ec34]
2026-05-28T19:53:51.440+03:30 DEBUG 9248 --- [blogApp] [nio-8080-exec-4] o.j.s.OpenEntityManagerInViewInterceptor : Closing JPA EntityManager in OpenEntityManagerInViewInterceptor
2026-05-28T19:53:51.440+03:30 DEBUG 9248 --- [blogApp] [nio-8080-exec-4] o.s.web.servlet.DispatcherServlet        : Completed 200 OK
2026-05-28T19:53:51.440+03:30 DEBUG 9248 --- [blogApp] [nio-8080-exec-6] o.s.security.web.FilterChainProxy        : Securing GET /api/posts/3
2026-05-28T19:53:51.440+03:30 DEBUG 9248 --- [blogApp] [nio-8080-exec-6] o.s.s.w.a.AnonymousAuthenticationFilter  : Set SecurityContextHolder to anonymous SecurityContext
2026-05-28T19:53:51.440+03:30 DEBUG 9248 --- [blogApp] [nio-8080-exec-6] o.s.security.web.FilterChainProxy        : Secured GET /api/posts/3
2026-05-28T19:53:51.440+03:30 DEBUG 9248 --- [blogApp] [nio-8080-exec-6] o.s.web.servlet.DispatcherServlet        : GET "/api/posts/3", parameters={}
2026-05-28T19:53:51.440+03:30 DEBUG 9248 --- [blogApp] [nio-8080-exec-6] s.w.s.m.m.a.RequestMappingHandlerMapping : Mapped to com.mahdi.blogApp.feature.post.controller.PostController#getPostById(Long)
2026-05-28T19:53:51.440+03:30 DEBUG 9248 --- [blogApp] [nio-8080-exec-6] o.j.s.OpenEntityManagerInViewInterceptor : Opening JPA EntityManager in OpenEntityManagerInViewInterceptor
2026-05-28T19:53:51.440+03:30 DEBUG 9248 --- [blogApp] [nio-8080-exec-6] horizationManagerBeforeMethodInterceptor : Authorizing method invocation ReflectiveMethodInvocation: public org.springframework.http.ResponseEntity com.mahdi.blogApp.feature.post.controller.PostController.getPostById(java.lang.Long); target is of class [com.mahdi.blogApp.feature.post.controller.PostController]
2026-05-28T19:53:51.440+03:30 DEBUG 9248 --- [blogApp] [nio-8080-exec-6] horizationManagerBeforeMethodInterceptor : Authorized method invocation ReflectiveMethodInvocation: public org.springframework.http.ResponseEntity com.mahdi.blogApp.feature.post.controller.PostController.getPostById(java.lang.Long); target is of class [com.mahdi.blogApp.feature.post.controller.PostController]
2026-05-28T19:53:51.440+03:30 DEBUG 9248 --- [blogApp] [nio-8080-exec-6] o.s.orm.jpa.JpaTransactionManager        : Found thread-bound EntityManager [SessionImpl(1425997407<open>)] for JPA transaction
2026-05-28T19:53:51.440+03:30 DEBUG 9248 --- [blogApp] [nio-8080-exec-6] o.s.orm.jpa.JpaTransactionManager        : Creating new transaction with name [org.springframework.data.jpa.repository.support.SimpleJpaRepository.findById]: PROPAGATION_REQUIRED,ISOLATION_DEFAULT,readOnly
2026-05-28T19:53:51.455+03:30 DEBUG 9248 --- [blogApp] [nio-8080-exec-6] o.s.jdbc.datasource.DataSourceUtils      : Setting JDBC Connection [HikariProxyConnection@1431289066 wrapping org.postgresql.jdbc.PgConnection@e962abe] read-only
2026-05-28T19:53:51.455+03:30 DEBUG 9248 --- [blogApp] [nio-8080-exec-6] o.s.orm.jpa.JpaTransactionManager        : Exposing JPA transaction as JDBC [org.springframework.orm.jpa.vendor.HibernateJpaDialect$HibernateConnectionHandle@692008d7]
2026-05-28T19:53:51.456+03:30 DEBUG 9248 --- [blogApp] [nio-8080-exec-6] org.hibernate.SQL                        : select pe1_0.id,pe1_0.author_id,pe1_0.content,pe1_0.created_at,pe1_0.title,pe1_0.updated_at from posts pe1_0 where pe1_0.id=?
Hibernate: select pe1_0.id,pe1_0.author_id,pe1_0.content,pe1_0.created_at,pe1_0.title,pe1_0.updated_at from posts pe1_0 where pe1_0.id=?
2026-05-28T19:53:51.456+03:30 DEBUG 9248 --- [blogApp] [nio-8080-exec-6] o.s.orm.jpa.JpaTransactionManager        : Initiating transaction commit
2026-05-28T19:53:51.456+03:30 DEBUG 9248 --- [blogApp] [nio-8080-exec-6] o.s.orm.jpa.JpaTransactionManager        : Committing JPA transaction on EntityManager [SessionImpl(1425997407<open>)]
2026-05-28T19:53:51.456+03:30 DEBUG 9248 --- [blogApp] [nio-8080-exec-6] o.s.jdbc.datasource.DataSourceUtils      : Resetting read-only flag of JDBC Connection [HikariProxyConnection@1431289066 wrapping org.postgresql.jdbc.PgConnection@e962abe]
2026-05-28T19:53:51.456+03:30 DEBUG 9248 --- [blogApp] [nio-8080-exec-6] o.s.orm.jpa.JpaTransactionManager        : Not closing pre-bound JPA EntityManager after transaction
2026-05-28T19:53:51.456+03:30 DEBUG 9248 --- [blogApp] [nio-8080-exec-6] org.hibernate.SQL                        : select c1_0.post_id,c1_1.id,c1_1.created_at,c1_1.description,c1_1.name,c1_1.slug,c1_1.updated_at from post_categories c1_0 join categories c1_1 on c1_1.id=c1_0.category_id where c1_0.post_id=?
Hibernate: select c1_0.post_id,c1_1.id,c1_1.created_at,c1_1.description,c1_1.name,c1_1.slug,c1_1.updated_at from post_categories c1_0 join categories c1_1 on c1_1.id=c1_0.category_id where c1_0.post_id=?
2026-05-28T19:53:51.456+03:30 DEBUG 9248 --- [blogApp] [nio-8080-exec-6] o.s.w.s.m.m.a.HttpEntityMethodProcessor  : Using 'application/json', given [*/*] and supported [application/json, application/*+json]
2026-05-28T19:53:51.456+03:30 DEBUG 9248 --- [blogApp] [nio-8080-exec-6] o.s.w.s.m.m.a.HttpEntityMethodProcessor  : Writing [com.mahdi.blogApp.feature.post.model.PostResponse@3e6b0d90]
2026-05-28T19:53:51.456+03:30 DEBUG 9248 --- [blogApp] [nio-8080-exec-6] o.j.s.OpenEntityManagerInViewInterceptor : Closing JPA EntityManager in OpenEntityManagerInViewInterceptor
2026-05-28T19:53:51.456+03:30 DEBUG 9248 --- [blogApp] [nio-8080-exec-6] o.s.web.servlet.DispatcherServlet        : Completed 200 OK
2026-05-28T19:53:51.509+03:30 DEBUG 9248 --- [blogApp] [nio-8080-exec-5] o.s.security.web.FilterChainProxy        : Securing OPTIONS /api/comments/post/3?page=0&size=10
2026-05-28T19:53:51.509+03:30 DEBUG 9248 --- [blogApp] [nio-8080-exec-7] o.s.security.web.FilterChainProxy        : Securing GET /api/comments/post/3?page=0&size=10
2026-05-28T19:53:51.509+03:30 DEBUG 9248 --- [blogApp] [nio-8080-exec-7] tor$SharedEntityManagerInvocationHandler : Creating new EntityManager for shared EntityManager invocation
2026-05-28T19:53:51.509+03:30 DEBUG 9248 --- [blogApp] [nio-8080-exec-7] org.hibernate.SQL                        : select ue1_0.id,ue1_0.bio,ue1_0.created_at,ue1_0.email,ue1_0.enabled,ue1_0.password,ue1_0.profile_picture,ue1_0.updated_at,ue1_0.user_name from users ue1_0 where ue1_0.user_name=?
Hibernate: select ue1_0.id,ue1_0.bio,ue1_0.created_at,ue1_0.email,ue1_0.enabled,ue1_0.password,ue1_0.profile_picture,ue1_0.updated_at,ue1_0.user_name from users ue1_0 where ue1_0.user_name=?
2026-05-28T19:53:51.519+03:30 DEBUG 9248 --- [blogApp] [nio-8080-exec-7] org.hibernate.SQL                        : select r1_0.user_id,r1_0.role from user_roles r1_0 where r1_0.user_id=?
Hibernate: select r1_0.user_id,r1_0.role from user_roles r1_0 where r1_0.user_id=?
2026-05-28T19:53:51.524+03:30 DEBUG 9248 --- [blogApp] [nio-8080-exec-7] o.s.security.web.FilterChainProxy        : Secured GET /api/comments/post/3?page=0&size=10
2026-05-28T19:53:51.524+03:30 DEBUG 9248 --- [blogApp] [nio-8080-exec-7] o.s.web.servlet.DispatcherServlet        : GET "/api/comments/post/3?page=0&size=10", parameters={masked}
2026-05-28T19:53:51.524+03:30 DEBUG 9248 --- [blogApp] [nio-8080-exec-7] s.w.s.m.m.a.RequestMappingHandlerMapping : Mapped to com.mahdi.blogApp.feature.comment.controller.CommentController#getRootComments(Long, Pageable)
2026-05-28T19:53:51.524+03:30 DEBUG 9248 --- [blogApp] [nio-8080-exec-7] o.j.s.OpenEntityManagerInViewInterceptor : Opening JPA EntityManager in OpenEntityManagerInViewInterceptor
2026-05-28T19:53:51.526+03:30 DEBUG 9248 --- [blogApp] [nio-8080-exec-7] horizationManagerBeforeMethodInterceptor : Authorizing method invocation ReflectiveMethodInvocation: public org.springframework.data.domain.Page com.mahdi.blogApp.feature.comment.controller.CommentController.getRootComments(java.lang.Long,org.springframework.data.domain.Pageable); target is of class [com.mahdi.blogApp.feature.comment.controller.CommentController]
2026-05-28T19:53:51.526+03:30 DEBUG 9248 --- [blogApp] [nio-8080-exec-7] horizationManagerBeforeMethodInterceptor : Authorized method invocation ReflectiveMethodInvocation: public org.springframework.data.domain.Page com.mahdi.blogApp.feature.comment.controller.CommentController.getRootComments(java.lang.Long,org.springframework.data.domain.Pageable); target is of class [com.mahdi.blogApp.feature.comment.controller.CommentController]
2026-05-28T19:53:51.551+03:30 DEBUG 9248 --- [blogApp] [nio-8080-exec-7] org.hibernate.SQL                        : select ce1_0.id,ce1_0.approved,ce1_0.created_at,ce1_0.edited,ce1_0.like_count,ce1_0.parent_id,ce1_0.post_id,ce1_0.text,ce1_0.updated_at,ce1_0.user_id,u1_0.id,u1_0.bio,u1_0.created_at,u1_0.email,u1_0.enabled,u1_0.password,u1_0.profile_picture,u1_0.updated_at,u1_0.user_name from comments ce1_0 join users u1_0 on u1_0.id=ce1_0.user_id where ce1_0.post_id=? and ce1_0.parent_id is null order by ce1_0.created_at desc fetch first ? rows only
Hibernate: select ce1_0.id,ce1_0.approved,ce1_0.created_at,ce1_0.edited,ce1_0.like_count,ce1_0.parent_id,ce1_0.post_id,ce1_0.text,ce1_0.updated_at,ce1_0.user_id,u1_0.id,u1_0.bio,u1_0.created_at,u1_0.email,u1_0.enabled,u1_0.password,u1_0.profile_picture,u1_0.updated_at,u1_0.user_name from comments ce1_0 join users u1_0 on u1_0.id=ce1_0.user_id where ce1_0.post_id=? and ce1_0.parent_id is null order by ce1_0.created_at desc fetch first ? rows only
2026-05-28T19:53:51.567+03:30 DEBUG 9248 --- [blogApp] [nio-8080-exec-7] m.m.a.RequestResponseBodyMethodProcessor : Using 'application/json', given [*/*] and supported [application/json, application/*+json]
2026-05-28T19:53:51.567+03:30 DEBUG 9248 --- [blogApp] [nio-8080-exec-7] m.m.a.RequestResponseBodyMethodProcessor : Writing [Page 1 of 0 containing UNKNOWN instances]
2026-05-28T19:53:51.567+03:30 DEBUG 9248 --- [blogApp] [nio-8080-exec-7] o.j.s.OpenEntityManagerInViewInterceptor : Closing JPA EntityManager in OpenEntityManagerInViewInterceptor
2026-05-28T19:53:51.567+03:30 DEBUG 9248 --- [blogApp] [nio-8080-exec-7] o.s.web.servlet.DispatcherServlet        : Completed 200 OK
2026-05-28T19:53:51.577+03:30 DEBUG 9248 --- [blogApp] [nio-8080-exec-8] o.s.security.web.FilterChainProxy        : Securing GET /api/comments/post/3?page=0&size=10
2026-05-28T19:53:51.579+03:30 DEBUG 9248 --- [blogApp] [nio-8080-exec-8] tor$SharedEntityManagerInvocationHandler : Creating new EntityManager for shared EntityManager invocation
2026-05-28T19:53:51.582+03:30 DEBUG 9248 --- [blogApp] [nio-8080-exec-8] org.hibernate.SQL                        : select ue1_0.id,ue1_0.bio,ue1_0.created_at,ue1_0.email,ue1_0.enabled,ue1_0.password,ue1_0.profile_picture,ue1_0.updated_at,ue1_0.user_name from users ue1_0 where ue1_0.user_name=?
Hibernate: select ue1_0.id,ue1_0.bio,ue1_0.created_at,ue1_0.email,ue1_0.enabled,ue1_0.password,ue1_0.profile_picture,ue1_0.updated_at,ue1_0.user_name from users ue1_0 where ue1_0.user_name=?
2026-05-28T19:53:51.582+03:30 DEBUG 9248 --- [blogApp] [nio-8080-exec-8] org.hibernate.SQL                        : select r1_0.user_id,r1_0.role from user_roles r1_0 where r1_0.user_id=?
Hibernate: select r1_0.user_id,r1_0.role from user_roles r1_0 where r1_0.user_id=?
2026-05-28T19:53:51.582+03:30 DEBUG 9248 --- [blogApp] [nio-8080-exec-8] o.s.security.web.FilterChainProxy        : Secured GET /api/comments/post/3?page=0&size=10
2026-05-28T19:53:51.582+03:30 DEBUG 9248 --- [blogApp] [nio-8080-exec-8] o.s.web.servlet.DispatcherServlet        : GET "/api/comments/post/3?page=0&size=10", parameters={masked}
2026-05-28T19:53:51.582+03:30 DEBUG 9248 --- [blogApp] [nio-8080-exec-8] s.w.s.m.m.a.RequestMappingHandlerMapping : Mapped to com.mahdi.blogApp.feature.comment.controller.CommentController#getRootComments(Long, Pageable)
2026-05-28T19:53:51.582+03:30 DEBUG 9248 --- [blogApp] [nio-8080-exec-8] o.j.s.OpenEntityManagerInViewInterceptor : Opening JPA EntityManager in OpenEntityManagerInViewInterceptor
2026-05-28T19:53:51.591+03:30 DEBUG 9248 --- [blogApp] [nio-8080-exec-8] horizationManagerBeforeMethodInterceptor : Authorizing method invocation ReflectiveMethodInvocation: public org.springframework.data.domain.Page com.mahdi.blogApp.feature.comment.controller.CommentController.getRootComments(java.lang.Long,org.springframework.data.domain.Pageable); target is of class [com.mahdi.blogApp.feature.comment.controller.CommentController]
2026-05-28T19:53:51.591+03:30 DEBUG 9248 --- [blogApp] [nio-8080-exec-8] horizationManagerBeforeMethodInterceptor : Authorized method invocation ReflectiveMethodInvocation: public org.springframework.data.domain.Page com.mahdi.blogApp.feature.comment.controller.CommentController.getRootComments(java.lang.Long,org.springframework.data.domain.Pageable); target is of class [com.mahdi.blogApp.feature.comment.controller.CommentController]
2026-05-28T19:53:51.591+03:30 DEBUG 9248 --- [blogApp] [nio-8080-exec-8] org.hibernate.SQL                        : select ce1_0.id,ce1_0.approved,ce1_0.created_at,ce1_0.edited,ce1_0.like_count,ce1_0.parent_id,ce1_0.post_id,ce1_0.text,ce1_0.updated_at,ce1_0.user_id,u1_0.id,u1_0.bio,u1_0.created_at,u1_0.email,u1_0.enabled,u1_0.password,u1_0.profile_picture,u1_0.updated_at,u1_0.user_name from comments ce1_0 join users u1_0 on u1_0.id=ce1_0.user_id where ce1_0.post_id=? and ce1_0.parent_id is null order by ce1_0.created_at desc fetch first ? rows only
Hibernate: select ce1_0.id,ce1_0.approved,ce1_0.created_at,ce1_0.edited,ce1_0.like_count,ce1_0.parent_id,ce1_0.post_id,ce1_0.text,ce1_0.updated_at,ce1_0.user_id,u1_0.id,u1_0.bio,u1_0.created_at,u1_0.email,u1_0.enabled,u1_0.password,u1_0.profile_picture,u1_0.updated_at,u1_0.user_name from comments ce1_0 join users u1_0 on u1_0.id=ce1_0.user_id where ce1_0.post_id=? and ce1_0.parent_id is null order by ce1_0.created_at desc fetch first ? rows only
2026-05-28T19:53:51.598+03:30 DEBUG 9248 --- [blogApp] [nio-8080-exec-8] m.m.a.RequestResponseBodyMethodProcessor : Using 'application/json', given [*/*] and supported [application/json, application/*+json]
2026-05-28T19:53:51.598+03:30 DEBUG 9248 --- [blogApp] [nio-8080-exec-8] m.m.a.RequestResponseBodyMethodProcessor : Writing [Page 1 of 0 containing UNKNOWN instances]
2026-05-28T19:53:51.598+03:30 DEBUG 9248 --- [blogApp] [nio-8080-exec-8] o.j.s.OpenEntityManagerInViewInterceptor : Closing JPA EntityManager in OpenEntityManagerInViewInterceptor
2026-05-28T19:53:51.598+03:30 DEBUG 9248 --- [blogApp] [nio-8080-exec-8] o.s.web.servlet.DispatcherServlet        : Completed 200 OK
2026-05-28T19:53:57.594+03:30 DEBUG 9248 --- [blogApp] [nio-8080-exec-9] o.s.security.web.FilterChainProxy        : Securing OPTIONS /api/comments
2026-05-28T19:53:57.597+03:30 DEBUG 9248 --- [blogApp] [io-8080-exec-10] o.s.security.web.FilterChainProxy        : Securing POST /api/comments
2026-05-28T19:53:57.599+03:30 DEBUG 9248 --- [blogApp] [io-8080-exec-10] tor$SharedEntityManagerInvocationHandler : Creating new EntityManager for shared EntityManager invocation
2026-05-28T19:53:57.600+03:30 DEBUG 9248 --- [blogApp] [io-8080-exec-10] org.hibernate.SQL                        : select ue1_0.id,ue1_0.bio,ue1_0.created_at,ue1_0.email,ue1_0.enabled,ue1_0.password,ue1_0.profile_picture,ue1_0.updated_at,ue1_0.user_name from users ue1_0 where ue1_0.user_name=?
Hibernate: select ue1_0.id,ue1_0.bio,ue1_0.created_at,ue1_0.email,ue1_0.enabled,ue1_0.password,ue1_0.profile_picture,ue1_0.updated_at,ue1_0.user_name from users ue1_0 where ue1_0.user_name=?
2026-05-28T19:53:57.600+03:30 DEBUG 9248 --- [blogApp] [io-8080-exec-10] org.hibernate.SQL                        : select r1_0.user_id,r1_0.role from user_roles r1_0 where r1_0.user_id=?
Hibernate: select r1_0.user_id,r1_0.role from user_roles r1_0 where r1_0.user_id=?
2026-05-28T19:53:57.600+03:30 DEBUG 9248 --- [blogApp] [io-8080-exec-10] o.s.security.web.FilterChainProxy        : Secured POST /api/comments
2026-05-28T19:53:57.600+03:30 DEBUG 9248 --- [blogApp] [io-8080-exec-10] o.s.web.servlet.DispatcherServlet        : POST "/api/comments", parameters={}
2026-05-28T19:53:57.600+03:30 DEBUG 9248 --- [blogApp] [io-8080-exec-10] s.w.s.m.m.a.RequestMappingHandlerMapping : Mapped to com.mahdi.blogApp.feature.comment.controller.CommentController#createComment(CommentCreateRequest)
2026-05-28T19:53:57.600+03:30 DEBUG 9248 --- [blogApp] [io-8080-exec-10] o.j.s.OpenEntityManagerInViewInterceptor : Opening JPA EntityManager in OpenEntityManagerInViewInterceptor
2026-05-28T19:53:57.600+03:30 DEBUG 9248 --- [blogApp] [io-8080-exec-10] m.m.a.RequestResponseBodyMethodProcessor : Read "application/json;charset=UTF-8" to [CommentCreateRequest(postId=3, text=hi<EOL>, parentId=null)]
2026-05-28T19:53:57.600+03:30 DEBUG 9248 --- [blogApp] [io-8080-exec-10] horizationManagerBeforeMethodInterceptor : Authorizing method invocation ReflectiveMethodInvocation: public com.mahdi.blogApp.feature.comment.model.CommentModel com.mahdi.blogApp.feature.comment.controller.CommentController.createComment(com.mahdi.blogApp.feature.comment.model.dto.CommentCreateRequest); target is of class [com.mahdi.blogApp.feature.comment.controller.CommentController]
2026-05-28T19:53:57.600+03:30 DEBUG 9248 --- [blogApp] [io-8080-exec-10] horizationManagerBeforeMethodInterceptor : Authorized method invocation ReflectiveMethodInvocation: public com.mahdi.blogApp.feature.comment.model.CommentModel com.mahdi.blogApp.feature.comment.controller.CommentController.createComment(com.mahdi.blogApp.feature.comment.model.dto.CommentCreateRequest); target is of class [com.mahdi.blogApp.feature.comment.controller.CommentController]
2026-05-28T19:53:57.614+03:30 DEBUG 9248 --- [blogApp] [io-8080-exec-10] org.hibernate.SQL                        : select ue1_0.id,ue1_0.bio,ue1_0.created_at,ue1_0.email,ue1_0.enabled,ue1_0.password,ue1_0.profile_picture,ue1_0.updated_at,ue1_0.user_name from users ue1_0 where ue1_0.user_name=?
Hibernate: select ue1_0.id,ue1_0.bio,ue1_0.created_at,ue1_0.email,ue1_0.enabled,ue1_0.password,ue1_0.profile_picture,ue1_0.updated_at,ue1_0.user_name from users ue1_0 where ue1_0.user_name=?
2026-05-28T19:53:57.614+03:30 DEBUG 9248 --- [blogApp] [io-8080-exec-10] org.hibernate.SQL                        : select r1_0.user_id,r1_0.role from user_roles r1_0 where r1_0.user_id=?
Hibernate: select r1_0.user_id,r1_0.role from user_roles r1_0 where r1_0.user_id=?
2026-05-28T19:53:57.614+03:30 DEBUG 9248 --- [blogApp] [io-8080-exec-10] o.s.orm.jpa.JpaTransactionManager        : Found thread-bound EntityManager [SessionImpl(1351509009<open>)] for JPA transaction
2026-05-28T19:53:57.614+03:30 DEBUG 9248 --- [blogApp] [io-8080-exec-10] o.s.orm.jpa.JpaTransactionManager        : Creating new transaction with name [org.springframework.data.jpa.repository.support.SimpleJpaRepository.findById]: PROPAGATION_REQUIRED,ISOLATION_DEFAULT,readOnly
2026-05-28T19:53:57.614+03:30 DEBUG 9248 --- [blogApp] [io-8080-exec-10] o.s.jdbc.datasource.DataSourceUtils      : Setting JDBC Connection [HikariProxyConnection@88132080 wrapping org.postgresql.jdbc.PgConnection@77ff14ce] read-only
2026-05-28T19:53:57.614+03:30 DEBUG 9248 --- [blogApp] [io-8080-exec-10] o.s.orm.jpa.JpaTransactionManager        : Exposing JPA transaction as JDBC [org.springframework.orm.jpa.vendor.HibernateJpaDialect$HibernateConnectionHandle@86e401]
2026-05-28T19:53:57.614+03:30 DEBUG 9248 --- [blogApp] [io-8080-exec-10] org.hibernate.SQL                        : select pe1_0.id,pe1_0.author_id,pe1_0.content,pe1_0.created_at,pe1_0.title,pe1_0.updated_at from posts pe1_0 where pe1_0.id=?
Hibernate: select pe1_0.id,pe1_0.author_id,pe1_0.content,pe1_0.created_at,pe1_0.title,pe1_0.updated_at from posts pe1_0 where pe1_0.id=?
2026-05-28T19:53:57.614+03:30 DEBUG 9248 --- [blogApp] [io-8080-exec-10] o.s.orm.jpa.JpaTransactionManager        : Initiating transaction commit
2026-05-28T19:53:57.614+03:30 DEBUG 9248 --- [blogApp] [io-8080-exec-10] o.s.orm.jpa.JpaTransactionManager        : Committing JPA transaction on EntityManager [SessionImpl(1351509009<open>)]
2026-05-28T19:53:57.614+03:30 DEBUG 9248 --- [blogApp] [io-8080-exec-10] o.s.jdbc.datasource.DataSourceUtils      : Resetting read-only flag of JDBC Connection [HikariProxyConnection@88132080 wrapping org.postgresql.jdbc.PgConnection@77ff14ce]
2026-05-28T19:53:57.614+03:30 DEBUG 9248 --- [blogApp] [io-8080-exec-10] o.s.orm.jpa.JpaTransactionManager        : Not closing pre-bound JPA EntityManager after transaction
2026-05-28T19:53:57.614+03:30 DEBUG 9248 --- [blogApp] [io-8080-exec-10] o.s.orm.jpa.JpaTransactionManager        : Found thread-bound EntityManager [SessionImpl(1351509009<open>)] for JPA transaction
2026-05-28T19:53:57.614+03:30 DEBUG 9248 --- [blogApp] [io-8080-exec-10] o.s.orm.jpa.JpaTransactionManager        : Creating new transaction with name [org.springframework.data.jpa.repository.support.SimpleJpaRepository.save]: PROPAGATION_REQUIRED,ISOLATION_DEFAULT
2026-05-28T19:53:57.614+03:30 DEBUG 9248 --- [blogApp] [io-8080-exec-10] o.s.orm.jpa.JpaTransactionManager        : Exposing JPA transaction as JDBC [org.springframework.orm.jpa.vendor.HibernateJpaDialect$HibernateConnectionHandle@72fe4cb0]
2026-05-28T19:53:57.661+03:30 DEBUG 9248 --- [blogApp] [io-8080-exec-10] org.hibernate.SQL                        : insert into comments (approved,created_at,edited,like_count,parent_id,post_id,text,updated_at,user_id) values (?,?,?,?,?,?,?,?,?)
Hibernate: insert into comments (approved,created_at,edited,like_count,parent_id,post_id,text,updated_at,user_id) values (?,?,?,?,?,?,?,?,?)
2026-05-28T19:53:57.692+03:30 DEBUG 9248 --- [blogApp] [io-8080-exec-10] o.s.orm.jpa.JpaTransactionManager        : Initiating transaction commit
2026-05-28T19:53:57.692+03:30 DEBUG 9248 --- [blogApp] [io-8080-exec-10] o.s.orm.jpa.JpaTransactionManager        : Committing JPA transaction on EntityManager [SessionImpl(1351509009<open>)]
2026-05-28T19:53:57.708+03:30 DEBUG 9248 --- [blogApp] [io-8080-exec-10] o.s.orm.jpa.JpaTransactionManager        : Not closing pre-bound JPA EntityManager after transaction
2026-05-28T19:53:57.708+03:30 DEBUG 9248 --- [blogApp] [io-8080-exec-10] m.m.a.RequestResponseBodyMethodProcessor : Using 'application/json', given [*/*] and supported [application/json, application/*+json]
2026-05-28T19:53:57.708+03:30 DEBUG 9248 --- [blogApp] [io-8080-exec-10] m.m.a.RequestResponseBodyMethodProcessor : Writing [CommentModel(id=20, text=hi<EOL>, authorId=3, authorUsername=moein, createdAt=2026-05-28T19:53:57.629942 (truncated)...]
2026-05-28T19:53:57.708+03:30 DEBUG 9248 --- [blogApp] [io-8080-exec-10] o.j.s.OpenEntityManagerInViewInterceptor : Closing JPA EntityManager in OpenEntityManagerInViewInterceptor
2026-05-28T19:53:57.708+03:30 DEBUG 9248 --- [blogApp] [io-8080-exec-10] o.s.web.servlet.DispatcherServlet        : Completed 200 OK
2026-05-28T19:53:57.725+03:30 DEBUG 9248 --- [blogApp] [nio-8080-exec-1] o.s.security.web.FilterChainProxy        : Securing OPTIONS /api/comment-likes/20/liked
2026-05-28T19:53:57.725+03:30 DEBUG 9248 --- [blogApp] [nio-8080-exec-2] o.s.security.web.FilterChainProxy        : Securing GET /api/comment-likes/20/liked
2026-05-28T19:53:57.740+03:30 DEBUG 9248 --- [blogApp] [nio-8080-exec-2] tor$SharedEntityManagerInvocationHandler : Creating new EntityManager for shared EntityManager invocation
2026-05-28T19:53:57.740+03:30 DEBUG 9248 --- [blogApp] [nio-8080-exec-2] org.hibernate.SQL                        : select ue1_0.id,ue1_0.bio,ue1_0.created_at,ue1_0.email,ue1_0.enabled,ue1_0.password,ue1_0.profile_picture,ue1_0.updated_at,ue1_0.user_name from users ue1_0 where ue1_0.user_name=?
Hibernate: select ue1_0.id,ue1_0.bio,ue1_0.created_at,ue1_0.email,ue1_0.enabled,ue1_0.password,ue1_0.profile_picture,ue1_0.updated_at,ue1_0.user_name from users ue1_0 where ue1_0.user_name=?
2026-05-28T19:53:57.746+03:30 DEBUG 9248 --- [blogApp] [nio-8080-exec-2] org.hibernate.SQL                        : select r1_0.user_id,r1_0.role from user_roles r1_0 where r1_0.user_id=?
Hibernate: select r1_0.user_id,r1_0.role from user_roles r1_0 where r1_0.user_id=?
2026-05-28T19:53:57.746+03:30 DEBUG 9248 --- [blogApp] [nio-8080-exec-2] o.s.security.web.FilterChainProxy        : Secured GET /api/comment-likes/20/liked
2026-05-28T19:53:57.746+03:30 DEBUG 9248 --- [blogApp] [nio-8080-exec-2] o.s.web.servlet.DispatcherServlet        : GET "/api/comment-likes/20/liked", parameters={}
2026-05-28T19:53:57.746+03:30 DEBUG 9248 --- [blogApp] [nio-8080-exec-2] s.w.s.m.m.a.RequestMappingHandlerMapping : Mapped to com.mahdi.blogApp.feature.comment.controller.CommentLikeController#isLiked(Long)
2026-05-28T19:53:57.746+03:30 DEBUG 9248 --- [blogApp] [nio-8080-exec-2] o.j.s.OpenEntityManagerInViewInterceptor : Opening JPA EntityManager in OpenEntityManagerInViewInterceptor
2026-05-28T19:53:57.746+03:30 DEBUG 9248 --- [blogApp] [nio-8080-exec-2] horizationManagerBeforeMethodInterceptor : Authorizing method invocation ReflectiveMethodInvocation: public boolean com.mahdi.blogApp.feature.comment.controller.CommentLikeController.isLiked(java.lang.Long); target is of class [com.mahdi.blogApp.feature.comment.controller.CommentLikeController]
2026-05-28T19:53:57.756+03:30 DEBUG 9248 --- [blogApp] [nio-8080-exec-2] horizationManagerBeforeMethodInterceptor : Failed to authorize ReflectiveMethodInvocation: public boolean com.mahdi.blogApp.feature.comment.controller.CommentLikeController.isLiked(java.lang.Long); target is of class [com.mahdi.blogApp.feature.comment.controller.CommentLikeController] with authorization manager org.springframework.security.authorization.method.PreAuthorizeAuthorizationManager@6cdb4e68 and result ExpressionAuthorizationDecision [granted=false, expressionAttribute=hasRole('USER')]
2026-05-28T19:53:57.756+03:30 DEBUG 9248 --- [blogApp] [nio-8080-exec-2] o.j.s.OpenEntityManagerInViewInterceptor : Closing JPA EntityManager in OpenEntityManagerInViewInterceptor
2026-05-28T19:53:57.756+03:30 DEBUG 9248 --- [blogApp] [nio-8080-exec-2] o.s.web.servlet.DispatcherServlet        : Failed to complete request: org.springframework.security.authorization.AuthorizationDeniedException: Access Denied
2026-05-28T19:53:57.756+03:30 DEBUG 9248 --- [blogApp] [nio-8080-exec-2] o.s.s.w.access.AccessDeniedHandlerImpl   : Responding with 403 status code
2026-05-28T19:53:57.756+03:30 DEBUG 9248 --- [blogApp] [nio-8080-exec-2] o.s.security.web.FilterChainProxy        : Securing GET /error
2026-05-28T19:53:57.756+03:30 DEBUG 9248 --- [blogApp] [nio-8080-exec-2] o.s.s.w.a.AnonymousAuthenticationFilter  : Set SecurityContextHolder to anonymous SecurityContext
2026-05-28T19:53:57.756+03:30 DEBUG 9248 --- [blogApp] [nio-8080-exec-2] o.s.s.w.a.Http403ForbiddenEntryPoint     : Pre-authenticated entry point called. Rejecting access
2026-05-28T19:53:57.756+03:30 DEBUG 9248 --- [blogApp] [nio-8080-exec-3] o.s.security.web.FilterChainProxy        : Securing GET /api/comment-likes/20/liked
2026-05-28T19:53:57.756+03:30 DEBUG 9248 --- [blogApp] [nio-8080-exec-3] tor$SharedEntityManagerInvocationHandler : Creating new EntityManager for shared EntityManager invocation
2026-05-28T19:53:57.756+03:30 DEBUG 9248 --- [blogApp] [nio-8080-exec-3] org.hibernate.SQL                        : select ue1_0.id,ue1_0.bio,ue1_0.created_at,ue1_0.email,ue1_0.enabled,ue1_0.password,ue1_0.profile_picture,ue1_0.updated_at,ue1_0.user_name from users ue1_0 where ue1_0.user_name=?
Hibernate: select ue1_0.id,ue1_0.bio,ue1_0.created_at,ue1_0.email,ue1_0.enabled,ue1_0.password,ue1_0.profile_picture,ue1_0.updated_at,ue1_0.user_name from users ue1_0 where ue1_0.user_name=?
2026-05-28T19:53:57.756+03:30 DEBUG 9248 --- [blogApp] [nio-8080-exec-3] org.hibernate.SQL                        : select r1_0.user_id,r1_0.role from user_roles r1_0 where r1_0.user_id=?
Hibernate: select r1_0.user_id,r1_0.role from user_roles r1_0 where r1_0.user_id=?
2026-05-28T19:53:57.756+03:30 DEBUG 9248 --- [blogApp] [nio-8080-exec-3] o.s.security.web.FilterChainProxy        : Secured GET /api/comment-likes/20/liked
2026-05-28T19:53:57.756+03:30 DEBUG 9248 --- [blogApp] [nio-8080-exec-3] o.s.web.servlet.DispatcherServlet        : GET "/api/comment-likes/20/liked", parameters={}
2026-05-28T19:53:57.772+03:30 DEBUG 9248 --- [blogApp] [nio-8080-exec-3] s.w.s.m.m.a.RequestMappingHandlerMapping : Mapped to com.mahdi.blogApp.feature.comment.controller.CommentLikeController#isLiked(Long)
2026-05-28T19:53:57.772+03:30 DEBUG 9248 --- [blogApp] [nio-8080-exec-3] o.j.s.OpenEntityManagerInViewInterceptor : Opening JPA EntityManager in OpenEntityManagerInViewInterceptor
2026-05-28T19:53:57.772+03:30 DEBUG 9248 --- [blogApp] [nio-8080-exec-3] horizationManagerBeforeMethodInterceptor : Authorizing method invocation ReflectiveMethodInvocation: public boolean com.mahdi.blogApp.feature.comment.controller.CommentLikeController.isLiked(java.lang.Long); target is of class [com.mahdi.blogApp.feature.comment.controller.CommentLikeController]
2026-05-28T19:53:57.772+03:30 DEBUG 9248 --- [blogApp] [nio-8080-exec-3] horizationManagerBeforeMethodInterceptor : Failed to authorize ReflectiveMethodInvocation: public boolean com.mahdi.blogApp.feature.comment.controller.CommentLikeController.isLiked(java.lang.Long); target is of class [com.mahdi.blogApp.feature.comment.controller.CommentLikeController] with authorization manager org.springframework.security.authorization.method.PreAuthorizeAuthorizationManager@6cdb4e68 and result ExpressionAuthorizationDecision [granted=false, expressionAttribute=hasRole('USER')]
2026-05-28T19:53:57.772+03:30 DEBUG 9248 --- [blogApp] [nio-8080-exec-3] o.j.s.OpenEntityManagerInViewInterceptor : Closing JPA EntityManager in OpenEntityManagerInViewInterceptor
2026-05-28T19:53:57.772+03:30 DEBUG 9248 --- [blogApp] [nio-8080-exec-3] o.s.web.servlet.DispatcherServlet        : Failed to complete request: org.springframework.security.authorization.AuthorizationDeniedException: Access Denied
2026-05-28T19:53:57.772+03:30 DEBUG 9248 --- [blogApp] [nio-8080-exec-3] o.s.s.w.access.AccessDeniedHandlerImpl   : Responding with 403 status code
2026-05-28T19:53:57.772+03:30 DEBUG 9248 --- [blogApp] [nio-8080-exec-3] o.s.security.web.FilterChainProxy        : Securing GET /error
2026-05-28T19:53:57.772+03:30 DEBUG 9248 --- [blogApp] [nio-8080-exec-3] o.s.s.w.a.AnonymousAuthenticationFilter  : Set SecurityContextHolder to anonymous SecurityContext
2026-05-28T19:53:57.772+03:30 DEBUG 9248 --- [blogApp] [nio-8080-exec-3] o.s.s.w.a.Http403ForbiddenEntryPoint     : Pre-authenticated entry point called. Rejecting access
2026-05-28T19:54:01.213+03:30 DEBUG 9248 --- [blogApp] [nio-8080-exec-4] o.s.security.web.FilterChainProxy        : Securing GET /api/posts
2026-05-28T19:54:01.213+03:30 DEBUG 9248 --- [blogApp] [nio-8080-exec-6] o.s.security.web.FilterChainProxy        : Securing GET /api/posts
2026-05-28T19:54:01.213+03:30 DEBUG 9248 --- [blogApp] [nio-8080-exec-6] o.s.s.w.a.AnonymousAuthenticationFilter  : Set SecurityContextHolder to anonymous SecurityContext
2026-05-28T19:54:01.213+03:30 DEBUG 9248 --- [blogApp] [nio-8080-exec-4] o.s.s.w.a.AnonymousAuthenticationFilter  : Set SecurityContextHolder to anonymous SecurityContext
2026-05-28T19:54:01.213+03:30 DEBUG 9248 --- [blogApp] [nio-8080-exec-4] o.s.security.web.FilterChainProxy        : Secured GET /api/posts
2026-05-28T19:54:01.213+03:30 DEBUG 9248 --- [blogApp] [nio-8080-exec-6] o.s.security.web.FilterChainProxy        : Secured GET /api/posts
2026-05-28T19:54:01.213+03:30 DEBUG 9248 --- [blogApp] [nio-8080-exec-4] o.s.web.servlet.DispatcherServlet        : GET "/api/posts", parameters={}
2026-05-28T19:54:01.213+03:30 DEBUG 9248 --- [blogApp] [nio-8080-exec-6] o.s.web.servlet.DispatcherServlet        : GET "/api/posts", parameters={}
2026-05-28T19:54:01.213+03:30 DEBUG 9248 --- [blogApp] [nio-8080-exec-6] s.w.s.m.m.a.RequestMappingHandlerMapping : Mapped to com.mahdi.blogApp.feature.post.controller.PostController#getAllPosts(Pageable)
2026-05-28T19:54:01.213+03:30 DEBUG 9248 --- [blogApp] [nio-8080-exec-4] s.w.s.m.m.a.RequestMappingHandlerMapping : Mapped to com.mahdi.blogApp.feature.post.controller.PostController#getAllPosts(Pageable)
2026-05-28T19:54:01.213+03:30 DEBUG 9248 --- [blogApp] [nio-8080-exec-4] o.j.s.OpenEntityManagerInViewInterceptor : Opening JPA EntityManager in OpenEntityManagerInViewInterceptor
2026-05-28T19:54:01.213+03:30 DEBUG 9248 --- [blogApp] [nio-8080-exec-6] o.j.s.OpenEntityManagerInViewInterceptor : Opening JPA EntityManager in OpenEntityManagerInViewInterceptor
2026-05-28T19:54:01.213+03:30 DEBUG 9248 --- [blogApp] [nio-8080-exec-4] horizationManagerBeforeMethodInterceptor : Authorizing method invocation ReflectiveMethodInvocation: public org.springframework.http.ResponseEntity com.mahdi.blogApp.feature.post.controller.PostController.getAllPosts(org.springframework.data.domain.Pageable); target is of class [com.mahdi.blogApp.feature.post.controller.PostController]
2026-05-28T19:54:01.213+03:30 DEBUG 9248 --- [blogApp] [nio-8080-exec-6] horizationManagerBeforeMethodInterceptor : Authorizing method invocation ReflectiveMethodInvocation: public org.springframework.http.ResponseEntity com.mahdi.blogApp.feature.post.controller.PostController.getAllPosts(org.springframework.data.domain.Pageable); target is of class [com.mahdi.blogApp.feature.post.controller.PostController]
2026-05-28T19:54:01.213+03:30 DEBUG 9248 --- [blogApp] [nio-8080-exec-4] horizationManagerBeforeMethodInterceptor : Authorized method invocation ReflectiveMethodInvocation: public org.springframework.http.ResponseEntity com.mahdi.blogApp.feature.post.controller.PostController.getAllPosts(org.springframework.data.domain.Pageable); target is of class [com.mahdi.blogApp.feature.post.controller.PostController]
2026-05-28T19:54:01.213+03:30 DEBUG 9248 --- [blogApp] [nio-8080-exec-6] horizationManagerBeforeMethodInterceptor : Authorized method invocation ReflectiveMethodInvocation: public org.springframework.http.ResponseEntity com.mahdi.blogApp.feature.post.controller.PostController.getAllPosts(org.springframework.data.domain.Pageable); target is of class [com.mahdi.blogApp.feature.post.controller.PostController]
2026-05-28T19:54:01.213+03:30 DEBUG 9248 --- [blogApp] [nio-8080-exec-4] o.s.orm.jpa.JpaTransactionManager        : Found thread-bound EntityManager [SessionImpl(674180651<open>)] for JPA transaction
2026-05-28T19:54:01.213+03:30 DEBUG 9248 --- [blogApp] [nio-8080-exec-6] o.s.orm.jpa.JpaTransactionManager        : Found thread-bound EntityManager [SessionImpl(859079256<open>)] for JPA transaction
2026-05-28T19:54:01.213+03:30 DEBUG 9248 --- [blogApp] [nio-8080-exec-4] o.s.orm.jpa.JpaTransactionManager        : Creating new transaction with name [org.springframework.data.jpa.repository.support.SimpleJpaRepository.findAll]: PROPAGATION_REQUIRED,ISOLATION_DEFAULT,readOnly
2026-05-28T19:54:01.213+03:30 DEBUG 9248 --- [blogApp] [nio-8080-exec-6] o.s.orm.jpa.JpaTransactionManager        : Creating new transaction with name [org.springframework.data.jpa.repository.support.SimpleJpaRepository.findAll]: PROPAGATION_REQUIRED,ISOLATION_DEFAULT,readOnly
2026-05-28T19:54:01.213+03:30 DEBUG 9248 --- [blogApp] [nio-8080-exec-4] o.s.jdbc.datasource.DataSourceUtils      : Setting JDBC Connection [HikariProxyConnection@1463539522 wrapping org.postgresql.jdbc.PgConnection@77ff14ce] read-only
2026-05-28T19:54:01.213+03:30 DEBUG 9248 --- [blogApp] [nio-8080-exec-6] o.s.jdbc.datasource.DataSourceUtils      : Setting JDBC Connection [HikariProxyConnection@1194123002 wrapping org.postgresql.jdbc.PgConnection@e962abe] read-only
2026-05-28T19:54:01.213+03:30 DEBUG 9248 --- [blogApp] [nio-8080-exec-4] o.s.orm.jpa.JpaTransactionManager        : Exposing JPA transaction as JDBC [org.springframework.orm.jpa.vendor.HibernateJpaDialect$HibernateConnectionHandle@16911c65]
2026-05-28T19:54:01.213+03:30 DEBUG 9248 --- [blogApp] [nio-8080-exec-6] o.s.orm.jpa.JpaTransactionManager        : Exposing JPA transaction as JDBC [org.springframework.orm.jpa.vendor.HibernateJpaDialect$HibernateConnectionHandle@2886041c]
2026-05-28T19:54:01.213+03:30 DEBUG 9248 --- [blogApp] [nio-8080-exec-4] org.hibernate.SQL                        : select pe1_0.id,pe1_0.author_id,pe1_0.content,pe1_0.created_at,pe1_0.title,pe1_0.updated_at from posts pe1_0 offset ? rows fetch first ? rows only
Hibernate: select pe1_0.id,pe1_0.author_id,pe1_0.content,pe1_0.created_at,pe1_0.title,pe1_0.updated_at from posts pe1_0 offset ? rows fetch first ? rows only
2026-05-28T19:54:01.213+03:30 DEBUG 9248 --- [blogApp] [nio-8080-exec-6] org.hibernate.SQL                        : select pe1_0.id,pe1_0.author_id,pe1_0.content,pe1_0.created_at,pe1_0.title,pe1_0.updated_at from posts pe1_0 offset ? rows fetch first ? rows only
Hibernate: select pe1_0.id,pe1_0.author_id,pe1_0.content,pe1_0.created_at,pe1_0.title,pe1_0.updated_at from posts pe1_0 offset ? rows fetch first ? rows only
2026-05-28T19:54:01.213+03:30 DEBUG 9248 --- [blogApp] [nio-8080-exec-4] o.s.orm.jpa.JpaTransactionManager        : Initiating transaction commit
2026-05-28T19:54:01.213+03:30 DEBUG 9248 --- [blogApp] [nio-8080-exec-6] o.s.orm.jpa.JpaTransactionManager        : Initiating transaction commit
2026-05-28T19:54:01.213+03:30 DEBUG 9248 --- [blogApp] [nio-8080-exec-4] o.s.orm.jpa.JpaTransactionManager        : Committing JPA transaction on EntityManager [SessionImpl(674180651<open>)]
2026-05-28T19:54:01.213+03:30 DEBUG 9248 --- [blogApp] [nio-8080-exec-6] o.s.orm.jpa.JpaTransactionManager        : Committing JPA transaction on EntityManager [SessionImpl(859079256<open>)]
2026-05-28T19:54:01.223+03:30 DEBUG 9248 --- [blogApp] [nio-8080-exec-4] o.s.jdbc.datasource.DataSourceUtils      : Resetting read-only flag of JDBC Connection [HikariProxyConnection@1463539522 wrapping org.postgresql.jdbc.PgConnection@77ff14ce]
2026-05-28T19:54:01.223+03:30 DEBUG 9248 --- [blogApp] [nio-8080-exec-6] o.s.jdbc.datasource.DataSourceUtils      : Resetting read-only flag of JDBC Connection [HikariProxyConnection@1194123002 wrapping org.postgresql.jdbc.PgConnection@e962abe]
2026-05-28T19:54:01.223+03:30 DEBUG 9248 --- [blogApp] [nio-8080-exec-4] o.s.orm.jpa.JpaTransactionManager        : Not closing pre-bound JPA EntityManager after transaction
2026-05-28T19:54:01.223+03:30 DEBUG 9248 --- [blogApp] [nio-8080-exec-6] o.s.orm.jpa.JpaTransactionManager        : Not closing pre-bound JPA EntityManager after transaction
2026-05-28T19:54:01.223+03:30 DEBUG 9248 --- [blogApp] [nio-8080-exec-6] org.hibernate.SQL                        : select c1_0.post_id,c1_1.id,c1_1.created_at,c1_1.description,c1_1.name,c1_1.slug,c1_1.updated_at from post_categories c1_0 join categories c1_1 on c1_1.id=c1_0.category_id where c1_0.post_id=?
Hibernate: select c1_0.post_id,c1_1.id,c1_1.created_at,c1_1.description,c1_1.name,c1_1.slug,c1_1.updated_at from post_categories c1_0 join categories c1_1 on c1_1.id=c1_0.category_id where c1_0.post_id=?
2026-05-28T19:54:01.223+03:30 DEBUG 9248 --- [blogApp] [nio-8080-exec-4] org.hibernate.SQL                        : select c1_0.post_id,c1_1.id,c1_1.created_at,c1_1.description,c1_1.name,c1_1.slug,c1_1.updated_at from post_categories c1_0 join categories c1_1 on c1_1.id=c1_0.category_id where c1_0.post_id=?
Hibernate: select c1_0.post_id,c1_1.id,c1_1.created_at,c1_1.description,c1_1.name,c1_1.slug,c1_1.updated_at from post_categories c1_0 join categories c1_1 on c1_1.id=c1_0.category_id where c1_0.post_id=?
2026-05-28T19:54:01.223+03:30 DEBUG 9248 --- [blogApp] [nio-8080-exec-6] org.hibernate.SQL                        : select c1_0.post_id,c1_1.id,c1_1.created_at,c1_1.description,c1_1.name,c1_1.slug,c1_1.updated_at from post_categories c1_0 join categories c1_1 on c1_1.id=c1_0.category_id where c1_0.post_id=?
Hibernate: select c1_0.post_id,c1_1.id,c1_1.created_at,c1_1.description,c1_1.name,c1_1.slug,c1_1.updated_at from post_categories c1_0 join categories c1_1 on c1_1.id=c1_0.category_id where c1_0.post_id=?
2026-05-28T19:54:01.223+03:30 DEBUG 9248 --- [blogApp] [nio-8080-exec-4] org.hibernate.SQL                        : select c1_0.post_id,c1_1.id,c1_1.created_at,c1_1.description,c1_1.name,c1_1.slug,c1_1.updated_at from post_categories c1_0 join categories c1_1 on c1_1.id=c1_0.category_id where c1_0.post_id=?
Hibernate: select c1_0.post_id,c1_1.id,c1_1.created_at,c1_1.description,c1_1.name,c1_1.slug,c1_1.updated_at from post_categories c1_0 join categories c1_1 on c1_1.id=c1_0.category_id where c1_0.post_id=?
2026-05-28T19:54:01.223+03:30 DEBUG 9248 --- [blogApp] [nio-8080-exec-4] org.hibernate.SQL                        : select c1_0.post_id,c1_1.id,c1_1.created_at,c1_1.description,c1_1.name,c1_1.slug,c1_1.updated_at from post_categories c1_0 join categories c1_1 on c1_1.id=c1_0.category_id where c1_0.post_id=?
2026-05-28T19:54:01.223+03:30 DEBUG 9248 --- [blogApp] [nio-8080-exec-6] org.hibernate.SQL                        : select c1_0.post_id,c1_1.id,c1_1.created_at,c1_1.description,c1_1.name,c1_1.slug,c1_1.updated_at from post_categories c1_0 join categories c1_1 on c1_1.id=c1_0.category_id where c1_0.post_id=?
Hibernate: select c1_0.post_id,c1_1.id,c1_1.created_at,c1_1.description,c1_1.name,c1_1.slug,c1_1.updated_at from post_categories c1_0 join categories c1_1 on c1_1.id=c1_0.category_id where c1_0.post_id=?
Hibernate: select c1_0.post_id,c1_1.id,c1_1.created_at,c1_1.description,c1_1.name,c1_1.slug,c1_1.updated_at from post_categories c1_0 join categories c1_1 on c1_1.id=c1_0.category_id where c1_0.post_id=?
2026-05-28T19:54:01.223+03:30 DEBUG 9248 --- [blogApp] [nio-8080-exec-4] org.hibernate.SQL                        : select c1_0.post_id,c1_1.id,c1_1.created_at,c1_1.description,c1_1.name,c1_1.slug,c1_1.updated_at from post_categories c1_0 join categories c1_1 on c1_1.id=c1_0.category_id where c1_0.post_id=?
Hibernate: select c1_0.post_id,c1_1.id,c1_1.created_at,c1_1.description,c1_1.name,c1_1.slug,c1_1.updated_at from post_categories c1_0 join categories c1_1 on c1_1.id=c1_0.category_id where c1_0.post_id=?
2026-05-28T19:54:01.223+03:30 DEBUG 9248 --- [blogApp] [nio-8080-exec-6] org.hibernate.SQL                        : select c1_0.post_id,c1_1.id,c1_1.created_at,c1_1.description,c1_1.name,c1_1.slug,c1_1.updated_at from post_categories c1_0 join categories c1_1 on c1_1.id=c1_0.category_id where c1_0.post_id=?
Hibernate: select c1_0.post_id,c1_1.id,c1_1.created_at,c1_1.description,c1_1.name,c1_1.slug,c1_1.updated_at from post_categories c1_0 join categories c1_1 on c1_1.id=c1_0.category_id where c1_0.post_id=?
2026-05-28T19:54:01.223+03:30 DEBUG 9248 --- [blogApp] [nio-8080-exec-4] org.hibernate.SQL                        : select c1_0.post_id,c1_1.id,c1_1.created_at,c1_1.description,c1_1.name,c1_1.slug,c1_1.updated_at from post_categories c1_0 join categories c1_1 on c1_1.id=c1_0.category_id where c1_0.post_id=?
Hibernate: select c1_0.post_id,c1_1.id,c1_1.created_at,c1_1.description,c1_1.name,c1_1.slug,c1_1.updated_at from post_categories c1_0 join categories c1_1 on c1_1.id=c1_0.category_id where c1_0.post_id=?
2026-05-28T19:54:01.223+03:30 DEBUG 9248 --- [blogApp] [nio-8080-exec-6] org.hibernate.SQL                        : select c1_0.post_id,c1_1.id,c1_1.created_at,c1_1.description,c1_1.name,c1_1.slug,c1_1.updated_at from post_categories c1_0 join categories c1_1 on c1_1.id=c1_0.category_id where c1_0.post_id=?
Hibernate: select c1_0.post_id,c1_1.id,c1_1.created_at,c1_1.description,c1_1.name,c1_1.slug,c1_1.updated_at from post_categories c1_0 join categories c1_1 on c1_1.id=c1_0.category_id where c1_0.post_id=?
2026-05-28T19:54:01.223+03:30 DEBUG 9248 --- [blogApp] [nio-8080-exec-4] org.hibernate.SQL                        : select c1_0.post_id,c1_1.id,c1_1.created_at,c1_1.description,c1_1.name,c1_1.slug,c1_1.updated_at from post_categories c1_0 join categories c1_1 on c1_1.id=c1_0.category_id where c1_0.post_id=?
Hibernate: select c1_0.post_id,c1_1.id,c1_1.created_at,c1_1.description,c1_1.name,c1_1.slug,c1_1.updated_at from post_categories c1_0 join categories c1_1 on c1_1.id=c1_0.category_id where c1_0.post_id=?
2026-05-28T19:54:01.223+03:30 DEBUG 9248 --- [blogApp] [nio-8080-exec-6] org.hibernate.SQL                        : select c1_0.post_id,c1_1.id,c1_1.created_at,c1_1.description,c1_1.name,c1_1.slug,c1_1.updated_at from post_categories c1_0 join categories c1_1 on c1_1.id=c1_0.category_id where c1_0.post_id=?
Hibernate: select c1_0.post_id,c1_1.id,c1_1.created_at,c1_1.description,c1_1.name,c1_1.slug,c1_1.updated_at from post_categories c1_0 join categories c1_1 on c1_1.id=c1_0.category_id where c1_0.post_id=?
2026-05-28T19:54:01.223+03:30 DEBUG 9248 --- [blogApp] [nio-8080-exec-4] org.hibernate.SQL                        : select c1_0.post_id,c1_1.id,c1_1.created_at,c1_1.description,c1_1.name,c1_1.slug,c1_1.updated_at from post_categories c1_0 join categories c1_1 on c1_1.id=c1_0.category_id where c1_0.post_id=?
Hibernate: select c1_0.post_id,c1_1.id,c1_1.created_at,c1_1.description,c1_1.name,c1_1.slug,c1_1.updated_at from post_categories c1_0 join categories c1_1 on c1_1.id=c1_0.category_id where c1_0.post_id=?
2026-05-28T19:54:01.223+03:30 DEBUG 9248 --- [blogApp] [nio-8080-exec-6] org.hibernate.SQL                        : select c1_0.post_id,c1_1.id,c1_1.created_at,c1_1.description,c1_1.name,c1_1.slug,c1_1.updated_at from post_categories c1_0 join categories c1_1 on c1_1.id=c1_0.category_id where c1_0.post_id=?
Hibernate: select c1_0.post_id,c1_1.id,c1_1.created_at,c1_1.description,c1_1.name,c1_1.slug,c1_1.updated_at from post_categories c1_0 join categories c1_1 on c1_1.id=c1_0.category_id where c1_0.post_id=?
2026-05-28T19:54:01.231+03:30 DEBUG 9248 --- [blogApp] [nio-8080-exec-6] o.s.w.s.m.m.a.HttpEntityMethodProcessor  : Using 'application/json', given [*/*] and supported [application/json, application/*+json]
2026-05-28T19:54:01.231+03:30 DEBUG 9248 --- [blogApp] [nio-8080-exec-4] o.s.w.s.m.m.a.HttpEntityMethodProcessor  : Using 'application/json', given [*/*] and supported [application/json, application/*+json]
2026-05-28T19:54:01.231+03:30 DEBUG 9248 --- [blogApp] [nio-8080-exec-6] o.s.w.s.m.m.a.HttpEntityMethodProcessor  : Writing [Page 1 of 1 containing com.mahdi.blogApp.feature.post.model.PostResponse instances]
2026-05-28T19:54:01.231+03:30 DEBUG 9248 --- [blogApp] [nio-8080-exec-4] o.s.w.s.m.m.a.HttpEntityMethodProcessor  : Writing [Page 1 of 1 containing com.mahdi.blogApp.feature.post.model.PostResponse instances]
2026-05-28T19:54:01.231+03:30 DEBUG 9248 --- [blogApp] [nio-8080-exec-4] o.j.s.OpenEntityManagerInViewInterceptor : Closing JPA EntityManager in OpenEntityManagerInViewInterceptor
2026-05-28T19:54:01.231+03:30 DEBUG 9248 --- [blogApp] [nio-8080-exec-6] o.j.s.OpenEntityManagerInViewInterceptor : Closing JPA EntityManager in OpenEntityManagerInViewInterceptor
2026-05-28T19:54:01.231+03:30 DEBUG 9248 --- [blogApp] [nio-8080-exec-6] o.s.web.servlet.DispatcherServlet        : Completed 200 OK
2026-05-28T19:54:01.231+03:30 DEBUG 9248 --- [blogApp] [nio-8080-exec-4] o.s.web.servlet.DispatcherServlet        : Completed 200 OK
2026-05-28T19:58:11.554+03:30 DEBUG 9248 --- [blogApp] [nio-8080-exec-9] o.s.security.web.FilterChainProxy        : Securing OPTIONS /api/bookmarks/3/saved
2026-05-28T19:58:11.554+03:30 DEBUG 9248 --- [blogApp] [nio-8080-exec-8] o.s.security.web.FilterChainProxy        : Securing OPTIONS /api/bookmarks/1/saved
2026-05-28T19:58:11.558+03:30 DEBUG 9248 --- [blogApp] [io-8080-exec-10] o.s.security.web.FilterChainProxy        : Securing OPTIONS /api/bookmarks/4/saved
2026-05-28T19:58:11.559+03:30 DEBUG 9248 --- [blogApp] [nio-8080-exec-1] o.s.security.web.FilterChainProxy        : Securing OPTIONS /api/bookmarks/6/saved
2026-05-28T19:58:11.559+03:30 DEBUG 9248 --- [blogApp] [nio-8080-exec-2] o.s.security.web.FilterChainProxy        : Securing OPTIONS /api/bookmarks/10/saved
2026-05-28T19:58:11.559+03:30 DEBUG 9248 --- [blogApp] [nio-8080-exec-3] o.s.security.web.FilterChainProxy        : Securing GET /api/bookmarks/1/saved
2026-05-28T19:58:11.559+03:30 DEBUG 9248 --- [blogApp] [nio-8080-exec-6] o.s.security.web.FilterChainProxy        : Securing GET /api/bookmarks/3/saved
2026-05-28T19:58:11.564+03:30 DEBUG 9248 --- [blogApp] [nio-8080-exec-3] tor$SharedEntityManagerInvocationHandler : Creating new EntityManager for shared EntityManager invocation
2026-05-28T19:58:11.565+03:30 DEBUG 9248 --- [blogApp] [nio-8080-exec-4] o.s.security.web.FilterChainProxy        : Securing OPTIONS /api/bookmarks/11/saved
2026-05-28T19:58:11.565+03:30 DEBUG 9248 --- [blogApp] [nio-8080-exec-7] o.s.security.web.FilterChainProxy        : Securing OPTIONS /api/bookmarks/12/saved
2026-05-28T19:58:11.565+03:30 DEBUG 9248 --- [blogApp] [nio-8080-exec-5] o.s.security.web.FilterChainProxy        : Securing GET /api/bookmarks/4/saved
2026-05-28T19:58:11.567+03:30 DEBUG 9248 --- [blogApp] [nio-8080-exec-6] tor$SharedEntityManagerInvocationHandler : Creating new EntityManager for shared EntityManager invocation
2026-05-28T19:58:11.567+03:30 DEBUG 9248 --- [blogApp] [nio-8080-exec-3] org.hibernate.SQL                        : select ue1_0.id,ue1_0.bio,ue1_0.created_at,ue1_0.email,ue1_0.enabled,ue1_0.password,ue1_0.profile_picture,ue1_0.updated_at,ue1_0.user_name from users ue1_0 where ue1_0.user_name=?
Hibernate: select ue1_0.id,ue1_0.bio,ue1_0.created_at,ue1_0.email,ue1_0.enabled,ue1_0.password,ue1_0.profile_picture,ue1_0.updated_at,ue1_0.user_name from users ue1_0 where ue1_0.user_name=?
2026-05-28T19:58:11.569+03:30 DEBUG 9248 --- [blogApp] [nio-8080-exec-5] tor$SharedEntityManagerInvocationHandler : Creating new EntityManager for shared EntityManager invocation
2026-05-28T19:58:11.569+03:30 DEBUG 9248 --- [blogApp] [nio-8080-exec-6] org.hibernate.SQL                        : select ue1_0.id,ue1_0.bio,ue1_0.created_at,ue1_0.email,ue1_0.enabled,ue1_0.password,ue1_0.profile_picture,ue1_0.updated_at,ue1_0.user_name from users ue1_0 where ue1_0.user_name=?
Hibernate: select ue1_0.id,ue1_0.bio,ue1_0.created_at,ue1_0.email,ue1_0.enabled,ue1_0.password,ue1_0.profile_picture,ue1_0.updated_at,ue1_0.user_name from users ue1_0 where ue1_0.user_name=?
2026-05-28T19:58:11.571+03:30 DEBUG 9248 --- [blogApp] [nio-8080-exec-3] org.hibernate.SQL                        : select r1_0.user_id,r1_0.role from user_roles r1_0 where r1_0.user_id=?
Hibernate: select r1_0.user_id,r1_0.role from user_roles r1_0 where r1_0.user_id=?
2026-05-28T19:58:11.571+03:30 DEBUG 9248 --- [blogApp] [nio-8080-exec-5] org.hibernate.SQL                        : select ue1_0.id,ue1_0.bio,ue1_0.created_at,ue1_0.email,ue1_0.enabled,ue1_0.password,ue1_0.profile_picture,ue1_0.updated_at,ue1_0.user_name from users ue1_0 where ue1_0.user_name=?
Hibernate: select ue1_0.id,ue1_0.bio,ue1_0.created_at,ue1_0.email,ue1_0.enabled,ue1_0.password,ue1_0.profile_picture,ue1_0.updated_at,ue1_0.user_name from users ue1_0 where ue1_0.user_name=?
2026-05-28T19:58:11.573+03:30 DEBUG 9248 --- [blogApp] [nio-8080-exec-9] o.s.security.web.FilterChainProxy        : Securing GET /api/bookmarks/6/saved
2026-05-28T19:58:11.575+03:30 DEBUG 9248 --- [blogApp] [nio-8080-exec-8] o.s.security.web.FilterChainProxy        : Securing GET /api/bookmarks/10/saved
2026-05-28T19:58:11.575+03:30 DEBUG 9248 --- [blogApp] [nio-8080-exec-6] org.hibernate.SQL                        : select r1_0.user_id,r1_0.role from user_roles r1_0 where r1_0.user_id=?
Hibernate: select r1_0.user_id,r1_0.role from user_roles r1_0 where r1_0.user_id=?
2026-05-28T19:58:11.575+03:30 DEBUG 9248 --- [blogApp] [nio-8080-exec-3] o.s.security.web.FilterChainProxy        : Secured GET /api/bookmarks/1/saved
2026-05-28T19:58:11.575+03:30 DEBUG 9248 --- [blogApp] [nio-8080-exec-9] tor$SharedEntityManagerInvocationHandler : Creating new EntityManager for shared EntityManager invocation
2026-05-28T19:58:11.575+03:30 DEBUG 9248 --- [blogApp] [nio-8080-exec-3] o.s.web.servlet.DispatcherServlet        : GET "/api/bookmarks/1/saved", parameters={}
2026-05-28T19:58:11.578+03:30 DEBUG 9248 --- [blogApp] [nio-8080-exec-3] o.s.w.s.handler.SimpleUrlHandlerMapping  : Mapped to ResourceHttpRequestHandler [classpath [META-INF/resources/], classpath [resources/], classpath [static/], classpath [public/], ServletContext [/]]
2026-05-28T19:58:11.578+03:30 DEBUG 9248 --- [blogApp] [nio-8080-exec-8] tor$SharedEntityManagerInvocationHandler : Creating new EntityManager for shared EntityManager invocation
2026-05-28T19:58:11.578+03:30 DEBUG 9248 --- [blogApp] [nio-8080-exec-3] o.j.s.OpenEntityManagerInViewInterceptor : Opening JPA EntityManager in OpenEntityManagerInViewInterceptor
2026-05-28T19:58:11.579+03:30 DEBUG 9248 --- [blogApp] [nio-8080-exec-9] org.hibernate.SQL                        : select ue1_0.id,ue1_0.bio,ue1_0.created_at,ue1_0.email,ue1_0.enabled,ue1_0.password,ue1_0.profile_picture,ue1_0.updated_at,ue1_0.user_name from users ue1_0 where ue1_0.user_name=?
Hibernate: select ue1_0.id,ue1_0.bio,ue1_0.created_at,ue1_0.email,ue1_0.enabled,ue1_0.password,ue1_0.profile_picture,ue1_0.updated_at,ue1_0.user_name from users ue1_0 where ue1_0.user_name=?
2026-05-28T19:58:11.580+03:30 DEBUG 9248 --- [blogApp] [nio-8080-exec-8] org.hibernate.SQL                        : select ue1_0.id,ue1_0.bio,ue1_0.created_at,ue1_0.email,ue1_0.enabled,ue1_0.password,ue1_0.profile_picture,ue1_0.updated_at,ue1_0.user_name from users ue1_0 where ue1_0.user_name=?
Hibernate: select ue1_0.id,ue1_0.bio,ue1_0.created_at,ue1_0.email,ue1_0.enabled,ue1_0.password,ue1_0.profile_picture,ue1_0.updated_at,ue1_0.user_name from users ue1_0 where ue1_0.user_name=?
2026-05-28T19:58:11.581+03:30 DEBUG 9248 --- [blogApp] [nio-8080-exec-6] o.s.security.web.FilterChainProxy        : Secured GET /api/bookmarks/3/saved
2026-05-28T19:58:11.581+03:30 DEBUG 9248 --- [blogApp] [nio-8080-exec-6] o.s.web.servlet.DispatcherServlet        : GET "/api/bookmarks/3/saved", parameters={}
2026-05-28T19:58:11.582+03:30 DEBUG 9248 --- [blogApp] [nio-8080-exec-6] o.s.w.s.handler.SimpleUrlHandlerMapping  : Mapped to ResourceHttpRequestHandler [classpath [META-INF/resources/], classpath [resources/], classpath [static/], classpath [public/], ServletContext [/]]
2026-05-28T19:58:11.582+03:30 DEBUG 9248 --- [blogApp] [nio-8080-exec-6] o.j.s.OpenEntityManagerInViewInterceptor : Opening JPA EntityManager in OpenEntityManagerInViewInterceptor
2026-05-28T19:58:11.583+03:30 DEBUG 9248 --- [blogApp] [nio-8080-exec-8] org.hibernate.SQL                        : select r1_0.user_id,r1_0.role from user_roles r1_0 where r1_0.user_id=?
Hibernate: select r1_0.user_id,r1_0.role from user_roles r1_0 where r1_0.user_id=?
2026-05-28T19:58:11.584+03:30 DEBUG 9248 --- [blogApp] [nio-8080-exec-9] org.hibernate.SQL                        : select r1_0.user_id,r1_0.role from user_roles r1_0 where r1_0.user_id=?
Hibernate: select r1_0.user_id,r1_0.role from user_roles r1_0 where r1_0.user_id=?
2026-05-28T19:58:11.584+03:30 DEBUG 9248 --- [blogApp] [nio-8080-exec-3] o.s.w.s.r.ResourceHttpRequestHandler     : Resource not found
2026-05-28T19:58:11.585+03:30 DEBUG 9248 --- [blogApp] [nio-8080-exec-6] o.s.w.s.r.ResourceHttpRequestHandler     : Resource not found
2026-05-28T19:58:11.585+03:30 DEBUG 9248 --- [blogApp] [nio-8080-exec-5] org.hibernate.SQL                        : select r1_0.user_id,r1_0.role from user_roles r1_0 where r1_0.user_id=?
Hibernate: select r1_0.user_id,r1_0.role from user_roles r1_0 where r1_0.user_id=?
2026-05-28T19:58:11.585+03:30 DEBUG 9248 --- [blogApp] [nio-8080-exec-6] .w.s.m.s.DefaultHandlerExceptionResolver : Resolved [org.springframework.web.servlet.resource.NoResourceFoundException: No static resource api/bookmarks/3/saved.]
2026-05-28T19:58:11.585+03:30 DEBUG 9248 --- [blogApp] [nio-8080-exec-3] .w.s.m.s.DefaultHandlerExceptionResolver : Resolved [org.springframework.web.servlet.resource.NoResourceFoundException: No static resource api/bookmarks/1/saved.]
2026-05-28T19:58:11.586+03:30 DEBUG 9248 --- [blogApp] [nio-8080-exec-6] o.j.s.OpenEntityManagerInViewInterceptor : Closing JPA EntityManager in OpenEntityManagerInViewInterceptor
2026-05-28T19:58:11.586+03:30 DEBUG 9248 --- [blogApp] [nio-8080-exec-3] o.j.s.OpenEntityManagerInViewInterceptor : Closing JPA EntityManager in OpenEntityManagerInViewInterceptor
2026-05-28T19:58:11.586+03:30 DEBUG 9248 --- [blogApp] [nio-8080-exec-6] o.s.web.servlet.DispatcherServlet        : Completed 404 NOT_FOUND
2026-05-28T19:58:11.586+03:30 DEBUG 9248 --- [blogApp] [nio-8080-exec-3] o.s.web.servlet.DispatcherServlet        : Completed 404 NOT_FOUND
2026-05-28T19:58:11.587+03:30 DEBUG 9248 --- [blogApp] [nio-8080-exec-6] o.s.security.web.FilterChainProxy        : Securing GET /error
2026-05-28T19:58:11.587+03:30 DEBUG 9248 --- [blogApp] [nio-8080-exec-6] o.s.s.w.a.AnonymousAuthenticationFilter  : Set SecurityContextHolder to anonymous SecurityContext
2026-05-28T19:58:11.588+03:30 DEBUG 9248 --- [blogApp] [nio-8080-exec-6] o.s.s.w.a.Http403ForbiddenEntryPoint     : Pre-authenticated entry point called. Rejecting access
2026-05-28T19:58:11.588+03:30 DEBUG 9248 --- [blogApp] [nio-8080-exec-8] o.s.security.web.FilterChainProxy        : Secured GET /api/bookmarks/10/saved
2026-05-28T19:58:11.588+03:30 DEBUG 9248 --- [blogApp] [nio-8080-exec-9] o.s.security.web.FilterChainProxy        : Secured GET /api/bookmarks/6/saved
2026-05-28T19:58:11.588+03:30 DEBUG 9248 --- [blogApp] [nio-8080-exec-3] o.s.security.web.FilterChainProxy        : Securing GET /error
2026-05-28T19:58:11.588+03:30 DEBUG 9248 --- [blogApp] [nio-8080-exec-9] o.s.web.servlet.DispatcherServlet        : GET "/api/bookmarks/6/saved", parameters={}
2026-05-28T19:58:11.588+03:30 DEBUG 9248 --- [blogApp] [nio-8080-exec-8] o.s.web.servlet.DispatcherServlet        : GET "/api/bookmarks/10/saved", parameters={}
2026-05-28T19:58:11.589+03:30 DEBUG 9248 --- [blogApp] [nio-8080-exec-3] o.s.s.w.a.AnonymousAuthenticationFilter  : Set SecurityContextHolder to anonymous SecurityContext
2026-05-28T19:58:11.589+03:30 DEBUG 9248 --- [blogApp] [nio-8080-exec-9] o.s.w.s.handler.SimpleUrlHandlerMapping  : Mapped to ResourceHttpRequestHandler [classpath [META-INF/resources/], classpath [resources/], classpath [static/], classpath [public/], ServletContext [/]]
2026-05-28T19:58:11.589+03:30 DEBUG 9248 --- [blogApp] [nio-8080-exec-3] o.s.s.w.a.Http403ForbiddenEntryPoint     : Pre-authenticated entry point called. Rejecting access
2026-05-28T19:58:11.589+03:30 DEBUG 9248 --- [blogApp] [nio-8080-exec-8] o.s.w.s.handler.SimpleUrlHandlerMapping  : Mapped to ResourceHttpRequestHandler [classpath [META-INF/resources/], classpath [resources/], classpath [static/], classpath [public/], ServletContext [/]]
2026-05-28T19:58:11.589+03:30 DEBUG 9248 --- [blogApp] [nio-8080-exec-9] o.j.s.OpenEntityManagerInViewInterceptor : Opening JPA EntityManager in OpenEntityManagerInViewInterceptor
2026-05-28T19:58:11.590+03:30 DEBUG 9248 --- [blogApp] [nio-8080-exec-5] o.s.security.web.FilterChainProxy        : Secured GET /api/bookmarks/4/saved
2026-05-28T19:58:11.590+03:30 DEBUG 9248 --- [blogApp] [nio-8080-exec-8] o.j.s.OpenEntityManagerInViewInterceptor : Opening JPA EntityManager in OpenEntityManagerInViewInterceptor
2026-05-28T19:58:11.590+03:30 DEBUG 9248 --- [blogApp] [nio-8080-exec-5] o.s.web.servlet.DispatcherServlet        : GET "/api/bookmarks/4/saved", parameters={}
2026-05-28T19:58:11.590+03:30 DEBUG 9248 --- [blogApp] [nio-8080-exec-1] o.s.security.web.FilterChainProxy        : Securing GET /api/bookmarks/12/saved
2026-05-28T19:58:11.590+03:30 DEBUG 9248 --- [blogApp] [nio-8080-exec-5] o.s.w.s.handler.SimpleUrlHandlerMapping  : Mapped to ResourceHttpRequestHandler [classpath [META-INF/resources/], classpath [resources/], classpath [static/], classpath [public/], ServletContext [/]]
2026-05-28T19:58:11.591+03:30 DEBUG 9248 --- [blogApp] [nio-8080-exec-5] o.j.s.OpenEntityManagerInViewInterceptor : Opening JPA EntityManager in OpenEntityManagerInViewInterceptor
2026-05-28T19:58:11.592+03:30 DEBUG 9248 --- [blogApp] [io-8080-exec-10] o.s.security.web.FilterChainProxy        : Securing GET /api/bookmarks/11/saved
2026-05-28T19:58:11.593+03:30 DEBUG 9248 --- [blogApp] [nio-8080-exec-1] tor$SharedEntityManagerInvocationHandler : Creating new EntityManager for shared EntityManager invocation
2026-05-28T19:58:11.593+03:30 DEBUG 9248 --- [blogApp] [nio-8080-exec-8] o.s.w.s.r.ResourceHttpRequestHandler     : Resource not found
2026-05-28T19:58:11.593+03:30 DEBUG 9248 --- [blogApp] [nio-8080-exec-8] .w.s.m.s.DefaultHandlerExceptionResolver : Resolved [org.springframework.web.servlet.resource.NoResourceFoundException: No static resource api/bookmarks/10/saved.]
2026-05-28T19:58:11.593+03:30 DEBUG 9248 --- [blogApp] [nio-8080-exec-8] o.j.s.OpenEntityManagerInViewInterceptor : Closing JPA EntityManager in OpenEntityManagerInViewInterceptor
2026-05-28T19:58:11.594+03:30 DEBUG 9248 --- [blogApp] [nio-8080-exec-8] o.s.web.servlet.DispatcherServlet        : Completed 404 NOT_FOUND
2026-05-28T19:58:11.594+03:30 DEBUG 9248 --- [blogApp] [nio-8080-exec-9] o.s.w.s.r.ResourceHttpRequestHandler     : Resource not found
2026-05-28T19:58:11.594+03:30 DEBUG 9248 --- [blogApp] [nio-8080-exec-5] o.s.w.s.r.ResourceHttpRequestHandler     : Resource not found
2026-05-28T19:58:11.594+03:30 DEBUG 9248 --- [blogApp] [io-8080-exec-10] tor$SharedEntityManagerInvocationHandler : Creating new EntityManager for shared EntityManager invocation
2026-05-28T19:58:11.594+03:30 DEBUG 9248 --- [blogApp] [nio-8080-exec-5] .w.s.m.s.DefaultHandlerExceptionResolver : Resolved [org.springframework.web.servlet.resource.NoResourceFoundException: No static resource api/bookmarks/4/saved.]
2026-05-28T19:58:11.594+03:30 DEBUG 9248 --- [blogApp] [nio-8080-exec-9] .w.s.m.s.DefaultHandlerExceptionResolver : Resolved [org.springframework.web.servlet.resource.NoResourceFoundException: No static resource api/bookmarks/6/saved.]
2026-05-28T19:58:11.594+03:30 DEBUG 9248 --- [blogApp] [nio-8080-exec-5] o.j.s.OpenEntityManagerInViewInterceptor : Closing JPA EntityManager in OpenEntityManagerInViewInterceptor
2026-05-28T19:58:11.594+03:30 DEBUG 9248 --- [blogApp] [nio-8080-exec-9] o.j.s.OpenEntityManagerInViewInterceptor : Closing JPA EntityManager in OpenEntityManagerInViewInterceptor
2026-05-28T19:58:11.594+03:30 DEBUG 9248 --- [blogApp] [nio-8080-exec-5] o.s.web.servlet.DispatcherServlet        : Completed 404 NOT_FOUND
2026-05-28T19:58:11.594+03:30 DEBUG 9248 --- [blogApp] [nio-8080-exec-9] o.s.web.servlet.DispatcherServlet        : Completed 404 NOT_FOUND
2026-05-28T19:58:11.595+03:30 DEBUG 9248 --- [blogApp] [nio-8080-exec-8] o.s.security.web.FilterChainProxy        : Securing GET /error
2026-05-28T19:58:11.595+03:30 DEBUG 9248 --- [blogApp] [nio-8080-exec-1] org.hibernate.SQL                        : select ue1_0.id,ue1_0.bio,ue1_0.created_at,ue1_0.email,ue1_0.enabled,ue1_0.password,ue1_0.profile_picture,ue1_0.updated_at,ue1_0.user_name from users ue1_0 where ue1_0.user_name=?
Hibernate: select ue1_0.id,ue1_0.bio,ue1_0.created_at,ue1_0.email,ue1_0.enabled,ue1_0.password,ue1_0.profile_picture,ue1_0.updated_at,ue1_0.user_name from users ue1_0 where ue1_0.user_name=?
2026-05-28T19:58:11.595+03:30 DEBUG 9248 --- [blogApp] [nio-8080-exec-9] o.s.security.web.FilterChainProxy        : Securing GET /error
2026-05-28T19:58:11.595+03:30 DEBUG 9248 --- [blogApp] [nio-8080-exec-5] o.s.security.web.FilterChainProxy        : Securing GET /error
2026-05-28T19:58:11.595+03:30 DEBUG 9248 --- [blogApp] [nio-8080-exec-8] o.s.s.w.a.AnonymousAuthenticationFilter  : Set SecurityContextHolder to anonymous SecurityContext
2026-05-28T19:58:11.595+03:30 DEBUG 9248 --- [blogApp] [nio-8080-exec-5] o.s.s.w.a.AnonymousAuthenticationFilter  : Set SecurityContextHolder to anonymous SecurityContext
2026-05-28T19:58:11.596+03:30 DEBUG 9248 --- [blogApp] [nio-8080-exec-9] o.s.s.w.a.AnonymousAuthenticationFilter  : Set SecurityContextHolder to anonymous SecurityContext
2026-05-28T19:58:11.596+03:30 DEBUG 9248 --- [blogApp] [nio-8080-exec-5] o.s.s.w.a.Http403ForbiddenEntryPoint     : Pre-authenticated entry point called. Rejecting access
2026-05-28T19:58:11.596+03:30 DEBUG 9248 --- [blogApp] [nio-8080-exec-8] o.s.s.w.a.Http403ForbiddenEntryPoint     : Pre-authenticated entry point called. Rejecting access
2026-05-28T19:58:11.596+03:30 DEBUG 9248 --- [blogApp] [nio-8080-exec-9] o.s.s.w.a.Http403ForbiddenEntryPoint     : Pre-authenticated entry point called. Rejecting access
2026-05-28T19:58:11.597+03:30 DEBUG 9248 --- [blogApp] [io-8080-exec-10] org.hibernate.SQL                        : select ue1_0.id,ue1_0.bio,ue1_0.created_at,ue1_0.email,ue1_0.enabled,ue1_0.password,ue1_0.profile_picture,ue1_0.updated_at,ue1_0.user_name from users ue1_0 where ue1_0.user_name=?
Hibernate: select ue1_0.id,ue1_0.bio,ue1_0.created_at,ue1_0.email,ue1_0.enabled,ue1_0.password,ue1_0.profile_picture,ue1_0.updated_at,ue1_0.user_name from users ue1_0 where ue1_0.user_name=?
2026-05-28T19:58:11.597+03:30 DEBUG 9248 --- [blogApp] [nio-8080-exec-1] org.hibernate.SQL                        : select r1_0.user_id,r1_0.role from user_roles r1_0 where r1_0.user_id=?
Hibernate: select r1_0.user_id,r1_0.role from user_roles r1_0 where r1_0.user_id=?
2026-05-28T19:58:11.600+03:30 DEBUG 9248 --- [blogApp] [io-8080-exec-10] org.hibernate.SQL                        : select r1_0.user_id,r1_0.role from user_roles r1_0 where r1_0.user_id=?
Hibernate: select r1_0.user_id,r1_0.role from user_roles r1_0 where r1_0.user_id=?
2026-05-28T19:58:11.600+03:30 DEBUG 9248 --- [blogApp] [nio-8080-exec-2] o.s.security.web.FilterChainProxy        : Securing GET /api/bookmarks/3/saved
2026-05-28T19:58:11.601+03:30 DEBUG 9248 --- [blogApp] [nio-8080-exec-1] o.s.security.web.FilterChainProxy        : Secured GET /api/bookmarks/12/saved
2026-05-28T19:58:11.601+03:30 DEBUG 9248 --- [blogApp] [nio-8080-exec-1] o.s.web.servlet.DispatcherServlet        : GET "/api/bookmarks/12/saved", parameters={}
2026-05-28T19:58:11.602+03:30 DEBUG 9248 --- [blogApp] [nio-8080-exec-7] o.s.security.web.FilterChainProxy        : Securing GET /api/bookmarks/1/saved
2026-05-28T19:58:11.602+03:30 DEBUG 9248 --- [blogApp] [nio-8080-exec-1] o.s.w.s.handler.SimpleUrlHandlerMapping  : Mapped to ResourceHttpRequestHandler [classpath [META-INF/resources/], classpath [resources/], classpath [static/], classpath [public/], ServletContext [/]]
2026-05-28T19:58:11.602+03:30 DEBUG 9248 --- [blogApp] [nio-8080-exec-1] o.j.s.OpenEntityManagerInViewInterceptor : Opening JPA EntityManager in OpenEntityManagerInViewInterceptor
2026-05-28T19:58:11.604+03:30 DEBUG 9248 --- [blogApp] [nio-8080-exec-7] tor$SharedEntityManagerInvocationHandler : Creating new EntityManager for shared EntityManager invocation
2026-05-28T19:58:11.605+03:30 DEBUG 9248 --- [blogApp] [nio-8080-exec-2] tor$SharedEntityManagerInvocationHandler : Creating new EntityManager for shared EntityManager invocation
2026-05-28T19:58:11.605+03:30 DEBUG 9248 --- [blogApp] [nio-8080-exec-1] o.s.w.s.r.ResourceHttpRequestHandler     : Resource not found
2026-05-28T19:58:11.605+03:30 DEBUG 9248 --- [blogApp] [io-8080-exec-10] o.s.security.web.FilterChainProxy        : Secured GET /api/bookmarks/11/saved
2026-05-28T19:58:11.605+03:30 DEBUG 9248 --- [blogApp] [nio-8080-exec-1] .w.s.m.s.DefaultHandlerExceptionResolver : Resolved [org.springframework.web.servlet.resource.NoResourceFoundException: No static resource api/bookmarks/12/saved.]
2026-05-28T19:58:11.605+03:30 DEBUG 9248 --- [blogApp] [nio-8080-exec-1] o.j.s.OpenEntityManagerInViewInterceptor : Closing JPA EntityManager in OpenEntityManagerInViewInterceptor
2026-05-28T19:58:11.606+03:30 DEBUG 9248 --- [blogApp] [io-8080-exec-10] o.s.web.servlet.DispatcherServlet        : GET "/api/bookmarks/11/saved", parameters={}
2026-05-28T19:58:11.606+03:30 DEBUG 9248 --- [blogApp] [nio-8080-exec-1] o.s.web.servlet.DispatcherServlet        : Completed 404 NOT_FOUND
2026-05-28T19:58:11.606+03:30 DEBUG 9248 --- [blogApp] [nio-8080-exec-7] org.hibernate.SQL                        : select ue1_0.id,ue1_0.bio,ue1_0.created_at,ue1_0.email,ue1_0.enabled,ue1_0.password,ue1_0.profile_picture,ue1_0.updated_at,ue1_0.user_name from users ue1_0 where ue1_0.user_name=?
Hibernate: select ue1_0.id,ue1_0.bio,ue1_0.created_at,ue1_0.email,ue1_0.enabled,ue1_0.password,ue1_0.profile_picture,ue1_0.updated_at,ue1_0.user_name from users ue1_0 where ue1_0.user_name=?
2026-05-28T19:58:11.606+03:30 DEBUG 9248 --- [blogApp] [nio-8080-exec-2] org.hibernate.SQL                        : select ue1_0.id,ue1_0.bio,ue1_0.created_at,ue1_0.email,ue1_0.enabled,ue1_0.password,ue1_0.profile_picture,ue1_0.updated_at,ue1_0.user_name from users ue1_0 where ue1_0.user_name=?
2026-05-28T19:58:11.607+03:30 DEBUG 9248 --- [blogApp] [io-8080-exec-10] o.s.w.s.handler.SimpleUrlHandlerMapping  : Mapped to ResourceHttpRequestHandler [classpath [META-INF/resources/], classpath [resources/], classpath [static/], classpath [public/], ServletContext [/]]
Hibernate: select ue1_0.id,ue1_0.bio,ue1_0.created_at,ue1_0.email,ue1_0.enabled,ue1_0.password,ue1_0.profile_picture,ue1_0.updated_at,ue1_0.user_name from users ue1_0 where ue1_0.user_name=?
2026-05-28T19:58:11.607+03:30 DEBUG 9248 --- [blogApp] [nio-8080-exec-1] o.s.security.web.FilterChainProxy        : Securing GET /error
2026-05-28T19:58:11.607+03:30 DEBUG 9248 --- [blogApp] [io-8080-exec-10] o.j.s.OpenEntityManagerInViewInterceptor : Opening JPA EntityManager in OpenEntityManagerInViewInterceptor
2026-05-28T19:58:11.607+03:30 DEBUG 9248 --- [blogApp] [nio-8080-exec-1] o.s.s.w.a.AnonymousAuthenticationFilter  : Set SecurityContextHolder to anonymous SecurityContext
2026-05-28T19:58:11.607+03:30 DEBUG 9248 --- [blogApp] [nio-8080-exec-1] o.s.s.w.a.Http403ForbiddenEntryPoint     : Pre-authenticated entry point called. Rejecting access
2026-05-28T19:58:11.608+03:30 DEBUG 9248 --- [blogApp] [nio-8080-exec-7] org.hibernate.SQL                        : select r1_0.user_id,r1_0.role from user_roles r1_0 where r1_0.user_id=?
Hibernate: select r1_0.user_id,r1_0.role from user_roles r1_0 where r1_0.user_id=?
2026-05-28T19:58:11.609+03:30 DEBUG 9248 --- [blogApp] [nio-8080-exec-2] org.hibernate.SQL                        : select r1_0.user_id,r1_0.role from user_roles r1_0 where r1_0.user_id=?
Hibernate: select r1_0.user_id,r1_0.role from user_roles r1_0 where r1_0.user_id=?
2026-05-28T19:58:11.610+03:30 DEBUG 9248 --- [blogApp] [io-8080-exec-10] o.s.w.s.r.ResourceHttpRequestHandler     : Resource not found
2026-05-28T19:58:11.611+03:30 DEBUG 9248 --- [blogApp] [io-8080-exec-10] .w.s.m.s.DefaultHandlerExceptionResolver : Resolved [org.springframework.web.servlet.resource.NoResourceFoundException: No static resource api/bookmarks/11/saved.]
2026-05-28T19:58:11.611+03:30 DEBUG 9248 --- [blogApp] [io-8080-exec-10] o.j.s.OpenEntityManagerInViewInterceptor : Closing JPA EntityManager in OpenEntityManagerInViewInterceptor
2026-05-28T19:58:11.611+03:30 DEBUG 9248 --- [blogApp] [io-8080-exec-10] o.s.web.servlet.DispatcherServlet        : Completed 404 NOT_FOUND
2026-05-28T19:58:11.612+03:30 DEBUG 9248 --- [blogApp] [nio-8080-exec-2] o.s.security.web.FilterChainProxy        : Secured GET /api/bookmarks/3/saved
2026-05-28T19:58:11.612+03:30 DEBUG 9248 --- [blogApp] [nio-8080-exec-7] o.s.security.web.FilterChainProxy        : Secured GET /api/bookmarks/1/saved
2026-05-28T19:58:11.612+03:30 DEBUG 9248 --- [blogApp] [nio-8080-exec-7] o.s.web.servlet.DispatcherServlet        : GET "/api/bookmarks/1/saved", parameters={}
2026-05-28T19:58:11.612+03:30 DEBUG 9248 --- [blogApp] [nio-8080-exec-2] o.s.web.servlet.DispatcherServlet        : GET "/api/bookmarks/3/saved", parameters={}
2026-05-28T19:58:11.613+03:30 DEBUG 9248 --- [blogApp] [io-8080-exec-10] o.s.security.web.FilterChainProxy        : Securing GET /error
2026-05-28T19:58:11.613+03:30 DEBUG 9248 --- [blogApp] [nio-8080-exec-4] o.s.security.web.FilterChainProxy        : Securing GET /api/bookmarks/6/saved
2026-05-28T19:58:11.613+03:30 DEBUG 9248 --- [blogApp] [nio-8080-exec-6] o.s.security.web.FilterChainProxy        : Securing GET /api/bookmarks/4/saved
2026-05-28T19:58:11.613+03:30 DEBUG 9248 --- [blogApp] [io-8080-exec-10] o.s.s.w.a.AnonymousAuthenticationFilter  : Set SecurityContextHolder to anonymous SecurityContext
2026-05-28T19:58:11.613+03:30 DEBUG 9248 --- [blogApp] [nio-8080-exec-2] o.s.w.s.handler.SimpleUrlHandlerMapping  : Mapped to ResourceHttpRequestHandler [classpath [META-INF/resources/], classpath [resources/], classpath [static/], classpath [public/], ServletContext [/]]
2026-05-28T19:58:11.613+03:30 DEBUG 9248 --- [blogApp] [io-8080-exec-10] o.s.s.w.a.Http403ForbiddenEntryPoint     : Pre-authenticated entry point called. Rejecting access
2026-05-28T19:58:11.613+03:30 DEBUG 9248 --- [blogApp] [nio-8080-exec-2] o.j.s.OpenEntityManagerInViewInterceptor : Opening JPA EntityManager in OpenEntityManagerInViewInterceptor
2026-05-28T19:58:11.613+03:30 DEBUG 9248 --- [blogApp] [nio-8080-exec-7] o.s.w.s.handler.SimpleUrlHandlerMapping  : Mapped to ResourceHttpRequestHandler [classpath [META-INF/resources/], classpath [resources/], classpath [static/], classpath [public/], ServletContext [/]]
2026-05-28T19:58:11.614+03:30 DEBUG 9248 --- [blogApp] [nio-8080-exec-7] o.j.s.OpenEntityManagerInViewInterceptor : Opening JPA EntityManager in OpenEntityManagerInViewInterceptor
2026-05-28T19:58:11.615+03:30 DEBUG 9248 --- [blogApp] [nio-8080-exec-6] tor$SharedEntityManagerInvocationHandler : Creating new EntityManager for shared EntityManager invocation
2026-05-28T19:58:11.616+03:30 DEBUG 9248 --- [blogApp] [nio-8080-exec-2] o.s.w.s.r.ResourceHttpRequestHandler     : Resource not found
2026-05-28T19:58:11.616+03:30 DEBUG 9248 --- [blogApp] [nio-8080-exec-7] o.s.w.s.r.ResourceHttpRequestHandler     : Resource not found
2026-05-28T19:58:11.616+03:30 DEBUG 9248 --- [blogApp] [nio-8080-exec-2] .w.s.m.s.DefaultHandlerExceptionResolver : Resolved [org.springframework.web.servlet.resource.NoResourceFoundException: No static resource api/bookmarks/3/saved.]
2026-05-28T19:58:11.616+03:30 DEBUG 9248 --- [blogApp] [nio-8080-exec-7] .w.s.m.s.DefaultHandlerExceptionResolver : Resolved [org.springframework.web.servlet.resource.NoResourceFoundException: No static resource api/bookmarks/1/saved.]
2026-05-28T19:58:11.616+03:30 DEBUG 9248 --- [blogApp] [nio-8080-exec-2] o.j.s.OpenEntityManagerInViewInterceptor : Closing JPA EntityManager in OpenEntityManagerInViewInterceptor
2026-05-28T19:58:11.616+03:30 DEBUG 9248 --- [blogApp] [nio-8080-exec-7] o.j.s.OpenEntityManagerInViewInterceptor : Closing JPA EntityManager in OpenEntityManagerInViewInterceptor
2026-05-28T19:58:11.616+03:30 DEBUG 9248 --- [blogApp] [nio-8080-exec-2] o.s.web.servlet.DispatcherServlet        : Completed 404 NOT_FOUND
2026-05-28T19:58:11.616+03:30 DEBUG 9248 --- [blogApp] [nio-8080-exec-7] o.s.web.servlet.DispatcherServlet        : Completed 404 NOT_FOUND
2026-05-28T19:58:11.619+03:30 DEBUG 9248 --- [blogApp] [nio-8080-exec-2] o.s.security.web.FilterChainProxy        : Securing GET /error
2026-05-28T19:58:11.619+03:30 DEBUG 9248 --- [blogApp] [nio-8080-exec-7] o.s.security.web.FilterChainProxy        : Securing GET /error
2026-05-28T19:58:11.619+03:30 DEBUG 9248 --- [blogApp] [nio-8080-exec-2] o.s.s.w.a.AnonymousAuthenticationFilter  : Set SecurityContextHolder to anonymous SecurityContext
2026-05-28T19:58:11.619+03:30 DEBUG 9248 --- [blogApp] [nio-8080-exec-7] o.s.s.w.a.AnonymousAuthenticationFilter  : Set SecurityContextHolder to anonymous SecurityContext
2026-05-28T19:58:11.619+03:30 DEBUG 9248 --- [blogApp] [nio-8080-exec-7] o.s.s.w.a.Http403ForbiddenEntryPoint     : Pre-authenticated entry point called. Rejecting access
2026-05-28T19:58:11.619+03:30 DEBUG 9248 --- [blogApp] [nio-8080-exec-2] o.s.s.w.a.Http403ForbiddenEntryPoint     : Pre-authenticated entry point called. Rejecting access
2026-05-28T19:58:11.620+03:30 DEBUG 9248 --- [blogApp] [nio-8080-exec-4] tor$SharedEntityManagerInvocationHandler : Creating new EntityManager for shared EntityManager invocation
2026-05-28T19:58:11.621+03:30 DEBUG 9248 --- [blogApp] [nio-8080-exec-6] org.hibernate.SQL                        : select ue1_0.id,ue1_0.bio,ue1_0.created_at,ue1_0.email,ue1_0.enabled,ue1_0.password,ue1_0.profile_picture,ue1_0.updated_at,ue1_0.user_name from users ue1_0 where ue1_0.user_name=?
Hibernate: select ue1_0.id,ue1_0.bio,ue1_0.created_at,ue1_0.email,ue1_0.enabled,ue1_0.password,ue1_0.profile_picture,ue1_0.updated_at,ue1_0.user_name from users ue1_0 where ue1_0.user_name=?
2026-05-28T19:58:11.621+03:30 DEBUG 9248 --- [blogApp] [nio-8080-exec-3] o.s.security.web.FilterChainProxy        : Securing GET /api/bookmarks/10/saved
2026-05-28T19:58:11.622+03:30 DEBUG 9248 --- [blogApp] [nio-8080-exec-4] org.hibernate.SQL                        : select ue1_0.id,ue1_0.bio,ue1_0.created_at,ue1_0.email,ue1_0.enabled,ue1_0.password,ue1_0.profile_picture,ue1_0.updated_at,ue1_0.user_name from users ue1_0 where ue1_0.user_name=?
Hibernate: select ue1_0.id,ue1_0.bio,ue1_0.created_at,ue1_0.email,ue1_0.enabled,ue1_0.password,ue1_0.profile_picture,ue1_0.updated_at,ue1_0.user_name from users ue1_0 where ue1_0.user_name=?
2026-05-28T19:58:11.623+03:30 DEBUG 9248 --- [blogApp] [nio-8080-exec-6] org.hibernate.SQL                        : select r1_0.user_id,r1_0.role from user_roles r1_0 where r1_0.user_id=?
Hibernate: select r1_0.user_id,r1_0.role from user_roles r1_0 where r1_0.user_id=?
2026-05-28T19:58:11.624+03:30 DEBUG 9248 --- [blogApp] [nio-8080-exec-4] org.hibernate.SQL                        : select r1_0.user_id,r1_0.role from user_roles r1_0 where r1_0.user_id=?
2026-05-28T19:58:11.624+03:30 DEBUG 9248 --- [blogApp] [nio-8080-exec-3] tor$SharedEntityManagerInvocationHandler : Creating new EntityManager for shared EntityManager invocation
Hibernate: select r1_0.user_id,r1_0.role from user_roles r1_0 where r1_0.user_id=?
2026-05-28T19:58:11.626+03:30 DEBUG 9248 --- [blogApp] [nio-8080-exec-3] org.hibernate.SQL                        : select ue1_0.id,ue1_0.bio,ue1_0.created_at,ue1_0.email,ue1_0.enabled,ue1_0.password,ue1_0.profile_picture,ue1_0.updated_at,ue1_0.user_name from users ue1_0 where ue1_0.user_name=?
Hibernate: select ue1_0.id,ue1_0.bio,ue1_0.created_at,ue1_0.email,ue1_0.enabled,ue1_0.password,ue1_0.profile_picture,ue1_0.updated_at,ue1_0.user_name from users ue1_0 where ue1_0.user_name=?
2026-05-28T19:58:11.626+03:30 DEBUG 9248 --- [blogApp] [nio-8080-exec-9] o.s.security.web.FilterChainProxy        : Securing GET /api/bookmarks/12/saved
2026-05-28T19:58:11.627+03:30 DEBUG 9248 --- [blogApp] [nio-8080-exec-4] o.s.security.web.FilterChainProxy        : Secured GET /api/bookmarks/6/saved
2026-05-28T19:58:11.627+03:30 DEBUG 9248 --- [blogApp] [nio-8080-exec-6] o.s.security.web.FilterChainProxy        : Secured GET /api/bookmarks/4/saved
2026-05-28T19:58:11.627+03:30 DEBUG 9248 --- [blogApp] [nio-8080-exec-4] o.s.web.servlet.DispatcherServlet        : GET "/api/bookmarks/6/saved", parameters={}
2026-05-28T19:58:11.627+03:30 DEBUG 9248 --- [blogApp] [nio-8080-exec-6] o.s.web.servlet.DispatcherServlet        : GET "/api/bookmarks/4/saved", parameters={}
2026-05-28T19:58:11.627+03:30 DEBUG 9248 --- [blogApp] [nio-8080-exec-3] org.hibernate.SQL                        : select r1_0.user_id,r1_0.role from user_roles r1_0 where r1_0.user_id=?
Hibernate: select r1_0.user_id,r1_0.role from user_roles r1_0 where r1_0.user_id=?
2026-05-28T19:58:11.627+03:30 DEBUG 9248 --- [blogApp] [nio-8080-exec-4] o.s.w.s.handler.SimpleUrlHandlerMapping  : Mapped to ResourceHttpRequestHandler [classpath [META-INF/resources/], classpath [resources/], classpath [static/], classpath [public/], ServletContext [/]]
2026-05-28T19:58:11.627+03:30 DEBUG 9248 --- [blogApp] [nio-8080-exec-9] tor$SharedEntityManagerInvocationHandler : Creating new EntityManager for shared EntityManager invocation
2026-05-28T19:58:11.627+03:30 DEBUG 9248 --- [blogApp] [nio-8080-exec-6] o.s.w.s.handler.SimpleUrlHandlerMapping  : Mapped to ResourceHttpRequestHandler [classpath [META-INF/resources/], classpath [resources/], classpath [static/], classpath [public/], ServletContext [/]]
2026-05-28T19:58:11.628+03:30 DEBUG 9248 --- [blogApp] [nio-8080-exec-4] o.j.s.OpenEntityManagerInViewInterceptor : Opening JPA EntityManager in OpenEntityManagerInViewInterceptor
2026-05-28T19:58:11.628+03:30 DEBUG 9248 --- [blogApp] [nio-8080-exec-6] o.j.s.OpenEntityManagerInViewInterceptor : Opening JPA EntityManager in OpenEntityManagerInViewInterceptor
2026-05-28T19:58:11.629+03:30 DEBUG 9248 --- [blogApp] [nio-8080-exec-6] o.s.w.s.r.ResourceHttpRequestHandler     : Resource not found
2026-05-28T19:58:11.629+03:30 DEBUG 9248 --- [blogApp] [nio-8080-exec-4] o.s.w.s.r.ResourceHttpRequestHandler     : Resource not found
2026-05-28T19:58:11.630+03:30 DEBUG 9248 --- [blogApp] [nio-8080-exec-9] org.hibernate.SQL                        : select ue1_0.id,ue1_0.bio,ue1_0.created_at,ue1_0.email,ue1_0.enabled,ue1_0.password,ue1_0.profile_picture,ue1_0.updated_at,ue1_0.user_name from users ue1_0 where ue1_0.user_name=?
Hibernate: select ue1_0.id,ue1_0.bio,ue1_0.created_at,ue1_0.email,ue1_0.enabled,ue1_0.password,ue1_0.profile_picture,ue1_0.updated_at,ue1_0.user_name from users ue1_0 where ue1_0.user_name=?
2026-05-28T19:58:11.630+03:30 DEBUG 9248 --- [blogApp] [nio-8080-exec-4] .w.s.m.s.DefaultHandlerExceptionResolver : Resolved [org.springframework.web.servlet.resource.NoResourceFoundException: No static resource api/bookmarks/6/saved.]
2026-05-28T19:58:11.631+03:30 DEBUG 9248 --- [blogApp] [nio-8080-exec-4] o.j.s.OpenEntityManagerInViewInterceptor : Closing JPA EntityManager in OpenEntityManagerInViewInterceptor
2026-05-28T19:58:11.630+03:30 DEBUG 9248 --- [blogApp] [nio-8080-exec-6] .w.s.m.s.DefaultHandlerExceptionResolver : Resolved [org.springframework.web.servlet.resource.NoResourceFoundException: No static resource api/bookmarks/4/saved.]
2026-05-28T19:58:11.631+03:30 DEBUG 9248 --- [blogApp] [nio-8080-exec-4] o.s.web.servlet.DispatcherServlet        : Completed 404 NOT_FOUND
2026-05-28T19:58:11.631+03:30 DEBUG 9248 --- [blogApp] [nio-8080-exec-3] o.s.security.web.FilterChainProxy        : Secured GET /api/bookmarks/10/saved
2026-05-28T19:58:11.631+03:30 DEBUG 9248 --- [blogApp] [nio-8080-exec-6] o.j.s.OpenEntityManagerInViewInterceptor : Closing JPA EntityManager in OpenEntityManagerInViewInterceptor
2026-05-28T19:58:11.631+03:30 DEBUG 9248 --- [blogApp] [nio-8080-exec-3] o.s.web.servlet.DispatcherServlet        : GET "/api/bookmarks/10/saved", parameters={}
2026-05-28T19:58:11.631+03:30 DEBUG 9248 --- [blogApp] [nio-8080-exec-6] o.s.web.servlet.DispatcherServlet        : Completed 404 NOT_FOUND
2026-05-28T19:58:11.631+03:30 DEBUG 9248 --- [blogApp] [nio-8080-exec-5] o.s.security.web.FilterChainProxy        : Securing GET /api/bookmarks/11/saved
2026-05-28T19:58:11.632+03:30 DEBUG 9248 --- [blogApp] [nio-8080-exec-3] o.s.w.s.handler.SimpleUrlHandlerMapping  : Mapped to ResourceHttpRequestHandler [classpath [META-INF/resources/], classpath [resources/], classpath [static/], classpath [public/], ServletContext [/]]
2026-05-28T19:58:11.632+03:30 DEBUG 9248 --- [blogApp] [nio-8080-exec-4] o.s.security.web.FilterChainProxy        : Securing GET /error
2026-05-28T19:58:11.632+03:30 DEBUG 9248 --- [blogApp] [nio-8080-exec-6] o.s.security.web.FilterChainProxy        : Securing GET /error
2026-05-28T19:58:11.632+03:30 DEBUG 9248 --- [blogApp] [nio-8080-exec-3] o.j.s.OpenEntityManagerInViewInterceptor : Opening JPA EntityManager in OpenEntityManagerInViewInterceptor
2026-05-28T19:58:11.632+03:30 DEBUG 9248 --- [blogApp] [nio-8080-exec-4] o.s.s.w.a.AnonymousAuthenticationFilter  : Set SecurityContextHolder to anonymous SecurityContext
2026-05-28T19:58:11.632+03:30 DEBUG 9248 --- [blogApp] [nio-8080-exec-6] o.s.s.w.a.AnonymousAuthenticationFilter  : Set SecurityContextHolder to anonymous SecurityContext
2026-05-28T19:58:11.632+03:30 DEBUG 9248 --- [blogApp] [nio-8080-exec-6] o.s.s.w.a.Http403ForbiddenEntryPoint     : Pre-authenticated entry point called. Rejecting access
2026-05-28T19:58:11.633+03:30 DEBUG 9248 --- [blogApp] [nio-8080-exec-4] o.s.s.w.a.Http403ForbiddenEntryPoint     : Pre-authenticated entry point called. Rejecting access
2026-05-28T19:58:11.633+03:30 DEBUG 9248 --- [blogApp] [nio-8080-exec-5] tor$SharedEntityManagerInvocationHandler : Creating new EntityManager for shared EntityManager invocation
2026-05-28T19:58:11.633+03:30 DEBUG 9248 --- [blogApp] [nio-8080-exec-3] o.s.w.s.r.ResourceHttpRequestHandler     : Resource not found
2026-05-28T19:58:11.633+03:30 DEBUG 9248 --- [blogApp] [nio-8080-exec-3] .w.s.m.s.DefaultHandlerExceptionResolver : Resolved [org.springframework.web.servlet.resource.NoResourceFoundException: No static resource api/bookmarks/10/saved.]
2026-05-28T19:58:11.633+03:30 DEBUG 9248 --- [blogApp] [nio-8080-exec-3] o.j.s.OpenEntityManagerInViewInterceptor : Closing JPA EntityManager in OpenEntityManagerInViewInterceptor
2026-05-28T19:58:11.633+03:30 DEBUG 9248 --- [blogApp] [nio-8080-exec-9] org.hibernate.SQL                        : select r1_0.user_id,r1_0.role from user_roles r1_0 where r1_0.user_id=?
Hibernate: select r1_0.user_id,r1_0.role from user_roles r1_0 where r1_0.user_id=?
2026-05-28T19:58:11.634+03:30 DEBUG 9248 --- [blogApp] [nio-8080-exec-3] o.s.web.servlet.DispatcherServlet        : Completed 404 NOT_FOUND
2026-05-28T19:58:11.634+03:30 DEBUG 9248 --- [blogApp] [nio-8080-exec-3] o.s.security.web.FilterChainProxy        : Securing GET /error
2026-05-28T19:58:11.635+03:30 DEBUG 9248 --- [blogApp] [nio-8080-exec-3] o.s.s.w.a.AnonymousAuthenticationFilter  : Set SecurityContextHolder to anonymous SecurityContext
2026-05-28T19:58:11.635+03:30 DEBUG 9248 --- [blogApp] [nio-8080-exec-3] o.s.s.w.a.Http403ForbiddenEntryPoint     : Pre-authenticated entry point called. Rejecting access
2026-05-28T19:58:11.637+03:30 DEBUG 9248 --- [blogApp] [nio-8080-exec-5] org.hibernate.SQL                        : select ue1_0.id,ue1_0.bio,ue1_0.created_at,ue1_0.email,ue1_0.enabled,ue1_0.password,ue1_0.profile_picture,ue1_0.updated_at,ue1_0.user_name from users ue1_0 where ue1_0.user_name=?
Hibernate: select ue1_0.id,ue1_0.bio,ue1_0.created_at,ue1_0.email,ue1_0.enabled,ue1_0.password,ue1_0.profile_picture,ue1_0.updated_at,ue1_0.user_name from users ue1_0 where ue1_0.user_name=?
2026-05-28T19:58:11.640+03:30 DEBUG 9248 --- [blogApp] [nio-8080-exec-9] o.s.security.web.FilterChainProxy        : Secured GET /api/bookmarks/12/saved
2026-05-28T19:58:11.640+03:30 DEBUG 9248 --- [blogApp] [nio-8080-exec-9] o.s.web.servlet.DispatcherServlet        : GET "/api/bookmarks/12/saved", parameters={}
2026-05-28T19:58:11.641+03:30 DEBUG 9248 --- [blogApp] [nio-8080-exec-5] org.hibernate.SQL                        : select r1_0.user_id,r1_0.role from user_roles r1_0 where r1_0.user_id=?
Hibernate: select r1_0.user_id,r1_0.role from user_roles r1_0 where r1_0.user_id=?
2026-05-28T19:58:11.641+03:30 DEBUG 9248 --- [blogApp] [nio-8080-exec-9] o.s.w.s.handler.SimpleUrlHandlerMapping  : Mapped to ResourceHttpRequestHandler [classpath [META-INF/resources/], classpath [resources/], classpath [static/], classpath [public/], ServletContext [/]]
2026-05-28T19:58:11.642+03:30 DEBUG 9248 --- [blogApp] [nio-8080-exec-9] o.j.s.OpenEntityManagerInViewInterceptor : Opening JPA EntityManager in OpenEntityManagerInViewInterceptor
2026-05-28T19:58:11.643+03:30 DEBUG 9248 --- [blogApp] [nio-8080-exec-9] o.s.w.s.r.ResourceHttpRequestHandler     : Resource not found
2026-05-28T19:58:11.644+03:30 DEBUG 9248 --- [blogApp] [nio-8080-exec-9] .w.s.m.s.DefaultHandlerExceptionResolver : Resolved [org.springframework.web.servlet.resource.NoResourceFoundException: No static resource api/bookmarks/12/saved.]
2026-05-28T19:58:11.644+03:30 DEBUG 9248 --- [blogApp] [nio-8080-exec-9] o.j.s.OpenEntityManagerInViewInterceptor : Closing JPA EntityManager in OpenEntityManagerInViewInterceptor
2026-05-28T19:58:11.644+03:30 DEBUG 9248 --- [blogApp] [nio-8080-exec-9] o.s.web.servlet.DispatcherServlet        : Completed 404 NOT_FOUND
2026-05-28T19:58:11.645+03:30 DEBUG 9248 --- [blogApp] [nio-8080-exec-9] o.s.security.web.FilterChainProxy        : Securing GET /error
2026-05-28T19:58:11.645+03:30 DEBUG 9248 --- [blogApp] [nio-8080-exec-5] o.s.security.web.FilterChainProxy        : Secured GET /api/bookmarks/11/saved
2026-05-28T19:58:11.645+03:30 DEBUG 9248 --- [blogApp] [nio-8080-exec-9] o.s.s.w.a.AnonymousAuthenticationFilter  : Set SecurityContextHolder to anonymous SecurityContext
2026-05-28T19:58:11.645+03:30 DEBUG 9248 --- [blogApp] [nio-8080-exec-5] o.s.web.servlet.DispatcherServlet        : GET "/api/bookmarks/11/saved", parameters={}
2026-05-28T19:58:11.646+03:30 DEBUG 9248 --- [blogApp] [nio-8080-exec-9] o.s.s.w.a.Http403ForbiddenEntryPoint     : Pre-authenticated entry point called. Rejecting access
2026-05-28T19:58:11.647+03:30 DEBUG 9248 --- [blogApp] [nio-8080-exec-5] o.s.w.s.handler.SimpleUrlHandlerMapping  : Mapped to ResourceHttpRequestHandler [classpath [META-INF/resources/], classpath [resources/], classpath [static/], classpath [public/], ServletContext [/]]
2026-05-28T19:58:11.647+03:30 DEBUG 9248 --- [blogApp] [nio-8080-exec-5] o.j.s.OpenEntityManagerInViewInterceptor : Opening JPA EntityManager in OpenEntityManagerInViewInterceptor
2026-05-28T19:58:11.649+03:30 DEBUG 9248 --- [blogApp] [nio-8080-exec-5] o.s.w.s.r.ResourceHttpRequestHandler     : Resource not found
2026-05-28T19:58:11.649+03:30 DEBUG 9248 --- [blogApp] [nio-8080-exec-5] .w.s.m.s.DefaultHandlerExceptionResolver : Resolved [org.springframework.web.servlet.resource.NoResourceFoundException: No static resource api/bookmarks/11/saved.]
2026-05-28T19:58:11.650+03:30 DEBUG 9248 --- [blogApp] [nio-8080-exec-5] o.j.s.OpenEntityManagerInViewInterceptor : Closing JPA EntityManager in OpenEntityManagerInViewInterceptor
2026-05-28T19:58:11.650+03:30 DEBUG 9248 --- [blogApp] [nio-8080-exec-5] o.s.web.servlet.DispatcherServlet        : Completed 404 NOT_FOUND
2026-05-28T19:58:11.651+03:30 DEBUG 9248 --- [blogApp] [nio-8080-exec-5] o.s.security.web.FilterChainProxy        : Securing GET /error
2026-05-28T19:58:11.651+03:30 DEBUG 9248 --- [blogApp] [nio-8080-exec-5] o.s.s.w.a.AnonymousAuthenticationFilter  : Set SecurityContextHolder to anonymous SecurityContext
2026-05-28T19:58:11.651+03:30 DEBUG 9248 --- [blogApp] [nio-8080-exec-5] o.s.s.w.a.Http403ForbiddenEntryPoint     : Pre-authenticated entry point called. Rejecting access
